instance,aliases,baseline,status,seconds,total_cost,mu_max,mu_list,nprocs,hw_cost,dev_cost,promotion_cost,partition_total,pattern_cost,power,patterns,verify_ok,fix_ok,period_ub,step1_status,step1_seconds,step1_total_cost,step1_verify_ok,mu_solver,pin_status,pin_seconds,pin_ok
p_rasta,,joint,OPTIMAL,5.375,3330,1012,[1012],2,320,2974,0,30,6,360,frontEnd=high_sil_isolated_checker;rasta=none;powspec=none;audspec=none;compJah=high_sil_isolated_checker;rastaFilter=none;backEnd=low_sil_doer_checker,True,,,,,,,4655,OPTIMAL,0.523,True
p_rasta,,PFmin,OPTIMAL,3.725,3330,1012,[1012],2,320,2974,0,30,6,360,frontEnd=two_of_two_high_sil;rasta=none;powspec=none;audspec=none;compJah=two_of_two_high_sil;rastaFilter=none;backEnd=low_sil_doer_checker,True,True,,,,,,4655,OPTIMAL,0.52,True
p_rasta,,PFmax,OPTIMAL,3.213,3330,1012,[1012],2,320,2974,0,30,6,360,frontEnd=two_of_two_high_sil;rasta=none;powspec=none;audspec=none;compJah=two_of_two_high_sil;rastaFilter=none;backEnd=low_sil_diverse_doer_checker,True,True,,,,,,4655,OPTIMAL,0.518,True
p_rasta,,NP,OPTIMAL,4.707,3330,1012,[1012],2,320,2974,0,30,6,360,frontEnd=high_sil_isolated_checker;rasta=none;powspec=none;audspec=none;compJah=high_sil_isolated_checker;rastaFilter=none;backEnd=low_sil_doer_checker,True,,,,,,,4655,OPTIMAL,0.542,True
f_random_hw,p_rasta_noiso,joint,OPTIMAL,7.899,3349,1079,[1079],5,369,2974,0,0,6,480,frontEnd=high_sil_isolated_checker;rasta=none;powspec=none;audspec=none;compJah=high_sil_isolated_checker;rastaFilter=none;backEnd=low_sil_doer_checker,True,,,,,,,4655,OPTIMAL,0.529,True
f_random_hw,p_rasta_noiso,PFmin,OPTIMAL,4.352,3349,1079,[1079],5,369,2974,0,0,6,480,frontEnd=two_of_two_high_sil;rasta=none;powspec=none;audspec=none;compJah=two_of_two_high_sil;rastaFilter=none;backEnd=low_sil_doer_checker,True,True,,,,,,4655,OPTIMAL,0.514,True
f_random_hw,p_rasta_noiso,PFmax,OPTIMAL,4.396,3374,1079,[1079],5,394,2974,0,0,6,480,frontEnd=two_of_two_high_sil;rasta=none;powspec=none;audspec=none;compJah=two_of_two_high_sil;rastaFilter=none;backEnd=low_sil_diverse_doer_checker,True,True,,,,,,4655,OPTIMAL,0.521,True
f_random_hw,p_rasta_noiso,NP,OPTIMAL,5.721,3349,1079,[1079],5,369,2974,0,0,6,480,frontEnd=high_sil_isolated_checker;rasta=none;powspec=none;audspec=none;compJah=high_sil_isolated_checker;rastaFilter=none;backEnd=low_sil_doer_checker,True,,,,,,,4655,OPTIMAL,0.516,True
d_random_hw,,joint,OPTIMAL,5.735,1857,1751,[1751],3,49,1802,0,0,6,120,frontEnd=low_sil_doer_checker;rasta=none;powspec=none;audspec=none;compJah=low_sil_doer_checker;rastaFilter=none;backEnd=low_sil_doer_checker,True,,,,,,,3012,OPTIMAL,0.436,True
d_random_hw,,PFmin,OPTIMAL,3.084,1857,1702,[1702],3,49,1802,0,0,6,120,frontEnd=low_sil_doer_checker;rasta=none;powspec=none;audspec=none;compJah=low_sil_doer_checker;rastaFilter=none;backEnd=low_sil_doer_checker,True,True,,,,,,3012,OPTIMAL,0.46,True
d_random_hw,,PFmax,OPTIMAL,3.023,1882,1751,[1751],3,74,1802,0,0,6,120,frontEnd=low_sil_diverse_doer_checker;rasta=none;powspec=none;audspec=none;compJah=low_sil_diverse_doer_checker;rastaFilter=none;backEnd=low_sil_diverse_doer_checker,True,True,,,,,,3012,OPTIMAL,0.438,True
d_random_hw,,NP,OPTIMAL,3.606,1857,1766,[1766],3,49,1802,0,0,6,120,frontEnd=low_sil_doer_checker;rasta=none;powspec=none;audspec=none;compJah=low_sil_doer_checker;rastaFilter=none;backEnd=low_sil_doer_checker,True,,,,,,,3012,OPTIMAL,0.453,True
f_sw3,,joint,OPTIMAL,5.198,3365,1079,[1079],4,386,2974,0,0,5,410,frontEnd=two_of_two_high_sil;rasta=none;powspec=none;audspec=none;compJah=two_of_two_high_sil;rastaFilter=none;backEnd=same_cpu_doer_checker,True,,,,,,,2750,OPTIMAL,0.449,True
f_sw3,,PFmin,OPTIMAL,3.085,3365,1105,[1105],4,386,2974,0,0,5,410,frontEnd=two_of_two_high_sil;rasta=none;powspec=none;audspec=none;compJah=two_of_two_high_sil;rastaFilter=none;backEnd=same_cpu_doer_checker,True,True,,,,,,2750,OPTIMAL,0.471,True
f_sw3,,PFmax,OPTIMAL,3.26,3406,1267,[1267],5,426,2974,0,0,6,590,frontEnd=two_of_two_high_sil;rasta=none;powspec=none;audspec=none;compJah=two_of_two_high_sil;rastaFilter=none;backEnd=low_sil_diverse_doer_checker,True,True,,,,,,2750,OPTIMAL,0.453,True
f_sw3,,NP,OPTIMAL,2.458,3365,1126,[1126],4,386,2974,0,0,5,410,frontEnd=two_of_two_high_sil;rasta=none;powspec=none;audspec=none;compJah=two_of_two_high_sil;rastaFilter=none;backEnd=same_cpu_doer_checker,True,,,,,,,2750,OPTIMAL,0.465,True
f_both3,,joint,OPTIMAL,3.346,3406,1130,[1130],5,426,2974,0,0,6,505,frontEnd=two_of_two_high_sil;rasta=none;powspec=none;audspec=none;compJah=two_of_two_high_sil;rastaFilter=none;backEnd=low_sil_diverse_doer_checker,True,,,,,,,2750,OPTIMAL,0.465,True
f_both3,,PFmin,OPTIMAL,3.052,3406,1267,[1267],5,426,2974,0,0,6,590,frontEnd=two_of_two_high_sil;rasta=none;powspec=none;audspec=none;compJah=two_of_two_high_sil;rastaFilter=none;backEnd=low_sil_diverse_doer_checker,True,True,,,,,,2750,OPTIMAL,0.501,True
f_both3,,PFmax,OPTIMAL,3.214,3406,1267,[1267],5,426,2974,0,0,6,590,frontEnd=two_of_two_high_sil;rasta=none;powspec=none;audspec=none;compJah=two_of_two_high_sil;rastaFilter=none;backEnd=low_sil_diverse_doer_checker,True,True,,,,,,2750,OPTIMAL,0.454,True
f_both3,,NP,OPTIMAL,2.9,3406,1079,[1079],5,426,2974,0,0,6,590,frontEnd=two_of_two_high_sil;rasta=none;powspec=none;audspec=none;compJah=two_of_two_high_sil;rastaFilter=none;backEnd=low_sil_diverse_doer_checker,True,,,,,,,2750,OPTIMAL,0.467,True
c_pat,,joint,OPTIMAL,13.896,3349,1330,[1330],5,369,2974,0,0,6,480,frontEnd=two_of_two_high_sil;rasta=none;powspec=none;audspec=none;compJah=two_of_two_high_sil;rastaFilter=none;backEnd=low_sil_doer_checker,True,,,,,,,2608,OPTIMAL,1.116,True
c_pat,,PFmin,OPTIMAL,9.127,3349,1137,[1137],5,369,2974,0,0,6,480,frontEnd=two_of_two_high_sil;rasta=none;powspec=none;audspec=none;compJah=two_of_two_high_sil;rastaFilter=none;backEnd=low_sil_doer_checker,True,True,,,,,,1162,OPTIMAL,1.125,True
c_pat,,PFmax,OPTIMAL,9.211,3374,1154,[1154],5,394,2974,0,0,6,480,frontEnd=two_of_two_high_sil;rasta=none;powspec=none;audspec=none;compJah=two_of_two_high_sil;rastaFilter=none;backEnd=low_sil_diverse_doer_checker,True,True,,,,,,1154,OPTIMAL,1.094,True
c_pat,,NP,OPTIMAL,11.039,3349,1228,[1228],5,369,2974,0,0,6,480,frontEnd=two_of_two_high_sil;rasta=none;powspec=none;audspec=none;compJah=high_sil_isolated_checker;rastaFilter=none;backEnd=low_sil_doer_checker,True,,,,,,,4655,OPTIMAL,1.138,True
pc_sobel,,joint,OPTIMAL,2.839,1401,480,[480],3,24,1375,0,0,2,142,get_pixel=high_sil_isolated_checker;gx=none;gy=none;abs=none,True,,100000,,,,,480,OPTIMAL,0.797,True
pc_sobel,,PFmin,OPTIMAL,2.006,1401,768,[768],3,24,1375,0,0,2,153,get_pixel=two_of_two_high_sil;gx=none;gy=none;abs=none,True,True,100000,,,,,768,OPTIMAL,0.773,True
pc_sobel,,PFmax,OPTIMAL,1.867,1401,768,[768],3,24,1375,0,0,2,153,get_pixel=two_of_two_high_sil;gx=none;gy=none;abs=none,True,True,100000,,,,,768,OPTIMAL,0.806,True
pc_sobel,,NP,OPTIMAL,2.007,1401,480,[480],3,24,1375,0,0,2,142,get_pixel=high_sil_isolated_checker;gx=none;gy=none;abs=none,True,,100000,,,,,480,OPTIMAL,0.772,True
v_nvp,,joint,OPTIMAL,4.838,5680,1185,[1185],6,624,5046,0,0,10,750,frontEnd=nvp_three_version;rasta=none;powspec=none;audspec=none;compJah=nvp_three_version;rastaFilter=none;backEnd=low_sil_diverse_doer_checker,True,,,,,,,3099,OPTIMAL,0.467,True
v_nvp,,PFmin,OPTIMAL,3.507,5680,1180,[1180],6,624,5046,0,0,10,750,frontEnd=nvp_three_version;rasta=none;powspec=none;audspec=none;compJah=nvp_three_version;rastaFilter=none;backEnd=low_sil_diverse_doer_checker,True,True,,,,,,3099,OPTIMAL,0.457,True
v_nvp,,PFmax,OPTIMAL,3.532,5680,1180,[1180],6,624,5046,0,0,10,750,frontEnd=nvp_three_version;rasta=none;powspec=none;audspec=none;compJah=nvp_three_version;rastaFilter=none;backEnd=low_sil_diverse_doer_checker,True,True,,,,,,3099,OPTIMAL,0.453,True
v_nvp,,NP,OPTIMAL,3.456,5680,1196,[1196],6,624,5046,0,0,10,580,frontEnd=nvp_three_version;rasta=none;powspec=none;audspec=none;compJah=nvp_three_version;rastaFilter=none;backEnd=low_sil_diverse_doer_checker,True,,,,,,,3099,OPTIMAL,0.454,True
d_systematic_sw,p_sw,joint,OPTIMAL,3.444,1846,1751,[1751],2,41,1802,0,0,3,80,frontEnd=same_cpu_doer_checker;rasta=none;powspec=none;audspec=none;compJah=same_cpu_doer_checker;rastaFilter=none;backEnd=same_cpu_doer_checker,True,,,,,,,2103,OPTIMAL,0.436,True
d_systematic_sw,p_sw,PFmin,OPTIMAL,2.523,1846,1766,[1766],2,41,1802,0,0,3,80,frontEnd=same_cpu_doer_checker;rasta=none;powspec=none;audspec=none;compJah=same_cpu_doer_checker;rastaFilter=none;backEnd=same_cpu_doer_checker,True,True,,,,,,2103,OPTIMAL,0.462,True
d_systematic_sw,p_sw,PFmax,OPTIMAL,3.06,2009,1626,[1626],3,201,1802,0,0,6,260,frontEnd=low_sil_diverse_doer_checker;rasta=none;powspec=none;audspec=none;compJah=low_sil_diverse_doer_checker;rastaFilter=none;backEnd=low_sil_diverse_doer_checker,True,True,,,,,,2103,OPTIMAL,0.447,True
d_systematic_sw,p_sw,NP,OPTIMAL,2.002,1846,1766,[1766],2,41,1802,0,0,3,80,frontEnd=same_cpu_doer_checker;rasta=none;powspec=none;audspec=none;compJah=same_cpu_doer_checker;rastaFilter=none;backEnd=same_cpu_doer_checker,True,,,,,,,2103,OPTIMAL,0.429,True
p_rasta,,PFlight,OPTIMAL,4.212,3330,1012,[1012],2,320,2974,0,30,6,360,frontEnd=high_sil_isolated_checker;rasta=none;powspec=none;audspec=none;compJah=high_sil_isolated_checker;rastaFilter=none;backEnd=low_sil_doer_checker,True,True,,,,,,4655,OPTIMAL,0.562,True
p_rasta,,PFcheap,OPTIMAL,4.016,3330,1012,[1012],2,320,2974,0,30,6,360,frontEnd=high_sil_isolated_checker;rasta=none;powspec=none;audspec=none;compJah=high_sil_isolated_checker;rastaFilter=none;backEnd=low_sil_doer_checker,True,True,,,,,,4655,OPTIMAL,0.544,True
f_random_hw,p_rasta_noiso,PFlight,OPTIMAL,4.806,3349,1079,[1079],5,369,2974,0,0,6,480,frontEnd=high_sil_isolated_checker;rasta=none;powspec=none;audspec=none;compJah=high_sil_isolated_checker;rastaFilter=none;backEnd=low_sil_doer_checker,True,True,,,,,,4655,OPTIMAL,0.552,True
f_random_hw,p_rasta_noiso,PFcheap,OPTIMAL,4.724,3349,1079,[1079],5,369,2974,0,0,6,480,frontEnd=high_sil_isolated_checker;rasta=none;powspec=none;audspec=none;compJah=high_sil_isolated_checker;rastaFilter=none;backEnd=low_sil_doer_checker,True,True,,,,,,4655,OPTIMAL,0.572,True
d_random_hw,,PFlight,OPTIMAL,3.521,1857,1620,[1620],3,49,1802,0,0,6,120,frontEnd=low_sil_doer_checker;rasta=none;powspec=none;audspec=none;compJah=low_sil_doer_checker;rastaFilter=none;backEnd=low_sil_doer_checker,True,True,,,,,,3012,OPTIMAL,0.472,True
d_random_hw,,PFcheap,OPTIMAL,3.431,1857,1766,[1766],3,49,1802,0,0,6,120,frontEnd=low_sil_doer_checker;rasta=none;powspec=none;audspec=none;compJah=low_sil_doer_checker;rastaFilter=none;backEnd=low_sil_doer_checker,True,True,,,,,,3012,OPTIMAL,0.468,True
d_systematic_sw,p_sw,PFlight,OPTIMAL,2.333,1846,1766,[1766],2,41,1802,0,0,3,80,frontEnd=same_cpu_doer_checker;rasta=none;powspec=none;audspec=none;compJah=same_cpu_doer_checker;rastaFilter=none;backEnd=same_cpu_doer_checker,True,True,,,,,,2103,OPTIMAL,0.473,True
d_systematic_sw,p_sw,PFcheap,OPTIMAL,2.291,1846,1833,[1833],2,41,1802,0,0,3,80,frontEnd=same_cpu_doer_checker;rasta=none;powspec=none;audspec=none;compJah=same_cpu_doer_checker;rastaFilter=none;backEnd=same_cpu_doer_checker,True,True,,,,,,2103,OPTIMAL,0.431,True
f_sw3,,PFlight,OPTIMAL,3.288,4403,1130,[1130],4,386,4010,0,0,7,325,frontEnd=mixed_sil_doer_checker;rasta=none;powspec=none;audspec=none;compJah=mixed_sil_doer_checker;rastaFilter=none;backEnd=same_cpu_doer_checker,True,True,,,,,,2750,OPTIMAL,0.486,True
f_sw3,,PFcheap,OPTIMAL,3.332,3365,1079,[1079],4,386,2974,0,0,5,410,frontEnd=two_of_two_high_sil;rasta=none;powspec=none;audspec=none;compJah=two_of_two_high_sil;rastaFilter=none;backEnd=same_cpu_doer_checker,True,True,,,,,,2750,OPTIMAL,0.468,True
f_both3,,PFlight,OPTIMAL,3.507,4444,1104,[1104],5,426,4010,0,0,8,505,frontEnd=mixed_sil_doer_checker;rasta=none;powspec=none;audspec=none;compJah=mixed_sil_doer_checker;rastaFilter=none;backEnd=low_sil_diverse_doer_checker,True,True,,,,,,2750,OPTIMAL,0.524,True
f_both3,,PFcheap,OPTIMAL,3.647,3406,1267,[1267],5,426,2974,0,0,6,590,frontEnd=two_of_two_high_sil;rasta=none;powspec=none;audspec=none;compJah=two_of_two_high_sil;rastaFilter=none;backEnd=low_sil_diverse_doer_checker,True,True,,,,,,2750,OPTIMAL,0.494,True
c_pat,,PFlight,OPTIMAL,10.497,3349,1188,[1188],5,369,2974,0,0,6,395,frontEnd=high_sil_isolated_checker;rasta=none;powspec=none;audspec=none;compJah=high_sil_isolated_checker;rastaFilter=none;backEnd=low_sil_doer_checker,True,True,,,,,,1274,OPTIMAL,1.659,True
c_pat,,PFcheap,OPTIMAL,10.707,3349,1239,[1239],5,369,2974,0,0,6,480,frontEnd=high_sil_isolated_checker;rasta=none;powspec=none;audspec=none;compJah=high_sil_isolated_checker;rastaFilter=none;backEnd=low_sil_doer_checker,True,True,,,,,,1239,OPTIMAL,1.217,True
pc_sobel,,PFlight,OPTIMAL,2.194,1401,499,[499],3,24,1375,0,0,2,153,get_pixel=high_sil_isolated_checker;gx=none;gy=none;abs=none,True,True,100000,,,,,499,OPTIMAL,0.858,True
pc_sobel,,PFcheap,OPTIMAL,2.166,1401,480,[480],3,24,1375,0,0,2,142,get_pixel=high_sil_isolated_checker;gx=none;gy=none;abs=none,True,True,100000,,,,,480,OPTIMAL,0.874,True
v_nvp,,PFlight,OPTIMAL,4.086,5680,1172,[1172],6,624,5046,0,0,10,750,frontEnd=nvp_three_version;rasta=none;powspec=none;audspec=none;compJah=nvp_three_version;rastaFilter=none;backEnd=low_sil_diverse_doer_checker,True,True,,,,,,3099,OPTIMAL,0.511,True
v_nvp,,PFcheap,OPTIMAL,4.3,5680,1185,[1185],6,624,5046,0,0,10,750,frontEnd=nvp_three_version;rasta=none;powspec=none;audspec=none;compJah=nvp_three_version;rastaFilter=none;backEnd=low_sil_diverse_doer_checker,True,True,,,,,,3099,OPTIMAL,0.49,True
p_rasta,,SL,OPTIMAL,5.792,3330,1012,[1012],2,320,2974,0,30,6,360,frontEnd=high_sil_isolated_checker;rasta=none;powspec=none;audspec=none;compJah=two_of_two_high_sil;rastaFilter=none;backEnd=low_sil_diverse_doer_checker,True,True,,OPTIMAL,2.485,1888,True,4655,OPTIMAL,0.563,True
f_random_hw,p_rasta_noiso,SL,OPTIMAL,6.582,3349,1221,[1221],5,369,2974,0,0,6,480,frontEnd=two_of_two_high_sil;rasta=none;powspec=none;audspec=none;compJah=two_of_two_high_sil;rastaFilter=none;backEnd=low_sil_doer_checker,True,True,,OPTIMAL,2.627,1914,True,4655,OPTIMAL,0.591,True
d_random_hw,,SL,OPTIMAL,5.503,1857,1833,[1833],3,49,1802,0,0,6,120,frontEnd=low_sil_doer_checker;rasta=none;powspec=none;audspec=none;compJah=low_sil_doer_checker;rastaFilter=none;backEnd=low_sil_doer_checker,True,True,,OPTIMAL,2.625,1168,True,3012,OPTIMAL,0.441,True
d_systematic_sw,p_sw,SL,OPTIMAL,3.411,1846,1833,[1833],2,41,1802,0,0,3,80,frontEnd=same_cpu_doer_checker;rasta=none;powspec=none;audspec=none;compJah=same_cpu_doer_checker;rastaFilter=none;backEnd=same_cpu_doer_checker,True,True,,OPTIMAL,2.561,1168,True,2103,OPTIMAL,0.424,True
f_sw3,,SL,OPTIMAL,4.421,3365,1079,[1079],4,386,2974,0,0,5,410,frontEnd=two_of_two_high_sil;rasta=none;powspec=none;audspec=none;compJah=two_of_two_high_sil;rastaFilter=none;backEnd=same_cpu_doer_checker,True,True,,OPTIMAL,2.701,1914,True,2750,OPTIMAL,0.454,True
f_both3,,SL,OPTIMAL,4.438,3406,1360,[1360],5,426,2974,0,0,6,420,frontEnd=two_of_two_high_sil;rasta=none;powspec=none;audspec=none;compJah=two_of_two_high_sil;rastaFilter=none;backEnd=low_sil_diverse_doer_checker,True,True,,OPTIMAL,2.751,1914,True,2750,OPTIMAL,0.456,True
c_pat,,SL,OPTIMAL,12.646,3349,1180,[1180],5,369,2974,0,0,6,480,frontEnd=high_sil_isolated_checker;rasta=none;powspec=none;audspec=none;compJah=two_of_two_high_sil;rastaFilter=none;backEnd=low_sil_doer_checker,True,True,,OPTIMAL,6.185,1914,True,4655,OPTIMAL,1.093,True
pc_sobel,,SL,OPTIMAL,5.681,1401,768,[768],3,24,1375,0,0,2,153,get_pixel=two_of_two_high_sil;gx=none;gy=none;abs=none,True,True,100000,OPTIMAL,2.675,873,True,923,OPTIMAL,0.982,True
v_nvp,,SL,OPTIMAL,5.104,5680,1185,[1185],6,624,5046,0,0,10,750,frontEnd=nvp_three_version;rasta=none;powspec=none;audspec=none;compJah=nvp_three_version;rastaFilter=none;backEnd=low_sil_diverse_doer_checker,True,True,,OPTIMAL,3.231,1914,True,3099,OPTIMAL,0.516,True
