instance,baseline,status,total_cost,joint_total_cost,rel_cost,loss_pct
p_rasta,SL,OPTIMAL,3330,3330,1.0000,0.00
f_random_hw,SL,OPTIMAL,3349,3349,1.0000,0.00
d_random_hw,SL,OPTIMAL,1857,1857,1.0000,0.00
d_systematic_sw,SL,OPTIMAL,1846,1846,1.0000,0.00
f_sw3,SL,OPTIMAL,3365,3365,1.0000,0.00
f_both3,SL,OPTIMAL,3406,3406,1.0000,0.00
c_pat,SL,OPTIMAL,3349,3349,1.0000,0.00
pc_sobel,SL,OPTIMAL,1401,1401,1.0000,0.00
v_nvp,SL,OPTIMAL,5680,5680,1.0000,0.00
p_rasta,PFmin,OPTIMAL,3330,3330,1.0000,0.00
f_random_hw,PFmin,OPTIMAL,3349,3349,1.0000,0.00
d_random_hw,PFmin,OPTIMAL,1857,1857,1.0000,0.00
f_sw3,PFmin,OPTIMAL,3365,3365,1.0000,0.00
f_both3,PFmin,OPTIMAL,3406,3406,1.0000,0.00
c_pat,PFmin,OPTIMAL,3349,3349,1.0000,0.00
pc_sobel,PFmin,OPTIMAL,1401,1401,1.0000,0.00
v_nvp,PFmin,OPTIMAL,5680,5680,1.0000,0.00
d_systematic_sw,PFmin,OPTIMAL,1846,1846,1.0000,0.00
p_rasta,PFmax,OPTIMAL,3330,3330,1.0000,0.00
f_random_hw,PFmax,OPTIMAL,3374,3349,1.0075,0.75
d_random_hw,PFmax,OPTIMAL,1882,1857,1.0135,1.35
f_sw3,PFmax,OPTIMAL,3406,3365,1.0122,1.22
f_both3,PFmax,OPTIMAL,3406,3406,1.0000,0.00
c_pat,PFmax,OPTIMAL,3374,3349,1.0075,0.75
pc_sobel,PFmax,OPTIMAL,1401,1401,1.0000,0.00
v_nvp,PFmax,OPTIMAL,5680,5680,1.0000,0.00
d_systematic_sw,PFmax,OPTIMAL,2009,1846,1.0883,8.83
p_rasta,NP,OPTIMAL,3330,3330,1.0000,0.00
f_random_hw,NP,OPTIMAL,3349,3349,1.0000,0.00
d_random_hw,NP,OPTIMAL,1857,1857,1.0000,0.00
f_sw3,NP,OPTIMAL,3365,3365,1.0000,0.00
f_both3,NP,OPTIMAL,3406,3406,1.0000,0.00
c_pat,NP,OPTIMAL,3349,3349,1.0000,0.00
pc_sobel,NP,OPTIMAL,1401,1401,1.0000,0.00
v_nvp,NP,OPTIMAL,5680,5680,1.0000,0.00
d_systematic_sw,NP,OPTIMAL,1846,1846,1.0000,0.00
p_rasta,PFlight,OPTIMAL,3330,3330,1.0000,0.00
f_random_hw,PFlight,OPTIMAL,3349,3349,1.0000,0.00
d_random_hw,PFlight,OPTIMAL,1857,1857,1.0000,0.00
d_systematic_sw,PFlight,OPTIMAL,1846,1846,1.0000,0.00
f_sw3,PFlight,OPTIMAL,4403,3365,1.3085,30.85
f_both3,PFlight,OPTIMAL,4444,3406,1.3048,30.48
c_pat,PFlight,OPTIMAL,3349,3349,1.0000,0.00
pc_sobel,PFlight,OPTIMAL,1401,1401,1.0000,0.00
v_nvp,PFlight,OPTIMAL,5680,5680,1.0000,0.00
p_rasta,PFcheap,OPTIMAL,3330,3330,1.0000,0.00
f_random_hw,PFcheap,OPTIMAL,3349,3349,1.0000,0.00
d_random_hw,PFcheap,OPTIMAL,1857,1857,1.0000,0.00
d_systematic_sw,PFcheap,OPTIMAL,1846,1846,1.0000,0.00
f_sw3,PFcheap,OPTIMAL,3365,3365,1.0000,0.00
f_both3,PFcheap,OPTIMAL,3406,3406,1.0000,0.00
c_pat,PFcheap,OPTIMAL,3349,3349,1.0000,0.00
pc_sobel,PFcheap,OPTIMAL,1401,1401,1.0000,0.00
v_nvp,PFcheap,OPTIMAL,5680,5680,1.0000,0.00
