variant,instance,flow,mu,mu_star,ratio,factor,baseline,status,total_cost,joint_total_cost,rel_cost,loss_pct
base,p_rasta,SL,235,235,1.0000,,,,,,,
base,f_random_hw,SL,235,235,1.0000,,,,,,,
base,d_random_hw,SL,255,235,1.0851,,,,,,,
base,d_systematic_sw,SL,255,235,1.0851,,,,,,,
base,f_sw3,SL,235,235,1.0000,,,,,,,
base,f_both3,SL,235,235,1.0000,,,,,,,
base,c_pat,SL,235,235,1.0000,,,,,,,
base,pc_sobel,SL,333,333,1.0000,,,,,,,
base,v_nvp,SL,235,235,1.0000,,,,,,,
base,p_rasta,PFmin,340,235,1.4468,,,,,,,
base,f_random_hw,PFmin,340,235,1.4468,,,,,,,
base,d_random_hw,PFmin,235,235,1.0000,,,,,,,
base,d_systematic_sw,PFmin,235,235,1.0000,,,,,,,
base,f_sw3,PFmin,365,235,1.5532,,,,,,,
base,f_both3,PFmin,365,235,1.5532,,,,,,,
base,c_pat,PFmin,340,235,1.4468,,,,,,,
base,pc_sobel,PFmin,512,333,1.5375,,,,,,,
base,v_nvp,PFmin,235,235,1.0000,,,,,,,
base,p_rasta,PFmax,340,235,1.4468,,,,,,,
base,f_random_hw,PFmax,340,235,1.4468,,,,,,,
base,d_random_hw,PFmax,235,235,1.0000,,,,,,,
base,d_systematic_sw,PFmax,235,235,1.0000,,,,,,,
base,f_sw3,PFmax,365,235,1.5532,,,,,,,
base,f_both3,PFmax,365,235,1.5532,,,,,,,
base,c_pat,PFmax,340,235,1.4468,,,,,,,
base,pc_sobel,PFmax,512,333,1.5375,,,,,,,
base,v_nvp,PFmax,235,235,1.0000,,,,,,,
base,p_rasta,PFlight,235,235,1.0000,,,,,,,
base,f_random_hw,PFlight,235,235,1.0000,,,,,,,
base,d_random_hw,PFlight,235,235,1.0000,,,,,,,
base,d_systematic_sw,PFlight,235,235,1.0000,,,,,,,
base,f_sw3,PFlight,235,235,1.0000,,,,,,,
base,f_both3,PFlight,235,235,1.0000,,,,,,,
base,c_pat,PFlight,235,235,1.0000,,,,,,,
base,pc_sobel,PFlight,333,333,1.0000,,,,,,,
base,v_nvp,PFlight,235,235,1.0000,,,,,,,
base,p_rasta,PFcheap,235,235,1.0000,,,,,,,
base,f_random_hw,PFcheap,235,235,1.0000,,,,,,,
base,d_random_hw,PFcheap,235,235,1.0000,,,,,,,
base,d_systematic_sw,PFcheap,235,235,1.0000,,,,,,,
base,f_sw3,PFcheap,365,235,1.5532,,,,,,,
base,f_both3,PFcheap,365,235,1.5532,,,,,,,
base,c_pat,PFcheap,235,235,1.0000,,,,,,,
base,pc_sobel,PFcheap,333,333,1.0000,,,,,,,
base,v_nvp,PFcheap,235,235,1.0000,,,,,,,
base,p_rasta,NP,235,235,1.0000,,,,,,,
base,f_random_hw,NP,235,235,1.0000,,,,,,,
base,d_random_hw,NP,235,235,1.0000,,,,,,,
base,d_systematic_sw,NP,235,235,1.0000,,,,,,,
base,f_sw3,NP,235,235,1.0000,,,,,,,
base,f_both3,NP,235,235,1.0000,,,,,,,
base,c_pat,NP,235,235,1.0000,,,,,,,
base,pc_sobel,NP,333,333,1.0000,,,,,,,
base,v_nvp,NP,235,235,1.0000,,,,,,,
tok2,p_rasta,SL,235,235,1.0000,,,,,,,
tok2,f_random_hw,SL,235,235,1.0000,,,,,,,
tok2,d_random_hw,SL,235,235,1.0000,,,,,,,
tok2,d_systematic_sw,SL,235,235,1.0000,,,,,,,
tok2,f_sw3,SL,235,235,1.0000,,,,,,,
tok2,f_both3,SL,235,235,1.0000,,,,,,,
tok2,c_pat,SL,235,235,1.0000,,,,,,,
tok2,pc_sobel,SL,256,256,1.0000,,,,,,,
tok2,v_nvp,SL,235,235,1.0000,,,,,,,
tok2,p_rasta,PFmin,235,235,1.0000,,,,,,,
tok2,f_random_hw,PFmin,235,235,1.0000,,,,,,,
tok2,d_random_hw,PFmin,235,235,1.0000,,,,,,,
tok2,d_systematic_sw,PFmin,235,235,1.0000,,,,,,,
tok2,f_sw3,PFmin,235,235,1.0000,,,,,,,
tok2,f_both3,PFmin,235,235,1.0000,,,,,,,
tok2,c_pat,PFmin,235,235,1.0000,,,,,,,
tok2,pc_sobel,PFmin,256,256,1.0000,,,,,,,
tok2,v_nvp,PFmin,235,235,1.0000,,,,,,,
tok2,p_rasta,PFmax,235,235,1.0000,,,,,,,
tok2,f_random_hw,PFmax,235,235,1.0000,,,,,,,
tok2,d_random_hw,PFmax,235,235,1.0000,,,,,,,
tok2,d_systematic_sw,PFmax,235,235,1.0000,,,,,,,
tok2,f_sw3,PFmax,235,235,1.0000,,,,,,,
tok2,f_both3,PFmax,235,235,1.0000,,,,,,,
tok2,c_pat,PFmax,235,235,1.0000,,,,,,,
tok2,pc_sobel,PFmax,256,256,1.0000,,,,,,,
tok2,v_nvp,PFmax,235,235,1.0000,,,,,,,
tok2,p_rasta,PFlight,235,235,1.0000,,,,,,,
tok2,f_random_hw,PFlight,235,235,1.0000,,,,,,,
tok2,d_random_hw,PFlight,235,235,1.0000,,,,,,,
tok2,d_systematic_sw,PFlight,235,235,1.0000,,,,,,,
tok2,f_sw3,PFlight,235,235,1.0000,,,,,,,
tok2,f_both3,PFlight,235,235,1.0000,,,,,,,
tok2,c_pat,PFlight,235,235,1.0000,,,,,,,
tok2,pc_sobel,PFlight,256,256,1.0000,,,,,,,
tok2,v_nvp,PFlight,235,235,1.0000,,,,,,,
tok2,p_rasta,PFcheap,235,235,1.0000,,,,,,,
tok2,f_random_hw,PFcheap,235,235,1.0000,,,,,,,
tok2,d_random_hw,PFcheap,235,235,1.0000,,,,,,,
tok2,d_systematic_sw,PFcheap,235,235,1.0000,,,,,,,
tok2,f_sw3,PFcheap,235,235,1.0000,,,,,,,
tok2,f_both3,PFcheap,235,235,1.0000,,,,,,,
tok2,c_pat,PFcheap,235,235,1.0000,,,,,,,
tok2,pc_sobel,PFcheap,256,256,1.0000,,,,,,,
tok2,v_nvp,PFcheap,235,235,1.0000,,,,,,,
tok2,p_rasta,NP,235,235,1.0000,,,,,,,
tok2,f_random_hw,NP,235,235,1.0000,,,,,,,
tok2,d_random_hw,NP,235,235,1.0000,,,,,,,
tok2,d_systematic_sw,NP,235,235,1.0000,,,,,,,
tok2,f_sw3,NP,235,235,1.0000,,,,,,,
tok2,f_both3,NP,235,235,1.0000,,,,,,,
tok2,c_pat,NP,235,235,1.0000,,,,,,,
tok2,pc_sobel,NP,256,256,1.0000,,,,,,,
tok2,v_nvp,NP,235,235,1.0000,,,,,,,
chk10,p_rasta,SL,235,235,1.0000,,,,,,,
chk10,f_random_hw,SL,235,235,1.0000,,,,,,,
chk10,d_random_hw,SL,235,235,1.0000,,,,,,,
chk10,d_systematic_sw,SL,235,235,1.0000,,,,,,,
chk10,f_sw3,SL,235,235,1.0000,,,,,,,
chk10,f_both3,SL,235,235,1.0000,,,,,,,
chk10,c_pat,SL,235,235,1.0000,,,,,,,
chk10,pc_sobel,SL,282,282,1.0000,,,,,,,
chk10,v_nvp,SL,235,235,1.0000,,,,,,,
chk10,p_rasta,PFmin,340,235,1.4468,,,,,,,
chk10,f_random_hw,PFmin,340,235,1.4468,,,,,,,
chk10,d_random_hw,PFmin,235,235,1.0000,,,,,,,
chk10,d_systematic_sw,PFmin,235,235,1.0000,,,,,,,
chk10,f_sw3,PFmin,365,235,1.5532,,,,,,,
chk10,f_both3,PFmin,365,235,1.5532,,,,,,,
chk10,c_pat,PFmin,340,235,1.4468,,,,,,,
chk10,pc_sobel,PFmin,512,282,1.8156,,,,,,,
chk10,v_nvp,PFmin,235,235,1.0000,,,,,,,
chk10,p_rasta,PFmax,340,235,1.4468,,,,,,,
chk10,f_random_hw,PFmax,340,235,1.4468,,,,,,,
chk10,d_random_hw,PFmax,235,235,1.0000,,,,,,,
chk10,d_systematic_sw,PFmax,235,235,1.0000,,,,,,,
chk10,f_sw3,PFmax,365,235,1.5532,,,,,,,
chk10,f_both3,PFmax,365,235,1.5532,,,,,,,
chk10,c_pat,PFmax,340,235,1.4468,,,,,,,
chk10,pc_sobel,PFmax,512,282,1.8156,,,,,,,
chk10,v_nvp,PFmax,235,235,1.0000,,,,,,,
chk10,p_rasta,PFlight,235,235,1.0000,,,,,,,
chk10,f_random_hw,PFlight,235,235,1.0000,,,,,,,
chk10,d_random_hw,PFlight,235,235,1.0000,,,,,,,
chk10,d_systematic_sw,PFlight,235,235,1.0000,,,,,,,
chk10,f_sw3,PFlight,235,235,1.0000,,,,,,,
chk10,f_both3,PFlight,235,235,1.0000,,,,,,,
chk10,c_pat,PFlight,235,235,1.0000,,,,,,,
chk10,pc_sobel,PFlight,282,282,1.0000,,,,,,,
chk10,v_nvp,PFlight,235,235,1.0000,,,,,,,
chk10,p_rasta,PFcheap,235,235,1.0000,,,,,,,
chk10,f_random_hw,PFcheap,235,235,1.0000,,,,,,,
chk10,d_random_hw,PFcheap,235,235,1.0000,,,,,,,
chk10,d_systematic_sw,PFcheap,235,235,1.0000,,,,,,,
chk10,f_sw3,PFcheap,365,235,1.5532,,,,,,,
chk10,f_both3,PFcheap,365,235,1.5532,,,,,,,
chk10,c_pat,PFcheap,235,235,1.0000,,,,,,,
chk10,pc_sobel,PFcheap,282,282,1.0000,,,,,,,
chk10,v_nvp,PFcheap,235,235,1.0000,,,,,,,
chk10,p_rasta,NP,235,235,1.0000,,,,,,,
chk10,f_random_hw,NP,235,235,1.0000,,,,,,,
chk10,d_random_hw,NP,235,235,1.0000,,,,,,,
chk10,d_systematic_sw,NP,235,235,1.0000,,,,,,,
chk10,f_sw3,NP,235,235,1.0000,,,,,,,
chk10,f_both3,NP,235,235,1.0000,,,,,,,
chk10,c_pat,NP,235,235,1.0000,,,,,,,
chk10,pc_sobel,NP,282,282,1.0000,,,,,,,
chk10,v_nvp,NP,235,235,1.0000,,,,,,,
chk50,p_rasta,SL,255,255,1.0000,,,,,,,
chk50,f_random_hw,SL,255,255,1.0000,,,,,,,
chk50,d_random_hw,SL,289,255,1.1333,,,,,,,
chk50,d_systematic_sw,SL,289,255,1.1333,,,,,,,
chk50,f_sw3,SL,255,255,1.0000,,,,,,,
chk50,f_both3,SL,255,255,1.0000,,,,,,,
chk50,c_pat,SL,255,255,1.0000,,,,,,,
chk50,pc_sobel,SL,384,384,1.0000,,,,,,,
chk50,v_nvp,SL,235,235,1.0000,,,,,,,
chk50,p_rasta,PFmin,340,255,1.3333,,,,,,,
chk50,f_random_hw,PFmin,340,255,1.3333,,,,,,,
chk50,d_random_hw,PFmin,255,255,1.0000,,,,,,,
chk50,d_systematic_sw,PFmin,255,255,1.0000,,,,,,,
chk50,f_sw3,PFmin,365,255,1.4314,,,,,,,
chk50,f_both3,PFmin,365,255,1.4314,,,,,,,
chk50,c_pat,PFmin,340,255,1.3333,,,,,,,
chk50,pc_sobel,PFmin,512,384,1.3333,,,,,,,
chk50,v_nvp,PFmin,235,235,1.0000,,,,,,,
chk50,p_rasta,PFmax,340,255,1.3333,,,,,,,
chk50,f_random_hw,PFmax,340,255,1.3333,,,,,,,
chk50,d_random_hw,PFmax,255,255,1.0000,,,,,,,
chk50,d_systematic_sw,PFmax,272,255,1.0667,,,,,,,
chk50,f_sw3,PFmax,365,255,1.4314,,,,,,,
chk50,f_both3,PFmax,365,255,1.4314,,,,,,,
chk50,c_pat,PFmax,340,255,1.3333,,,,,,,
chk50,pc_sobel,PFmax,512,384,1.3333,,,,,,,
chk50,v_nvp,PFmax,235,235,1.0000,,,,,,,
chk50,p_rasta,PFlight,255,255,1.0000,,,,,,,
chk50,f_random_hw,PFlight,255,255,1.0000,,,,,,,
chk50,d_random_hw,PFlight,255,255,1.0000,,,,,,,
chk50,d_systematic_sw,PFlight,255,255,1.0000,,,,,,,
chk50,f_sw3,PFlight,365,255,1.4314,,,,,,,
chk50,f_both3,PFlight,365,255,1.4314,,,,,,,
chk50,c_pat,PFlight,255,255,1.0000,,,,,,,
chk50,pc_sobel,PFlight,384,384,1.0000,,,,,,,
chk50,v_nvp,PFlight,235,235,1.0000,,,,,,,
chk50,p_rasta,PFcheap,255,255,1.0000,,,,,,,
chk50,f_random_hw,PFcheap,255,255,1.0000,,,,,,,
chk50,d_random_hw,PFcheap,255,255,1.0000,,,,,,,
chk50,d_systematic_sw,PFcheap,255,255,1.0000,,,,,,,
chk50,f_sw3,PFcheap,365,255,1.4314,,,,,,,
chk50,f_both3,PFcheap,365,255,1.4314,,,,,,,
chk50,c_pat,PFcheap,255,255,1.0000,,,,,,,
chk50,pc_sobel,PFcheap,384,384,1.0000,,,,,,,
chk50,v_nvp,PFcheap,235,235,1.0000,,,,,,,
chk50,p_rasta,NP,255,255,1.0000,,,,,,,
chk50,f_random_hw,NP,255,255,1.0000,,,,,,,
chk50,d_random_hw,NP,255,255,1.0000,,,,,,,
chk50,d_systematic_sw,NP,255,255,1.0000,,,,,,,
chk50,f_sw3,NP,255,255,1.0000,,,,,,,
chk50,f_both3,NP,255,255,1.0000,,,,,,,
chk50,c_pat,NP,255,255,1.0000,,,,,,,
chk50,pc_sobel,NP,384,384,1.0000,,,,,,,
chk50,v_nvp,NP,235,235,1.0000,,,,,,,
