instance,factor,mu_star,aliases,baseline,status,seconds,total_cost,mu_max,mu_list,nprocs,hw_cost,dev_cost,promotion_cost,partition_total,pattern_cost,power,patterns,verify_ok,fix_ok,period_ub,step1_status,step1_seconds,step1_total_cost,step1_verify_ok,mu_solver,pin_status,pin_seconds,pin_ok
p_rasta,-,,,min_period,OPTIMAL,12.737,6867,235,[235],11,752,6028,2715,75,12,1408,frontEnd=high_sil_isolated_checker;rasta=one_of_two_failover;powspec=none;audspec=one_of_two_failover;compJah=high_sil_isolated_checker;rastaFilter=one_of_two_failover;backEnd=low_sil_doer_checker,True,,,,,,,235,,,
p_rasta,1.00,235,,joint,OPTIMAL,6.273,3618,235,[235],9,623,2974,0,15,6,1124,frontEnd=high_sil_isolated_checker;rasta=none;powspec=none;audspec=none;compJah=high_sil_isolated_checker;rastaFilter=none;backEnd=low_sil_doer_checker,True,,235,,,,,235,OPTIMAL,0.512,True
p_rasta,1.00,235,,PFmin,UNSAT,1.098,,,,,,,,,,,frontEnd=two_of_two_high_sil;rasta=none;powspec=none;audspec=none;compJah=two_of_two_high_sil;rastaFilter=none;backEnd=low_sil_doer_checker,,,235,,,,,,,,
p_rasta,1.00,235,,PFmax,UNSAT,1.105,,,,,,,,,,,frontEnd=two_of_two_high_sil;rasta=none;powspec=none;audspec=none;compJah=two_of_two_high_sil;rastaFilter=none;backEnd=low_sil_diverse_doer_checker,,,235,,,,,,,,
p_rasta,1.00,235,,NP,OPTIMAL,4.634,3618,235,[235],9,623,2974,0,15,6,1124,frontEnd=high_sil_isolated_checker;rasta=none;powspec=none;audspec=none;compJah=high_sil_isolated_checker;rastaFilter=none;backEnd=low_sil_doer_checker,True,,235,,,,,235,OPTIMAL,0.519,True
p_rasta,1.10,235,,joint,OPTIMAL,8.726,3615,245,[245],9,620,2974,0,15,6,1092,frontEnd=high_sil_isolated_checker;rasta=none;powspec=none;audspec=none;compJah=high_sil_isolated_checker;rastaFilter=none;backEnd=low_sil_doer_checker,True,,259,,,,,259,OPTIMAL,0.524,True
p_rasta,1.10,235,,PFmin,UNSAT,1.145,,,,,,,,,,,frontEnd=two_of_two_high_sil;rasta=none;powspec=none;audspec=none;compJah=two_of_two_high_sil;rastaFilter=none;backEnd=low_sil_doer_checker,,,259,,,,,,,,
p_rasta,1.10,235,,PFmax,UNSAT,1.103,,,,,,,,,,,frontEnd=two_of_two_high_sil;rasta=none;powspec=none;audspec=none;compJah=two_of_two_high_sil;rastaFilter=none;backEnd=low_sil_diverse_doer_checker,,,259,,,,,,,,
p_rasta,1.10,235,,NP,OPTIMAL,6.171,3615,245,[245],9,620,2974,0,15,6,1092,frontEnd=high_sil_isolated_checker;rasta=none;powspec=none;audspec=none;compJah=high_sil_isolated_checker;rastaFilter=none;backEnd=low_sil_doer_checker,True,,259,,,,,259,OPTIMAL,0.526,True
p_rasta,1.25,235,,joint,OPTIMAL,13.84,3467,277,[277],8,457,2974,0,30,6,880,frontEnd=high_sil_isolated_checker;rasta=none;powspec=none;audspec=none;compJah=high_sil_isolated_checker;rastaFilter=none;backEnd=low_sil_doer_checker,True,,294,,,,,294,OPTIMAL,0.628,True
p_rasta,1.25,235,,PFmin,UNSAT,1.245,,,,,,,,,,,frontEnd=two_of_two_high_sil;rasta=none;powspec=none;audspec=none;compJah=two_of_two_high_sil;rastaFilter=none;backEnd=low_sil_doer_checker,,,294,,,,,,,,
p_rasta,1.25,235,,PFmax,UNSAT,1.302,,,,,,,,,,,frontEnd=two_of_two_high_sil;rasta=none;powspec=none;audspec=none;compJah=two_of_two_high_sil;rastaFilter=none;backEnd=low_sil_diverse_doer_checker,,,294,,,,,,,,
p_rasta,1.25,235,,NP,OPTIMAL,7.508,3467,277,[277],8,457,2974,0,30,6,880,frontEnd=high_sil_isolated_checker;rasta=none;powspec=none;audspec=none;compJah=high_sil_isolated_checker;rastaFilter=none;backEnd=low_sil_doer_checker,True,,294,,,,,294,OPTIMAL,0.526,True
f_random_hw,-,,p_rasta_noiso,min_period,OPTIMAL,7.94,6545,235,[235],9,733,5803,2198,0,9,1296,frontEnd=high_sil_isolated_checker;rasta=one_of_two_failover;powspec=none;audspec=none;compJah=mixed_sil_doer_checker;rastaFilter=none;backEnd=low_sil_doer_checker,True,,,,,,,235,,,
f_random_hw,1.00,235,p_rasta_noiso,joint,OPTIMAL,6.497,3636,235,[235],10,656,2974,0,0,6,1164,frontEnd=high_sil_isolated_checker;rasta=none;powspec=none;audspec=none;compJah=high_sil_isolated_checker;rastaFilter=none;backEnd=low_sil_doer_checker,True,,235,,,,,235,OPTIMAL,0.524,True
f_random_hw,1.00,235,p_rasta_noiso,PFmin,UNSAT,1.096,,,,,,,,,,,frontEnd=two_of_two_high_sil;rasta=none;powspec=none;audspec=none;compJah=two_of_two_high_sil;rastaFilter=none;backEnd=low_sil_doer_checker,,,235,,,,,,,,
f_random_hw,1.00,235,p_rasta_noiso,PFmax,UNSAT,1.13,,,,,,,,,,,frontEnd=two_of_two_high_sil;rasta=none;powspec=none;audspec=none;compJah=two_of_two_high_sil;rastaFilter=none;backEnd=low_sil_diverse_doer_checker,,,235,,,,,,,,
f_random_hw,1.00,235,p_rasta_noiso,NP,OPTIMAL,3.63,3636,235,[235],10,656,2974,0,0,6,1079,frontEnd=high_sil_isolated_checker;rasta=none;powspec=none;audspec=none;compJah=high_sil_isolated_checker;rastaFilter=none;backEnd=low_sil_doer_checker,True,,235,,,,,235,OPTIMAL,0.532,True
f_random_hw,1.10,235,p_rasta_noiso,joint,OPTIMAL,7.946,3636,235,[235],10,656,2974,0,0,6,1164,frontEnd=high_sil_isolated_checker;rasta=none;powspec=none;audspec=none;compJah=high_sil_isolated_checker;rastaFilter=none;backEnd=low_sil_doer_checker,True,,259,,,,,259,OPTIMAL,0.522,True
f_random_hw,1.10,235,p_rasta_noiso,PFmin,UNSAT,1.17,,,,,,,,,,,frontEnd=two_of_two_high_sil;rasta=none;powspec=none;audspec=none;compJah=two_of_two_high_sil;rastaFilter=none;backEnd=low_sil_doer_checker,,,259,,,,,,,,
f_random_hw,1.10,235,p_rasta_noiso,PFmax,UNSAT,1.147,,,,,,,,,,,frontEnd=two_of_two_high_sil;rasta=none;powspec=none;audspec=none;compJah=two_of_two_high_sil;rastaFilter=none;backEnd=low_sil_diverse_doer_checker,,,259,,,,,,,,
f_random_hw,1.10,235,p_rasta_noiso,NP,OPTIMAL,4.672,3636,235,[235],10,656,2974,0,0,6,1164,frontEnd=high_sil_isolated_checker;rasta=none;powspec=none;audspec=none;compJah=high_sil_isolated_checker;rastaFilter=none;backEnd=low_sil_doer_checker,True,,259,,,,,259,OPTIMAL,0.524,True
f_random_hw,1.25,235,p_rasta_noiso,joint,OPTIMAL,11.822,3484,282,[282],10,504,2974,0,0,6,1024,frontEnd=two_of_two_high_sil;rasta=none;powspec=none;audspec=none;compJah=high_sil_isolated_checker;rastaFilter=none;backEnd=low_sil_doer_checker,True,,294,,,,,294,OPTIMAL,0.508,True
f_random_hw,1.25,235,p_rasta_noiso,PFmin,UNSAT,1.299,,,,,,,,,,,frontEnd=two_of_two_high_sil;rasta=none;powspec=none;audspec=none;compJah=two_of_two_high_sil;rastaFilter=none;backEnd=low_sil_doer_checker,,,294,,,,,,,,
f_random_hw,1.25,235,p_rasta_noiso,PFmax,UNSAT,1.323,,,,,,,,,,,frontEnd=two_of_two_high_sil;rasta=none;powspec=none;audspec=none;compJah=two_of_two_high_sil;rastaFilter=none;backEnd=low_sil_diverse_doer_checker,,,294,,,,,,,,
f_random_hw,1.25,235,p_rasta_noiso,NP,OPTIMAL,4.168,3484,282,[282],10,504,2974,0,0,6,1024,frontEnd=two_of_two_high_sil;rasta=none;powspec=none;audspec=none;compJah=high_sil_isolated_checker;rastaFilter=none;backEnd=low_sil_doer_checker,True,,294,,,,,294,OPTIMAL,0.518,True
d_random_hw,-,,,min_period,OPTIMAL,6.624,4297,235,[235],14,788,3495,1241,0,14,1656,frontEnd=low_sil_doer_checker;rasta=low_sil_diverse_doer_checker;powspec=one_of_two_failover;audspec=one_of_two_failover;compJah=low_sil_doer_checker;rastaFilter=one_of_two_failover;backEnd=low_sil_doer_checker,True,,,,,,,235,,,
d_random_hw,1.00,235,,joint,OPTIMAL,5.47,2137,235,[235],10,329,1802,0,0,6,840,frontEnd=low_sil_doer_checker;rasta=none;powspec=none;audspec=none;compJah=low_sil_doer_checker;rastaFilter=none;backEnd=low_sil_doer_checker,True,,235,,,,,235,OPTIMAL,0.462,True
d_random_hw,1.00,235,,PFmin,OPTIMAL,2.242,2137,235,[235],10,329,1802,0,0,6,840,frontEnd=low_sil_doer_checker;rasta=none;powspec=none;audspec=none;compJah=low_sil_doer_checker;rastaFilter=none;backEnd=low_sil_doer_checker,True,True,235,,,,,235,OPTIMAL,0.456,True
d_random_hw,1.00,235,,PFmax,OPTIMAL,2.25,2137,235,[235],10,329,1802,0,0,6,840,frontEnd=low_sil_diverse_doer_checker;rasta=none;powspec=none;audspec=none;compJah=low_sil_diverse_doer_checker;rastaFilter=none;backEnd=low_sil_diverse_doer_checker,True,True,235,,,,,235,OPTIMAL,0.545,True
d_random_hw,1.00,235,,NP,OPTIMAL,3.193,2137,235,[235],10,329,1802,0,0,6,840,frontEnd=low_sil_doer_checker;rasta=none;powspec=none;audspec=none;compJah=low_sil_doer_checker;rastaFilter=none;backEnd=low_sil_doer_checker,True,,235,,,,,235,OPTIMAL,0.438,True
d_random_hw,1.10,235,,joint,OPTIMAL,6.558,2131,252,[252],10,323,1802,0,0,6,776,frontEnd=low_sil_doer_checker;rasta=none;powspec=none;audspec=none;compJah=low_sil_doer_checker;rastaFilter=none;backEnd=low_sil_doer_checker,True,,259,,,,,259,OPTIMAL,0.449,True
d_random_hw,1.10,235,,PFmin,OPTIMAL,2.892,2131,252,[252],10,323,1802,0,0,6,776,frontEnd=low_sil_doer_checker;rasta=none;powspec=none;audspec=none;compJah=low_sil_doer_checker;rastaFilter=none;backEnd=low_sil_doer_checker,True,True,259,,,,,259,OPTIMAL,0.435,True
d_random_hw,1.10,235,,PFmax,OPTIMAL,2.542,2131,252,[252],10,323,1802,0,0,6,776,frontEnd=low_sil_diverse_doer_checker;rasta=none;powspec=none;audspec=none;compJah=low_sil_diverse_doer_checker;rastaFilter=none;backEnd=low_sil_diverse_doer_checker,True,True,259,,,,,259,OPTIMAL,0.447,True
d_random_hw,1.10,235,,NP,OPTIMAL,2.501,2131,252,[252],10,323,1802,0,0,6,776,frontEnd=low_sil_doer_checker;rasta=none;powspec=none;audspec=none;compJah=low_sil_doer_checker;rastaFilter=none;backEnd=low_sil_doer_checker,True,,259,,,,,259,OPTIMAL,0.451,True
d_random_hw,1.25,235,,joint,OPTIMAL,15.402,1972,293,[293],10,164,1802,0,0,6,496,frontEnd=low_sil_doer_checker;rasta=none;powspec=none;audspec=none;compJah=low_sil_doer_checker;rastaFilter=none;backEnd=low_sil_doer_checker,True,,294,,,,,294,OPTIMAL,0.476,True
d_random_hw,1.25,235,,PFmin,OPTIMAL,6.399,1972,293,[293],10,164,1802,0,0,6,496,frontEnd=low_sil_doer_checker;rasta=none;powspec=none;audspec=none;compJah=low_sil_doer_checker;rastaFilter=none;backEnd=low_sil_doer_checker,True,True,294,,,,,294,OPTIMAL,0.462,True
d_random_hw,1.25,235,,PFmax,OPTIMAL,5.519,1972,293,[293],10,164,1802,0,0,6,496,frontEnd=low_sil_diverse_doer_checker;rasta=none;powspec=none;audspec=none;compJah=low_sil_diverse_doer_checker;rastaFilter=none;backEnd=low_sil_diverse_doer_checker,True,True,294,,,,,294,OPTIMAL,0.442,True
d_random_hw,1.25,235,,NP,OPTIMAL,8.835,1972,293,[293],10,164,1802,0,0,6,496,frontEnd=low_sil_doer_checker;rasta=none;powspec=none;audspec=none;compJah=low_sil_doer_checker;rastaFilter=none;backEnd=low_sil_doer_checker,True,,294,,,,,294,OPTIMAL,0.473,True
f_sw3,-,,,min_period,OPTIMAL,5.671,7104,235,[235],10,1237,5856,1620,0,11,1409,frontEnd=mixed_sil_doer_checker;rasta=low_sil_diverse_doer_checker;powspec=none;audspec=low_sil_diverse_doer_checker;compJah=mixed_sil_doer_checker;rastaFilter=none;backEnd=same_cpu_doer_checker,True,,,,,,,235,,,
f_sw3,1.00,235,,joint,OPTIMAL,4.077,4670,235,[235],9,653,4010,0,0,7,1064,frontEnd=mixed_sil_doer_checker;rasta=none;powspec=none;audspec=none;compJah=mixed_sil_doer_checker;rastaFilter=none;backEnd=same_cpu_doer_checker,True,,235,,,,,235,OPTIMAL,0.459,True
f_sw3,1.00,235,,PFmin,UNSAT,0.792,,,,,,,,,,,frontEnd=two_of_two_high_sil;rasta=none;powspec=none;audspec=none;compJah=two_of_two_high_sil;rastaFilter=none;backEnd=same_cpu_doer_checker,,,235,,,,,,,,
f_sw3,1.00,235,,PFmax,UNSAT,0.783,,,,,,,,,,,frontEnd=two_of_two_high_sil;rasta=none;powspec=none;audspec=none;compJah=two_of_two_high_sil;rastaFilter=none;backEnd=low_sil_diverse_doer_checker,,,235,,,,,,,,
f_sw3,1.00,235,,NP,OPTIMAL,2.229,4670,235,[235],9,653,4010,0,0,7,1064,frontEnd=mixed_sil_doer_checker;rasta=none;powspec=none;audspec=none;compJah=mixed_sil_doer_checker;rastaFilter=none;backEnd=same_cpu_doer_checker,True,,235,,,,,235,OPTIMAL,0.457,True
f_sw3,1.10,235,,joint,OPTIMAL,4.614,4670,235,[235],9,653,4010,0,0,7,1064,frontEnd=mixed_sil_doer_checker;rasta=none;powspec=none;audspec=none;compJah=mixed_sil_doer_checker;rastaFilter=none;backEnd=same_cpu_doer_checker,True,,259,,,,,259,OPTIMAL,0.458,True
f_sw3,1.10,235,,PFmin,UNSAT,0.834,,,,,,,,,,,frontEnd=two_of_two_high_sil;rasta=none;powspec=none;audspec=none;compJah=two_of_two_high_sil;rastaFilter=none;backEnd=same_cpu_doer_checker,,,259,,,,,,,,
f_sw3,1.10,235,,PFmax,UNSAT,0.815,,,,,,,,,,,frontEnd=two_of_two_high_sil;rasta=none;powspec=none;audspec=none;compJah=two_of_two_high_sil;rastaFilter=none;backEnd=low_sil_diverse_doer_checker,,,259,,,,,,,,
f_sw3,1.10,235,,NP,OPTIMAL,2.492,4670,235,[235],9,653,4010,0,0,7,1064,frontEnd=mixed_sil_doer_checker;rasta=none;powspec=none;audspec=none;compJah=mixed_sil_doer_checker;rastaFilter=none;backEnd=same_cpu_doer_checker,True,,259,,,,,259,OPTIMAL,0.445,True
f_sw3,1.25,235,,joint,OPTIMAL,4.126,4502,290,[290],7,485,4010,0,0,7,844,frontEnd=mixed_sil_doer_checker;rasta=none;powspec=none;audspec=none;compJah=mixed_sil_doer_checker;rastaFilter=none;backEnd=same_cpu_doer_checker,True,,294,,,,,294,OPTIMAL,0.466,True
f_sw3,1.25,235,,PFmin,UNSAT,0.825,,,,,,,,,,,frontEnd=two_of_two_high_sil;rasta=none;powspec=none;audspec=none;compJah=two_of_two_high_sil;rastaFilter=none;backEnd=same_cpu_doer_checker,,,294,,,,,,,,
f_sw3,1.25,235,,PFmax,UNSAT,0.818,,,,,,,,,,,frontEnd=two_of_two_high_sil;rasta=none;powspec=none;audspec=none;compJah=two_of_two_high_sil;rastaFilter=none;backEnd=low_sil_diverse_doer_checker,,,294,,,,,,,,
f_sw3,1.25,235,,NP,OPTIMAL,2.814,4502,290,[290],7,485,4010,0,0,7,844,frontEnd=mixed_sil_doer_checker;rasta=none;powspec=none;audspec=none;compJah=mixed_sil_doer_checker;rastaFilter=none;backEnd=same_cpu_doer_checker,True,,294,,,,,294,OPTIMAL,0.45,True
f_both3,-,,,min_period,OPTIMAL,5.727,7021,235,[235],12,1285,5726,1603,0,10,1629,frontEnd=mixed_sil_doer_checker;rasta=low_sil_diverse_doer_checker;powspec=none;audspec=none;compJah=mixed_sil_doer_checker;rastaFilter=none;backEnd=low_sil_diverse_doer_checker,True,,,,,,,235,,,
f_both3,1.00,235,,joint,OPTIMAL,3.443,4708,235,[235],10,690,4010,0,0,8,1212,frontEnd=mixed_sil_doer_checker;rasta=none;powspec=none;audspec=none;compJah=mixed_sil_doer_checker;rastaFilter=none;backEnd=low_sil_diverse_doer_checker,True,,235,,,,,235,OPTIMAL,0.465,True
f_both3,1.00,235,,PFmin,UNSAT,0.795,,,,,,,,,,,frontEnd=two_of_two_high_sil;rasta=none;powspec=none;audspec=none;compJah=two_of_two_high_sil;rastaFilter=none;backEnd=low_sil_diverse_doer_checker,,,235,,,,,,,,
f_both3,1.00,235,,PFmax,UNSAT,0.806,,,,,,,,,,,frontEnd=two_of_two_high_sil;rasta=none;powspec=none;audspec=none;compJah=two_of_two_high_sil;rastaFilter=none;backEnd=low_sil_diverse_doer_checker,,,235,,,,,,,,
f_both3,1.00,235,,NP,OPTIMAL,2.236,4708,235,[235],10,690,4010,0,0,8,1212,frontEnd=mixed_sil_doer_checker;rasta=none;powspec=none;audspec=none;compJah=mixed_sil_doer_checker;rastaFilter=none;backEnd=low_sil_diverse_doer_checker,True,,235,,,,,235,OPTIMAL,0.459,True
f_both3,1.10,235,,joint,OPTIMAL,4.304,4708,235,[235],10,690,4010,0,0,8,1212,frontEnd=mixed_sil_doer_checker;rasta=none;powspec=none;audspec=none;compJah=mixed_sil_doer_checker;rastaFilter=none;backEnd=low_sil_diverse_doer_checker,True,,259,,,,,259,OPTIMAL,0.443,True
f_both3,1.10,235,,PFmin,UNSAT,0.8,,,,,,,,,,,frontEnd=two_of_two_high_sil;rasta=none;powspec=none;audspec=none;compJah=two_of_two_high_sil;rastaFilter=none;backEnd=low_sil_diverse_doer_checker,,,259,,,,,,,,
f_both3,1.10,235,,PFmax,UNSAT,0.808,,,,,,,,,,,frontEnd=two_of_two_high_sil;rasta=none;powspec=none;audspec=none;compJah=two_of_two_high_sil;rastaFilter=none;backEnd=low_sil_diverse_doer_checker,,,259,,,,,,,,
f_both3,1.10,235,,NP,OPTIMAL,2.395,4708,254,[254],10,690,4010,0,0,8,1127,frontEnd=mixed_sil_doer_checker;rasta=none;powspec=none;audspec=none;compJah=mixed_sil_doer_checker;rastaFilter=none;backEnd=low_sil_diverse_doer_checker,True,,259,,,,,259,OPTIMAL,0.452,True
f_both3,1.25,235,,joint,OPTIMAL,6.692,4700,266,[266],9,682,4010,0,0,8,1172,frontEnd=mixed_sil_doer_checker;rasta=none;powspec=none;audspec=none;compJah=mixed_sil_doer_checker;rastaFilter=none;backEnd=low_sil_diverse_doer_checker,True,,294,,,,,294,OPTIMAL,0.465,True
f_both3,1.25,235,,PFmin,UNSAT,0.815,,,,,,,,,,,frontEnd=two_of_two_high_sil;rasta=none;powspec=none;audspec=none;compJah=two_of_two_high_sil;rastaFilter=none;backEnd=low_sil_diverse_doer_checker,,,294,,,,,,,,
f_both3,1.25,235,,PFmax,UNSAT,0.821,,,,,,,,,,,frontEnd=two_of_two_high_sil;rasta=none;powspec=none;audspec=none;compJah=two_of_two_high_sil;rastaFilter=none;backEnd=low_sil_diverse_doer_checker,,,294,,,,,,,,
f_both3,1.25,235,,NP,OPTIMAL,3.283,4700,266,[266],9,682,4010,0,0,8,1172,frontEnd=mixed_sil_doer_checker;rasta=none;powspec=none;audspec=none;compJah=mixed_sil_doer_checker;rastaFilter=none;backEnd=low_sil_diverse_doer_checker,True,,294,,,,,294,OPTIMAL,0.449,True
c_pat,-,,,min_period,OPTIMAL,16.02,7322,235,[235],12,763,6546,2715,0,13,1480,frontEnd=high_sil_isolated_checker;rasta=one_of_two_failover;powspec=none;audspec=low_sil_doer_checker;compJah=mixed_sil_doer_checker;rastaFilter=one_of_two_failover;backEnd=low_sil_doer_checker,True,,,,,,,235,,,
c_pat,1.00,235,,joint,OPTIMAL,8.772,3636,235,[235],10,656,2974,0,0,6,1164,frontEnd=high_sil_isolated_checker;rasta=none;powspec=none;audspec=none;compJah=high_sil_isolated_checker;rastaFilter=none;backEnd=low_sil_doer_checker,True,,235,,,,,235,OPTIMAL,1.103,True
c_pat,1.00,235,,PFmin,UNSAT,1.957,,,,,,,,,,,frontEnd=two_of_two_high_sil;rasta=none;powspec=none;audspec=none;compJah=two_of_two_high_sil;rastaFilter=none;backEnd=low_sil_doer_checker,,,235,,,,,,,,
c_pat,1.00,235,,PFmax,UNSAT,1.912,,,,,,,,,,,frontEnd=two_of_two_high_sil;rasta=none;powspec=none;audspec=none;compJah=two_of_two_high_sil;rastaFilter=none;backEnd=low_sil_diverse_doer_checker,,,235,,,,,,,,
c_pat,1.00,235,,NP,OPTIMAL,6.36,3636,235,[235],10,656,2974,0,0,6,1079,frontEnd=high_sil_isolated_checker;rasta=none;powspec=none;audspec=none;compJah=high_sil_isolated_checker;rastaFilter=none;backEnd=low_sil_doer_checker,True,,235,,,,,235,OPTIMAL,1.12,True
c_pat,1.10,235,,joint,OPTIMAL,15.315,3636,249,[249],10,656,2974,0,0,6,1164,frontEnd=high_sil_isolated_checker;rasta=none;powspec=none;audspec=none;compJah=high_sil_isolated_checker;rastaFilter=none;backEnd=low_sil_doer_checker,True,,259,,,,,259,OPTIMAL,1.109,True
c_pat,1.10,235,,PFmin,UNSAT,1.96,,,,,,,,,,,frontEnd=two_of_two_high_sil;rasta=none;powspec=none;audspec=none;compJah=two_of_two_high_sil;rastaFilter=none;backEnd=low_sil_doer_checker,,,259,,,,,,,,
c_pat,1.10,235,,PFmax,UNSAT,2.011,,,,,,,,,,,frontEnd=two_of_two_high_sil;rasta=none;powspec=none;audspec=none;compJah=two_of_two_high_sil;rastaFilter=none;backEnd=low_sil_diverse_doer_checker,,,259,,,,,,,,
c_pat,1.10,235,,NP,OPTIMAL,8.841,3636,235,[235],10,656,2974,0,0,6,1164,frontEnd=high_sil_isolated_checker;rasta=none;powspec=none;audspec=none;compJah=high_sil_isolated_checker;rastaFilter=none;backEnd=low_sil_doer_checker,True,,259,,,,,235,OPTIMAL,1.097,True
c_pat,1.25,235,,joint,OPTIMAL,18.083,3484,282,[282],10,504,2974,0,0,6,939,frontEnd=high_sil_isolated_checker;rasta=none;powspec=none;audspec=none;compJah=high_sil_isolated_checker;rastaFilter=none;backEnd=low_sil_doer_checker,True,,294,,,,,289,OPTIMAL,1.07,True
c_pat,1.25,235,,PFmin,UNSAT,2.849,,,,,,,,,,,frontEnd=two_of_two_high_sil;rasta=none;powspec=none;audspec=none;compJah=two_of_two_high_sil;rastaFilter=none;backEnd=low_sil_doer_checker,,,294,,,,,,,,
c_pat,1.25,235,,PFmax,UNSAT,2.851,,,,,,,,,,,frontEnd=two_of_two_high_sil;rasta=none;powspec=none;audspec=none;compJah=two_of_two_high_sil;rastaFilter=none;backEnd=low_sil_diverse_doer_checker,,,294,,,,,,,,
c_pat,1.25,235,,NP,OPTIMAL,9.931,3484,287,[287],10,504,2974,0,0,6,854,frontEnd=high_sil_isolated_checker;rasta=none;powspec=none;audspec=none;compJah=high_sil_isolated_checker;rastaFilter=none;backEnd=low_sil_doer_checker,True,,294,,,,,287,OPTIMAL,1.095,True
pc_sobel,-,,,min_period,OPTIMAL,2.674,3663,333,[333],3,32,3626,1620,0,5,397,get_pixel=mixed_sil_doer_checker;gx=none;gy=one_of_two_failover;abs=none,True,,100000,,,,,333,,,
pc_sobel,1.00,333,,joint,OPTIMAL,2.227,1411,333,[333],3,34,1375,0,0,2,446,get_pixel=high_sil_isolated_checker;gx=none;gy=none;abs=none,True,,333,,,,,333,OPTIMAL,0.75,True
pc_sobel,1.00,333,,PFmin,UNSAT,1.021,,,,,,,,,,,get_pixel=two_of_two_high_sil;gx=none;gy=none;abs=none,,,333,,,,,,,,
pc_sobel,1.00,333,,PFmax,UNSAT,1.044,,,,,,,,,,,get_pixel=two_of_two_high_sil;gx=none;gy=none;abs=none,,,333,,,,,,,,
pc_sobel,1.00,333,,NP,OPTIMAL,1.65,1411,333,[333],3,34,1375,0,0,2,446,get_pixel=high_sil_isolated_checker;gx=none;gy=none;abs=none,True,,333,,,,,333,OPTIMAL,0.774,True
pc_sobel,1.10,333,,joint,OPTIMAL,2.635,1405,352,[352],3,28,1375,0,0,2,264,get_pixel=high_sil_isolated_checker;gx=none;gy=none;abs=none,True,,367,,,,,352,OPTIMAL,0.761,True
pc_sobel,1.10,333,,PFmin,UNSAT,1.007,,,,,,,,,,,get_pixel=two_of_two_high_sil;gx=none;gy=none;abs=none,,,367,,,,,,,,
pc_sobel,1.10,333,,PFmax,UNSAT,1.001,,,,,,,,,,,get_pixel=two_of_two_high_sil;gx=none;gy=none;abs=none,,,367,,,,,,,,
pc_sobel,1.10,333,,NP,OPTIMAL,1.979,1405,352,[352],3,28,1375,0,0,2,264,get_pixel=high_sil_isolated_checker;gx=none;gy=none;abs=none,True,,367,,,,,367,OPTIMAL,0.754,True
pc_sobel,1.25,333,,joint,OPTIMAL,2.668,1403,416,[416],3,26,1375,0,0,2,191,get_pixel=high_sil_isolated_checker;gx=none;gy=none;abs=none,True,,417,,,,,417,OPTIMAL,0.759,True
pc_sobel,1.25,333,,PFmin,UNSAT,1.063,,,,,,,,,,,get_pixel=two_of_two_high_sil;gx=none;gy=none;abs=none,,,417,,,,,,,,
pc_sobel,1.25,333,,PFmax,UNSAT,1.018,,,,,,,,,,,get_pixel=two_of_two_high_sil;gx=none;gy=none;abs=none,,,417,,,,,,,,
pc_sobel,1.25,333,,NP,OPTIMAL,1.959,1403,416,[416],3,26,1375,0,0,2,191,get_pixel=high_sil_isolated_checker;gx=none;gy=none;abs=none,True,,417,,,,,417,OPTIMAL,0.76,True
v_nvp,-,,,min_period,OPTIMAL,5.463,8821,235,[235],12,1820,6987,1715,0,14,1902,frontEnd=nvp_three_version;rasta=low_sil_diverse_doer_checker;powspec=none;audspec=low_sil_diverse_doer_checker;compJah=nvp_three_version;rastaFilter=none;backEnd=low_sil_diverse_doer_checker,True,,,,,,,235,,,
v_nvp,1.00,235,,joint,OPTIMAL,4.287,5992,235,[235],12,936,5046,0,0,10,1532,frontEnd=nvp_three_version;rasta=none;powspec=none;audspec=none;compJah=nvp_three_version;rastaFilter=none;backEnd=low_sil_diverse_doer_checker,True,,235,,,,,235,OPTIMAL,0.465,True
v_nvp,1.00,235,,PFmin,OPTIMAL,3.716,5992,235,[235],12,936,5046,0,0,10,1532,frontEnd=nvp_three_version;rasta=none;powspec=none;audspec=none;compJah=nvp_three_version;rastaFilter=none;backEnd=low_sil_diverse_doer_checker,True,True,235,,,,,235,OPTIMAL,0.476,True
v_nvp,1.00,235,,PFmax,OPTIMAL,3.416,5992,235,[235],12,936,5046,0,0,10,1532,frontEnd=nvp_three_version;rasta=none;powspec=none;audspec=none;compJah=nvp_three_version;rastaFilter=none;backEnd=low_sil_diverse_doer_checker,True,True,235,,,,,235,OPTIMAL,0.458,True
v_nvp,1.00,235,,NP,OPTIMAL,3.163,5992,235,[235],12,936,5046,0,0,10,1447,frontEnd=nvp_three_version;rasta=none;powspec=none;audspec=none;compJah=nvp_three_version;rastaFilter=none;backEnd=low_sil_diverse_doer_checker,True,,235,,,,,235,OPTIMAL,0.482,True
v_nvp,1.10,235,,joint,OPTIMAL,4.248,5992,253,[253],12,936,5046,0,0,10,1447,frontEnd=nvp_three_version;rasta=none;powspec=none;audspec=none;compJah=nvp_three_version;rastaFilter=none;backEnd=low_sil_diverse_doer_checker,True,,259,,,,,259,OPTIMAL,0.474,True
v_nvp,1.10,235,,PFmin,OPTIMAL,3.358,5992,253,[253],12,936,5046,0,0,10,1532,frontEnd=nvp_three_version;rasta=none;powspec=none;audspec=none;compJah=nvp_three_version;rastaFilter=none;backEnd=low_sil_diverse_doer_checker,True,True,259,,,,,259,OPTIMAL,0.465,True
v_nvp,1.10,235,,PFmax,OPTIMAL,3.341,5992,253,[253],12,936,5046,0,0,10,1532,frontEnd=nvp_three_version;rasta=none;powspec=none;audspec=none;compJah=nvp_three_version;rastaFilter=none;backEnd=low_sil_diverse_doer_checker,True,True,259,,,,,259,OPTIMAL,0.456,True
v_nvp,1.10,235,,NP,OPTIMAL,3.084,5992,254,[254],12,936,5046,0,0,10,1532,frontEnd=nvp_three_version;rasta=none;powspec=none;audspec=none;compJah=nvp_three_version;rastaFilter=none;backEnd=low_sil_diverse_doer_checker,True,,259,,,,,259,OPTIMAL,0.459,True
v_nvp,1.25,235,,joint,OPTIMAL,6.53,5984,266,[266],11,928,5046,0,0,10,1492,frontEnd=nvp_three_version;rasta=none;powspec=none;audspec=none;compJah=nvp_three_version;rastaFilter=none;backEnd=low_sil_diverse_doer_checker,True,,294,,,,,294,OPTIMAL,0.489,True
v_nvp,1.25,235,,PFmin,OPTIMAL,5.135,5984,266,[266],11,928,5046,0,0,10,1492,frontEnd=nvp_three_version;rasta=none;powspec=none;audspec=none;compJah=nvp_three_version;rastaFilter=none;backEnd=low_sil_diverse_doer_checker,True,True,294,,,,,294,OPTIMAL,0.479,True
v_nvp,1.25,235,,PFmax,OPTIMAL,5.046,5984,266,[266],11,928,5046,0,0,10,1322,frontEnd=nvp_three_version;rasta=none;powspec=none;audspec=none;compJah=nvp_three_version;rastaFilter=none;backEnd=low_sil_diverse_doer_checker,True,True,294,,,,,294,OPTIMAL,0.46,True
v_nvp,1.25,235,,NP,OPTIMAL,4.132,5984,266,[266],11,928,5046,0,0,10,1492,frontEnd=nvp_three_version;rasta=none;powspec=none;audspec=none;compJah=nvp_three_version;rastaFilter=none;backEnd=low_sil_diverse_doer_checker,True,,294,,,,,294,OPTIMAL,0.468,True
d_systematic_sw,-,,p_sw,min_period,OPTIMAL,3.651,3547,235,[235],9,704,2837,922,0,6,1188,frontEnd=low_sil_diverse_doer_checker;rasta=none;powspec=none;audspec=low_sil_diverse_doer_checker;compJah=same_cpu_doer_checker;rastaFilter=none;backEnd=same_cpu_doer_checker,True,,,,,,,235,,,
d_systematic_sw,1.00,235,p_sw,joint,OPTIMAL,2.506,2104,235,[235],7,299,1802,0,0,3,656,frontEnd=same_cpu_doer_checker;rasta=none;powspec=none;audspec=none;compJah=same_cpu_doer_checker;rastaFilter=none;backEnd=same_cpu_doer_checker,True,,235,,,,,235,OPTIMAL,0.453,True
d_systematic_sw,1.00,235,p_sw,PFmin,OPTIMAL,4.458,2104,235,[235],7,299,1802,0,0,3,656,frontEnd=same_cpu_doer_checker;rasta=none;powspec=none;audspec=none;compJah=same_cpu_doer_checker;rastaFilter=none;backEnd=same_cpu_doer_checker,True,True,235,,,,,235,OPTIMAL,0.434,True
d_systematic_sw,1.00,235,p_sw,PFmax,OPTIMAL,1.89,2312,235,[235],10,504,1802,0,0,6,1024,frontEnd=low_sil_diverse_doer_checker;rasta=none;powspec=none;audspec=none;compJah=low_sil_diverse_doer_checker;rastaFilter=none;backEnd=low_sil_diverse_doer_checker,True,True,235,,,,,235,OPTIMAL,0.445,True
d_systematic_sw,1.00,235,p_sw,NP,OPTIMAL,5.969,2104,235,[235],7,299,1802,0,0,3,656,frontEnd=same_cpu_doer_checker;rasta=none;powspec=none;audspec=none;compJah=same_cpu_doer_checker;rastaFilter=none;backEnd=same_cpu_doer_checker,True,,235,,,,,235,OPTIMAL,0.427,True
d_systematic_sw,1.10,235,p_sw,joint,OPTIMAL,3.325,2104,235,[235],7,299,1802,0,0,3,656,frontEnd=same_cpu_doer_checker;rasta=none;powspec=none;audspec=none;compJah=same_cpu_doer_checker;rastaFilter=none;backEnd=same_cpu_doer_checker,True,,259,,,,,259,OPTIMAL,0.46,True
d_systematic_sw,1.10,235,p_sw,PFmin,OPTIMAL,2.576,2104,235,[235],7,299,1802,0,0,3,656,frontEnd=same_cpu_doer_checker;rasta=none;powspec=none;audspec=none;compJah=same_cpu_doer_checker;rastaFilter=none;backEnd=same_cpu_doer_checker,True,True,259,,,,,259,OPTIMAL,0.451,True
d_systematic_sw,1.10,235,p_sw,PFmax,OPTIMAL,2.331,2309,252,[252],10,501,1802,0,0,6,992,frontEnd=low_sil_diverse_doer_checker;rasta=none;powspec=none;audspec=none;compJah=low_sil_diverse_doer_checker;rastaFilter=none;backEnd=low_sil_diverse_doer_checker,True,True,259,,,,,259,OPTIMAL,0.466,True
d_systematic_sw,1.10,235,p_sw,NP,OPTIMAL,2.173,2104,235,[235],7,299,1802,0,0,3,656,frontEnd=same_cpu_doer_checker;rasta=none;powspec=none;audspec=none;compJah=same_cpu_doer_checker;rastaFilter=none;backEnd=same_cpu_doer_checker,True,,259,,,,,259,OPTIMAL,0.466,True
d_systematic_sw,1.25,235,p_sw,joint,OPTIMAL,3.514,1920,293,[293],7,115,1802,0,0,3,376,frontEnd=same_cpu_doer_checker;rasta=none;powspec=none;audspec=none;compJah=same_cpu_doer_checker;rastaFilter=none;backEnd=same_cpu_doer_checker,True,,294,,,,,294,OPTIMAL,0.445,True
d_systematic_sw,1.25,235,p_sw,PFmin,OPTIMAL,2.275,1920,293,[293],7,115,1802,0,0,3,376,frontEnd=same_cpu_doer_checker;rasta=none;powspec=none;audspec=none;compJah=same_cpu_doer_checker;rastaFilter=none;backEnd=same_cpu_doer_checker,True,True,294,,,,,294,OPTIMAL,0.449,True
d_systematic_sw,1.25,235,p_sw,PFmax,OPTIMAL,3.32,2268,291,[291],8,460,1802,0,0,6,912,frontEnd=low_sil_diverse_doer_checker;rasta=none;powspec=none;audspec=none;compJah=low_sil_diverse_doer_checker;rastaFilter=none;backEnd=low_sil_diverse_doer_checker,True,True,294,,,,,294,OPTIMAL,0.462,True
d_systematic_sw,1.25,235,p_sw,NP,OPTIMAL,1.714,1920,293,[293],7,115,1802,0,0,3,376,frontEnd=same_cpu_doer_checker;rasta=none;powspec=none;audspec=none;compJah=same_cpu_doer_checker;rastaFilter=none;backEnd=same_cpu_doer_checker,True,,294,,,,,294,OPTIMAL,0.43,True
p_rasta,1.00,235,,PFlight,OPTIMAL,3.771,3618,235,[235],9,623,2974,0,15,6,1124,frontEnd=high_sil_isolated_checker;rasta=none;powspec=none;audspec=none;compJah=high_sil_isolated_checker;rastaFilter=none;backEnd=low_sil_doer_checker,True,True,235,,,,,235,OPTIMAL,0.589,True
p_rasta,1.00,235,,PFcheap,OPTIMAL,3.351,3618,235,[235],9,623,2974,0,15,6,1124,frontEnd=high_sil_isolated_checker;rasta=none;powspec=none;audspec=none;compJah=high_sil_isolated_checker;rastaFilter=none;backEnd=low_sil_doer_checker,True,True,235,,,,,235,OPTIMAL,0.554,True
p_rasta,1.10,235,,PFlight,OPTIMAL,3.519,3615,245,[245],9,620,2974,0,15,6,1092,frontEnd=high_sil_isolated_checker;rasta=none;powspec=none;audspec=none;compJah=high_sil_isolated_checker;rastaFilter=none;backEnd=low_sil_doer_checker,True,True,259,,,,,259,OPTIMAL,0.549,True
p_rasta,1.10,235,,PFcheap,OPTIMAL,3.604,3615,245,[245],9,620,2974,0,15,6,1092,frontEnd=high_sil_isolated_checker;rasta=none;powspec=none;audspec=none;compJah=high_sil_isolated_checker;rastaFilter=none;backEnd=low_sil_doer_checker,True,True,259,,,,,259,OPTIMAL,0.596,True
p_rasta,1.25,235,,PFlight,OPTIMAL,4.346,3467,277,[277],8,457,2974,0,30,6,880,frontEnd=high_sil_isolated_checker;rasta=none;powspec=none;audspec=none;compJah=high_sil_isolated_checker;rastaFilter=none;backEnd=low_sil_doer_checker,True,True,294,,,,,294,OPTIMAL,0.551,True
p_rasta,1.25,235,,PFcheap,OPTIMAL,4.662,3467,277,[277],8,457,2974,0,30,6,880,frontEnd=high_sil_isolated_checker;rasta=none;powspec=none;audspec=none;compJah=high_sil_isolated_checker;rastaFilter=none;backEnd=low_sil_doer_checker,True,True,294,,,,,294,OPTIMAL,0.55,True
p_rasta,1.50,235,,joint,OPTIMAL,20.686,3452,310,[310],8,457,2974,0,15,6,880,frontEnd=high_sil_isolated_checker;rasta=none;powspec=none;audspec=none;compJah=high_sil_isolated_checker;rastaFilter=none;backEnd=low_sil_doer_checker,True,,353,,,,,353,OPTIMAL,0.531,True
p_rasta,1.50,235,,PFmin,OPTIMAL,4.253,3455,340,[340],8,460,2974,0,15,6,912,frontEnd=two_of_two_high_sil;rasta=none;powspec=none;audspec=none;compJah=two_of_two_high_sil;rastaFilter=none;backEnd=low_sil_doer_checker,True,True,353,,,,,353,OPTIMAL,0.541,True
p_rasta,1.50,235,,PFmax,OPTIMAL,4.494,3458,353,[353],8,463,2974,0,15,6,944,frontEnd=two_of_two_high_sil;rasta=none;powspec=none;audspec=none;compJah=two_of_two_high_sil;rastaFilter=none;backEnd=low_sil_diverse_doer_checker,True,True,353,,,,,353,OPTIMAL,0.57,True
p_rasta,1.50,235,,NP,OPTIMAL,14.567,3452,340,[340],8,457,2974,0,15,6,880,frontEnd=high_sil_isolated_checker;rasta=none;powspec=none;audspec=none;compJah=two_of_two_high_sil;rastaFilter=none;backEnd=low_sil_doer_checker,True,,353,,,,,353,OPTIMAL,0.538,True
p_rasta,1.50,235,,PFlight,OPTIMAL,5.509,3452,310,[310],8,457,2974,0,15,6,880,frontEnd=high_sil_isolated_checker;rasta=none;powspec=none;audspec=none;compJah=high_sil_isolated_checker;rastaFilter=none;backEnd=low_sil_doer_checker,True,True,353,,,,,353,OPTIMAL,0.534,True
p_rasta,1.50,235,,PFcheap,OPTIMAL,5.134,3452,310,[310],8,457,2974,0,15,6,880,frontEnd=high_sil_isolated_checker;rasta=none;powspec=none;audspec=none;compJah=high_sil_isolated_checker;rastaFilter=none;backEnd=low_sil_doer_checker,True,True,353,,,,,353,OPTIMAL,0.537,True
p_rasta,2.00,235,,joint,OPTIMAL,22.045,3399,449,[449],5,404,2974,0,15,6,652,frontEnd=high_sil_isolated_checker;rasta=none;powspec=none;audspec=none;compJah=high_sil_isolated_checker;rastaFilter=none;backEnd=low_sil_doer_checker,True,,470,,,,,470,OPTIMAL,0.545,True
p_rasta,2.00,235,,PFmin,OPTIMAL,5.823,3400,451,[451],7,420,2974,0,0,6,732,frontEnd=two_of_two_high_sil;rasta=none;powspec=none;audspec=none;compJah=two_of_two_high_sil;rastaFilter=none;backEnd=low_sil_doer_checker,True,True,470,,,,,470,OPTIMAL,0.55,True
p_rasta,2.00,235,,PFmax,OPTIMAL,6.28,3407,451,[451],6,412,2974,0,15,6,692,frontEnd=two_of_two_high_sil;rasta=none;powspec=none;audspec=none;compJah=two_of_two_high_sil;rastaFilter=none;backEnd=low_sil_diverse_doer_checker,True,True,470,,,,,470,OPTIMAL,0.53,True
p_rasta,2.00,235,,NP,OPTIMAL,20.507,3399,449,[449],5,404,2974,0,15,6,652,frontEnd=high_sil_isolated_checker;rasta=none;powspec=none;audspec=none;compJah=high_sil_isolated_checker;rastaFilter=none;backEnd=low_sil_doer_checker,True,,470,,,,,470,OPTIMAL,0.548,True
p_rasta,2.00,235,,PFlight,OPTIMAL,13.9,3399,449,[449],5,404,2974,0,15,6,652,frontEnd=high_sil_isolated_checker;rasta=none;powspec=none;audspec=none;compJah=high_sil_isolated_checker;rastaFilter=none;backEnd=low_sil_doer_checker,True,True,470,,,,,470,OPTIMAL,0.533,True
p_rasta,2.00,235,,PFcheap,OPTIMAL,13.267,3399,449,[449],5,404,2974,0,15,6,652,frontEnd=high_sil_isolated_checker;rasta=none;powspec=none;audspec=none;compJah=high_sil_isolated_checker;rastaFilter=none;backEnd=low_sil_doer_checker,True,True,470,,,,,470,OPTIMAL,0.549,True
f_random_hw,1.00,235,p_rasta_noiso,PFlight,OPTIMAL,3.346,3636,235,[235],10,656,2974,0,0,6,1164,frontEnd=high_sil_isolated_checker;rasta=none;powspec=none;audspec=none;compJah=high_sil_isolated_checker;rastaFilter=none;backEnd=low_sil_doer_checker,True,True,235,,,,,235,OPTIMAL,0.549,True
f_random_hw,1.00,235,p_rasta_noiso,PFcheap,OPTIMAL,3.351,3636,235,[235],10,656,2974,0,0,6,1164,frontEnd=high_sil_isolated_checker;rasta=none;powspec=none;audspec=none;compJah=high_sil_isolated_checker;rastaFilter=none;backEnd=low_sil_doer_checker,True,True,235,,,,,235,OPTIMAL,0.536,True
f_random_hw,1.10,235,p_rasta_noiso,PFlight,OPTIMAL,3.275,3636,235,[235],10,656,2974,0,0,6,1164,frontEnd=high_sil_isolated_checker;rasta=none;powspec=none;audspec=none;compJah=high_sil_isolated_checker;rastaFilter=none;backEnd=low_sil_doer_checker,True,True,259,,,,,259,OPTIMAL,0.546,True
f_random_hw,1.10,235,p_rasta_noiso,PFcheap,OPTIMAL,3.259,3636,235,[235],10,656,2974,0,0,6,1164,frontEnd=high_sil_isolated_checker;rasta=none;powspec=none;audspec=none;compJah=high_sil_isolated_checker;rastaFilter=none;backEnd=low_sil_doer_checker,True,True,259,,,,,259,OPTIMAL,0.554,True
f_random_hw,1.25,235,p_rasta_noiso,PFlight,OPTIMAL,4.004,3484,282,[282],10,504,2974,0,0,6,1024,frontEnd=high_sil_isolated_checker;rasta=none;powspec=none;audspec=none;compJah=high_sil_isolated_checker;rastaFilter=none;backEnd=low_sil_doer_checker,True,True,294,,,,,294,OPTIMAL,0.536,True
f_random_hw,1.25,235,p_rasta_noiso,PFcheap,OPTIMAL,3.812,3484,282,[282],10,504,2974,0,0,6,1024,frontEnd=high_sil_isolated_checker;rasta=none;powspec=none;audspec=none;compJah=high_sil_isolated_checker;rastaFilter=none;backEnd=low_sil_doer_checker,True,True,294,,,,,294,OPTIMAL,0.552,True
f_random_hw,1.50,235,p_rasta_noiso,joint,OPTIMAL,19.794,3473,319,[319],9,493,2974,0,0,6,952,frontEnd=high_sil_isolated_checker;rasta=none;powspec=none;audspec=none;compJah=high_sil_isolated_checker;rastaFilter=none;backEnd=low_sil_doer_checker,True,,353,,,,,353,OPTIMAL,0.536,True
f_random_hw,1.50,235,p_rasta_noiso,PFmin,OPTIMAL,4.749,3473,340,[340],9,493,2974,0,0,6,952,frontEnd=two_of_two_high_sil;rasta=none;powspec=none;audspec=none;compJah=two_of_two_high_sil;rastaFilter=none;backEnd=low_sil_doer_checker,True,True,353,,,,,353,OPTIMAL,0.55,True
f_random_hw,1.50,235,p_rasta_noiso,PFmax,OPTIMAL,4.665,3473,340,[340],9,493,2974,0,0,6,952,frontEnd=two_of_two_high_sil;rasta=none;powspec=none;audspec=none;compJah=two_of_two_high_sil;rastaFilter=none;backEnd=low_sil_diverse_doer_checker,True,True,353,,,,,353,OPTIMAL,0.608,True
f_random_hw,1.50,235,p_rasta_noiso,NP,OPTIMAL,7.111,3473,319,[319],9,493,2974,0,0,6,952,frontEnd=two_of_two_high_sil;rasta=none;powspec=none;audspec=none;compJah=high_sil_isolated_checker;rastaFilter=none;backEnd=low_sil_doer_checker,True,,353,,,,,353,OPTIMAL,0.571,True
f_random_hw,1.50,235,p_rasta_noiso,PFlight,OPTIMAL,4.725,3473,319,[319],9,493,2974,0,0,6,952,frontEnd=high_sil_isolated_checker;rasta=none;powspec=none;audspec=none;compJah=high_sil_isolated_checker;rastaFilter=none;backEnd=low_sil_doer_checker,True,True,353,,,,,353,OPTIMAL,0.571,True
f_random_hw,1.50,235,p_rasta_noiso,PFcheap,OPTIMAL,4.394,3473,319,[319],9,493,2974,0,0,6,952,frontEnd=high_sil_isolated_checker;rasta=none;powspec=none;audspec=none;compJah=high_sil_isolated_checker;rastaFilter=none;backEnd=low_sil_doer_checker,True,True,353,,,,,353,OPTIMAL,0.537,True
f_random_hw,2.00,235,p_rasta_noiso,joint,OPTIMAL,10.852,3400,449,[449],7,420,2974,0,0,6,732,frontEnd=high_sil_isolated_checker;rasta=none;powspec=none;audspec=none;compJah=high_sil_isolated_checker;rastaFilter=none;backEnd=low_sil_doer_checker,True,,470,,,,,470,OPTIMAL,0.552,True
f_random_hw,2.00,235,p_rasta_noiso,PFmin,OPTIMAL,4.93,3400,451,[451],7,420,2974,0,0,6,732,frontEnd=two_of_two_high_sil;rasta=none;powspec=none;audspec=none;compJah=two_of_two_high_sil;rastaFilter=none;backEnd=low_sil_doer_checker,True,True,470,,,,,470,OPTIMAL,0.545,True
f_random_hw,2.00,235,p_rasta_noiso,PFmax,OPTIMAL,4.839,3425,451,[451],7,445,2974,0,0,6,732,frontEnd=two_of_two_high_sil;rasta=none;powspec=none;audspec=none;compJah=two_of_two_high_sil;rastaFilter=none;backEnd=low_sil_diverse_doer_checker,True,True,470,,,,,470,OPTIMAL,0.522,True
f_random_hw,2.00,235,p_rasta_noiso,NP,OPTIMAL,6.413,3400,449,[449],7,420,2974,0,0,6,732,frontEnd=high_sil_isolated_checker;rasta=none;powspec=none;audspec=none;compJah=two_of_two_high_sil;rastaFilter=none;backEnd=low_sil_doer_checker,True,,470,,,,,470,OPTIMAL,0.533,True
f_random_hw,2.00,235,p_rasta_noiso,PFlight,OPTIMAL,4.479,3400,449,[449],7,420,2974,0,0,6,732,frontEnd=high_sil_isolated_checker;rasta=none;powspec=none;audspec=none;compJah=high_sil_isolated_checker;rastaFilter=none;backEnd=low_sil_doer_checker,True,True,470,,,,,470,OPTIMAL,0.524,True
f_random_hw,2.00,235,p_rasta_noiso,PFcheap,OPTIMAL,6.084,3400,449,[449],7,420,2974,0,0,6,732,frontEnd=high_sil_isolated_checker;rasta=none;powspec=none;audspec=none;compJah=high_sil_isolated_checker;rastaFilter=none;backEnd=low_sil_doer_checker,True,True,470,,,,,470,OPTIMAL,0.545,True
d_random_hw,1.00,235,,PFlight,OPTIMAL,2.613,2137,235,[235],10,329,1802,0,0,6,840,frontEnd=low_sil_doer_checker;rasta=none;powspec=none;audspec=none;compJah=low_sil_doer_checker;rastaFilter=none;backEnd=low_sil_doer_checker,True,True,235,,,,,235,OPTIMAL,0.487,True
d_random_hw,1.00,235,,PFcheap,OPTIMAL,2.424,2137,235,[235],10,329,1802,0,0,6,840,frontEnd=low_sil_doer_checker;rasta=none;powspec=none;audspec=none;compJah=low_sil_doer_checker;rastaFilter=none;backEnd=low_sil_doer_checker,True,True,235,,,,,235,OPTIMAL,0.504,True
d_random_hw,1.10,235,,PFlight,OPTIMAL,3.123,2131,252,[252],10,323,1802,0,0,6,776,frontEnd=low_sil_doer_checker;rasta=none;powspec=none;audspec=none;compJah=low_sil_doer_checker;rastaFilter=none;backEnd=low_sil_doer_checker,True,True,259,,,,,259,OPTIMAL,0.487,True
d_random_hw,1.10,235,,PFcheap,OPTIMAL,3.137,2131,252,[252],10,323,1802,0,0,6,776,frontEnd=low_sil_doer_checker;rasta=none;powspec=none;audspec=none;compJah=low_sil_doer_checker;rastaFilter=none;backEnd=low_sil_doer_checker,True,True,259,,,,,259,OPTIMAL,0.463,True
d_random_hw,1.25,235,,PFlight,OPTIMAL,6.962,1972,293,[293],10,164,1802,0,0,6,496,frontEnd=low_sil_doer_checker;rasta=none;powspec=none;audspec=none;compJah=low_sil_doer_checker;rastaFilter=none;backEnd=low_sil_doer_checker,True,True,294,,,,,294,OPTIMAL,0.47,True
d_random_hw,1.25,235,,PFcheap,OPTIMAL,4.78,1972,293,[293],10,164,1802,0,0,6,496,frontEnd=low_sil_doer_checker;rasta=none;powspec=none;audspec=none;compJah=low_sil_doer_checker;rastaFilter=none;backEnd=low_sil_doer_checker,True,True,294,,,,,294,OPTIMAL,0.489,True
d_random_hw,1.50,235,,joint,OPTIMAL,9.463,1934,329,[329],8,126,1802,0,0,6,448,frontEnd=low_sil_doer_checker;rasta=none;powspec=none;audspec=none;compJah=low_sil_doer_checker;rastaFilter=none;backEnd=low_sil_doer_checker,True,,353,,,,,353,OPTIMAL,0.496,True
d_random_hw,1.50,235,,PFmin,OPTIMAL,3.502,1934,329,[329],8,126,1802,0,0,6,448,frontEnd=low_sil_doer_checker;rasta=none;powspec=none;audspec=none;compJah=low_sil_doer_checker;rastaFilter=none;backEnd=low_sil_doer_checker,True,True,353,,,,,353,OPTIMAL,0.509,True
d_random_hw,1.50,235,,PFmax,OPTIMAL,3.42,1934,329,[329],8,126,1802,0,0,6,448,frontEnd=low_sil_diverse_doer_checker;rasta=none;powspec=none;audspec=none;compJah=low_sil_diverse_doer_checker;rastaFilter=none;backEnd=low_sil_diverse_doer_checker,True,True,353,,,,,353,OPTIMAL,0.46,True
d_random_hw,1.50,235,,NP,OPTIMAL,5.147,1934,329,[329],8,126,1802,0,0,6,448,frontEnd=low_sil_doer_checker;rasta=none;powspec=none;audspec=none;compJah=low_sil_doer_checker;rastaFilter=none;backEnd=low_sil_doer_checker,True,,353,,,,,353,OPTIMAL,0.476,True
d_random_hw,1.50,235,,PFlight,OPTIMAL,3.108,1934,329,[329],8,126,1802,0,0,6,448,frontEnd=low_sil_doer_checker;rasta=none;powspec=none;audspec=none;compJah=low_sil_doer_checker;rastaFilter=none;backEnd=low_sil_doer_checker,True,True,353,,,,,353,OPTIMAL,0.446,True
d_random_hw,1.50,235,,PFcheap,OPTIMAL,3.46,1934,329,[329],8,126,1802,0,0,6,448,frontEnd=low_sil_doer_checker;rasta=none;powspec=none;audspec=none;compJah=low_sil_doer_checker;rastaFilter=none;backEnd=low_sil_doer_checker,True,True,353,,,,,353,OPTIMAL,0.463,True
d_random_hw,2.00,235,,joint,OPTIMAL,7.334,1912,465,[465],6,104,1802,0,0,6,304,frontEnd=low_sil_doer_checker;rasta=none;powspec=none;audspec=none;compJah=low_sil_doer_checker;rastaFilter=none;backEnd=low_sil_doer_checker,True,,470,,,,,470,OPTIMAL,0.508,True
d_random_hw,2.00,235,,PFmin,OPTIMAL,3.64,1912,465,[465],6,104,1802,0,0,6,304,frontEnd=low_sil_doer_checker;rasta=none;powspec=none;audspec=none;compJah=low_sil_doer_checker;rastaFilter=none;backEnd=low_sil_doer_checker,True,True,470,,,,,470,OPTIMAL,0.467,True
d_random_hw,2.00,235,,PFmax,OPTIMAL,3.459,1912,465,[465],6,104,1802,0,0,6,304,frontEnd=low_sil_diverse_doer_checker;rasta=none;powspec=none;audspec=none;compJah=low_sil_diverse_doer_checker;rastaFilter=none;backEnd=low_sil_diverse_doer_checker,True,True,470,,,,,470,OPTIMAL,0.458,True
d_random_hw,2.00,235,,NP,OPTIMAL,4.819,1912,465,[465],6,104,1802,0,0,6,304,frontEnd=low_sil_doer_checker;rasta=none;powspec=none;audspec=none;compJah=low_sil_doer_checker;rastaFilter=none;backEnd=low_sil_doer_checker,True,,470,,,,,470,OPTIMAL,0.465,True
d_random_hw,2.00,235,,PFlight,OPTIMAL,3.712,1912,465,[465],6,104,1802,0,0,6,304,frontEnd=low_sil_doer_checker;rasta=none;powspec=none;audspec=none;compJah=low_sil_doer_checker;rastaFilter=none;backEnd=low_sil_doer_checker,True,True,470,,,,,470,OPTIMAL,0.475,True
d_random_hw,2.00,235,,PFcheap,OPTIMAL,3.866,1912,465,[465],6,104,1802,0,0,6,304,frontEnd=low_sil_doer_checker;rasta=none;powspec=none;audspec=none;compJah=low_sil_doer_checker;rastaFilter=none;backEnd=low_sil_doer_checker,True,True,470,,,,,470,OPTIMAL,0.457,True
d_systematic_sw,1.00,235,p_sw,PFlight,OPTIMAL,4.251,2104,235,[235],7,299,1802,0,0,3,656,frontEnd=same_cpu_doer_checker;rasta=none;powspec=none;audspec=none;compJah=same_cpu_doer_checker;rastaFilter=none;backEnd=same_cpu_doer_checker,True,True,235,,,,,235,OPTIMAL,0.452,True
d_systematic_sw,1.00,235,p_sw,PFcheap,OPTIMAL,4.437,2104,235,[235],7,299,1802,0,0,3,656,frontEnd=same_cpu_doer_checker;rasta=none;powspec=none;audspec=none;compJah=same_cpu_doer_checker;rastaFilter=none;backEnd=same_cpu_doer_checker,True,True,235,,,,,235,OPTIMAL,0.474,True
d_systematic_sw,1.10,235,p_sw,PFlight,OPTIMAL,2.629,2104,235,[235],7,299,1802,0,0,3,656,frontEnd=same_cpu_doer_checker;rasta=none;powspec=none;audspec=none;compJah=same_cpu_doer_checker;rastaFilter=none;backEnd=same_cpu_doer_checker,True,True,259,,,,,259,OPTIMAL,0.44,True
d_systematic_sw,1.10,235,p_sw,PFcheap,OPTIMAL,2.638,2104,235,[235],7,299,1802,0,0,3,656,frontEnd=same_cpu_doer_checker;rasta=none;powspec=none;audspec=none;compJah=same_cpu_doer_checker;rastaFilter=none;backEnd=same_cpu_doer_checker,True,True,259,,,,,259,OPTIMAL,0.46,True
d_systematic_sw,1.25,235,p_sw,PFlight,OPTIMAL,2.405,1920,293,[293],7,115,1802,0,0,3,376,frontEnd=same_cpu_doer_checker;rasta=none;powspec=none;audspec=none;compJah=same_cpu_doer_checker;rastaFilter=none;backEnd=same_cpu_doer_checker,True,True,294,,,,,294,OPTIMAL,0.476,True
d_systematic_sw,1.25,235,p_sw,PFcheap,OPTIMAL,2.363,1920,293,[293],7,115,1802,0,0,3,376,frontEnd=same_cpu_doer_checker;rasta=none;powspec=none;audspec=none;compJah=same_cpu_doer_checker;rastaFilter=none;backEnd=same_cpu_doer_checker,True,True,294,,,,,294,OPTIMAL,0.431,True
d_systematic_sw,1.50,235,p_sw,joint,OPTIMAL,5.169,1909,319,[319],6,104,1802,0,0,3,304,frontEnd=same_cpu_doer_checker;rasta=none;powspec=none;audspec=none;compJah=same_cpu_doer_checker;rastaFilter=none;backEnd=same_cpu_doer_checker,True,,353,,,,,353,OPTIMAL,0.455,True
d_systematic_sw,1.50,235,p_sw,PFmin,OPTIMAL,1.976,1909,319,[319],6,104,1802,0,0,3,304,frontEnd=same_cpu_doer_checker;rasta=none;powspec=none;audspec=none;compJah=same_cpu_doer_checker;rastaFilter=none;backEnd=same_cpu_doer_checker,True,True,353,,,,,353,OPTIMAL,0.447,True
d_systematic_sw,1.50,235,p_sw,PFmax,OPTIMAL,2.858,2112,345,[345],8,304,1802,0,0,6,664,frontEnd=low_sil_diverse_doer_checker;rasta=none;powspec=none;audspec=none;compJah=low_sil_diverse_doer_checker;rastaFilter=none;backEnd=low_sil_diverse_doer_checker,True,True,353,,,,,353,OPTIMAL,0.442,True
d_systematic_sw,1.50,235,p_sw,NP,OPTIMAL,1.774,1909,319,[319],6,104,1802,0,0,3,304,frontEnd=same_cpu_doer_checker;rasta=none;powspec=none;audspec=none;compJah=same_cpu_doer_checker;rastaFilter=none;backEnd=same_cpu_doer_checker,True,,353,,,,,353,OPTIMAL,0.452,True
d_systematic_sw,1.50,235,p_sw,PFlight,OPTIMAL,1.941,1909,319,[319],6,104,1802,0,0,3,304,frontEnd=same_cpu_doer_checker;rasta=none;powspec=none;audspec=none;compJah=same_cpu_doer_checker;rastaFilter=none;backEnd=same_cpu_doer_checker,True,True,353,,,,,353,OPTIMAL,0.446,True
d_systematic_sw,1.50,235,p_sw,PFcheap,OPTIMAL,1.906,1909,319,[319],6,104,1802,0,0,3,304,frontEnd=same_cpu_doer_checker;rasta=none;powspec=none;audspec=none;compJah=same_cpu_doer_checker;rastaFilter=none;backEnd=same_cpu_doer_checker,True,True,353,,,,,353,OPTIMAL,0.455,True
d_systematic_sw,2.00,235,p_sw,joint,OPTIMAL,3.875,1898,449,[449],5,93,1802,0,0,3,232,frontEnd=same_cpu_doer_checker;rasta=none;powspec=none;audspec=none;compJah=same_cpu_doer_checker;rastaFilter=none;backEnd=same_cpu_doer_checker,True,,470,,,,,470,OPTIMAL,0.449,True
d_systematic_sw,2.00,235,p_sw,PFmin,OPTIMAL,2.273,1898,449,[449],5,93,1802,0,0,3,232,frontEnd=same_cpu_doer_checker;rasta=none;powspec=none;audspec=none;compJah=same_cpu_doer_checker;rastaFilter=none;backEnd=same_cpu_doer_checker,True,True,470,,,,,470,OPTIMAL,0.442,True
d_systematic_sw,2.00,235,p_sw,PFmax,OPTIMAL,2.769,2068,465,[465],6,260,1802,0,0,6,552,frontEnd=low_sil_diverse_doer_checker;rasta=none;powspec=none;audspec=none;compJah=low_sil_diverse_doer_checker;rastaFilter=none;backEnd=low_sil_diverse_doer_checker,True,True,470,,,,,470,OPTIMAL,0.445,True
d_systematic_sw,2.00,235,p_sw,NP,OPTIMAL,1.797,1898,449,[449],5,93,1802,0,0,3,232,frontEnd=same_cpu_doer_checker;rasta=none;powspec=none;audspec=none;compJah=same_cpu_doer_checker;rastaFilter=none;backEnd=same_cpu_doer_checker,True,,470,,,,,470,OPTIMAL,0.457,True
d_systematic_sw,2.00,235,p_sw,PFlight,OPTIMAL,2.677,1898,449,[449],5,93,1802,0,0,3,232,frontEnd=same_cpu_doer_checker;rasta=none;powspec=none;audspec=none;compJah=same_cpu_doer_checker;rastaFilter=none;backEnd=same_cpu_doer_checker,True,True,470,,,,,470,OPTIMAL,0.437,True
d_systematic_sw,2.00,235,p_sw,PFcheap,OPTIMAL,2.329,1898,449,[449],5,93,1802,0,0,3,232,frontEnd=same_cpu_doer_checker;rasta=none;powspec=none;audspec=none;compJah=same_cpu_doer_checker;rastaFilter=none;backEnd=same_cpu_doer_checker,True,True,470,,,,,470,OPTIMAL,0.445,True
f_sw3,1.00,235,,PFlight,OPTIMAL,2.608,4670,235,[235],9,653,4010,0,0,7,1064,frontEnd=mixed_sil_doer_checker;rasta=none;powspec=none;audspec=none;compJah=mixed_sil_doer_checker;rastaFilter=none;backEnd=same_cpu_doer_checker,True,True,235,,,,,235,OPTIMAL,0.523,True
f_sw3,1.00,235,,PFcheap,UNSAT,1.007,,,,,,,,,,,frontEnd=two_of_two_high_sil;rasta=none;powspec=none;audspec=none;compJah=two_of_two_high_sil;rastaFilter=none;backEnd=same_cpu_doer_checker,,,235,,,,,,,,
f_sw3,1.10,235,,PFlight,OPTIMAL,3.877,4670,235,[235],9,653,4010,0,0,7,1064,frontEnd=mixed_sil_doer_checker;rasta=none;powspec=none;audspec=none;compJah=mixed_sil_doer_checker;rastaFilter=none;backEnd=same_cpu_doer_checker,True,True,259,,,,,259,OPTIMAL,0.61,True
f_sw3,1.10,235,,PFcheap,UNSAT,1.091,,,,,,,,,,,frontEnd=two_of_two_high_sil;rasta=none;powspec=none;audspec=none;compJah=two_of_two_high_sil;rastaFilter=none;backEnd=same_cpu_doer_checker,,,259,,,,,,,,
f_sw3,1.25,235,,PFlight,OPTIMAL,4.156,4502,290,[290],7,485,4010,0,0,7,844,frontEnd=mixed_sil_doer_checker;rasta=none;powspec=none;audspec=none;compJah=mixed_sil_doer_checker;rastaFilter=none;backEnd=same_cpu_doer_checker,True,True,294,,,,,294,OPTIMAL,0.645,True
f_sw3,1.25,235,,PFcheap,UNSAT,0.902,,,,,,,,,,,frontEnd=two_of_two_high_sil;rasta=none;powspec=none;audspec=none;compJah=two_of_two_high_sil;rastaFilter=none;backEnd=same_cpu_doer_checker,,,294,,,,,,,,
f_sw3,1.50,235,,joint,OPTIMAL,5.593,3988,319,[319],8,490,3492,0,0,6,852,frontEnd=two_of_two_high_sil;rasta=none;powspec=none;audspec=none;compJah=mixed_sil_doer_checker;rastaFilter=none;backEnd=same_cpu_doer_checker,True,,353,,,,,353,OPTIMAL,0.475,True
f_sw3,1.50,235,,PFmin,UNSAT,1.252,,,,,,,,,,,frontEnd=two_of_two_high_sil;rasta=none;powspec=none;audspec=none;compJah=two_of_two_high_sil;rastaFilter=none;backEnd=same_cpu_doer_checker,,,353,,,,,,,,
f_sw3,1.50,235,,PFmax,UNSAT,1.225,,,,,,,,,,,frontEnd=two_of_two_high_sil;rasta=none;powspec=none;audspec=none;compJah=two_of_two_high_sil;rastaFilter=none;backEnd=low_sil_diverse_doer_checker,,,353,,,,,,,,
f_sw3,1.50,235,,NP,OPTIMAL,3.825,3988,319,[319],8,490,3492,0,0,6,767,frontEnd=two_of_two_high_sil;rasta=none;powspec=none;audspec=none;compJah=mixed_sil_doer_checker;rastaFilter=none;backEnd=same_cpu_doer_checker,True,,353,,,,,353,OPTIMAL,0.49,True
f_sw3,1.50,235,,PFlight,OPTIMAL,3.255,4462,335,[335],7,445,4010,0,0,7,617,frontEnd=mixed_sil_doer_checker;rasta=none;powspec=none;audspec=none;compJah=mixed_sil_doer_checker;rastaFilter=none;backEnd=same_cpu_doer_checker,True,True,353,,,,,353,OPTIMAL,0.483,True
f_sw3,1.50,235,,PFcheap,UNSAT,1.411,,,,,,,,,,,frontEnd=two_of_two_high_sil;rasta=none;powspec=none;audspec=none;compJah=two_of_two_high_sil;rastaFilter=none;backEnd=same_cpu_doer_checker,,,353,,,,,,,,
f_sw3,2.00,235,,joint,OPTIMAL,6.635,3421,461,[461],6,442,2974,0,0,5,632,frontEnd=two_of_two_high_sil;rasta=none;powspec=none;audspec=none;compJah=two_of_two_high_sil;rastaFilter=none;backEnd=same_cpu_doer_checker,True,,470,,,,,470,OPTIMAL,0.505,True
f_sw3,2.00,235,,PFmin,OPTIMAL,3.308,3421,461,[461],6,442,2974,0,0,5,632,frontEnd=two_of_two_high_sil;rasta=none;powspec=none;audspec=none;compJah=two_of_two_high_sil;rastaFilter=none;backEnd=same_cpu_doer_checker,True,True,470,,,,,470,OPTIMAL,0.497,True
f_sw3,2.00,235,,PFmax,OPTIMAL,3.563,3462,461,[461],7,482,2974,0,0,6,812,frontEnd=two_of_two_high_sil;rasta=none;powspec=none;audspec=none;compJah=two_of_two_high_sil;rastaFilter=none;backEnd=low_sil_diverse_doer_checker,True,True,470,,,,,470,OPTIMAL,0.488,True
f_sw3,2.00,235,,NP,OPTIMAL,3.801,3421,461,[461],6,442,2974,0,0,5,632,frontEnd=two_of_two_high_sil;rasta=none;powspec=none;audspec=none;compJah=two_of_two_high_sil;rastaFilter=none;backEnd=same_cpu_doer_checker,True,,470,,,,,470,OPTIMAL,0.494,True
f_sw3,2.00,235,,PFlight,OPTIMAL,3.664,4454,449,[449],6,437,4010,0,0,7,577,frontEnd=mixed_sil_doer_checker;rasta=none;powspec=none;audspec=none;compJah=mixed_sil_doer_checker;rastaFilter=none;backEnd=same_cpu_doer_checker,True,True,470,,,,,470,OPTIMAL,0.49,True
f_sw3,2.00,235,,PFcheap,OPTIMAL,3.303,3421,461,[461],6,442,2974,0,0,5,632,frontEnd=two_of_two_high_sil;rasta=none;powspec=none;audspec=none;compJah=two_of_two_high_sil;rastaFilter=none;backEnd=same_cpu_doer_checker,True,True,470,,,,,470,OPTIMAL,0.483,True
f_both3,1.00,235,,PFlight,OPTIMAL,3.025,4708,235,[235],10,690,4010,0,0,8,1212,frontEnd=mixed_sil_doer_checker;rasta=none;powspec=none;audspec=none;compJah=mixed_sil_doer_checker;rastaFilter=none;backEnd=low_sil_diverse_doer_checker,True,True,235,,,,,235,OPTIMAL,0.494,True
f_both3,1.00,235,,PFcheap,UNSAT,0.901,,,,,,,,,,,frontEnd=two_of_two_high_sil;rasta=none;powspec=none;audspec=none;compJah=two_of_two_high_sil;rastaFilter=none;backEnd=low_sil_diverse_doer_checker,,,235,,,,,,,,
f_both3,1.10,235,,PFlight,OPTIMAL,2.932,4708,235,[235],10,690,4010,0,0,8,1212,frontEnd=mixed_sil_doer_checker;rasta=none;powspec=none;audspec=none;compJah=mixed_sil_doer_checker;rastaFilter=none;backEnd=low_sil_diverse_doer_checker,True,True,259,,,,,259,OPTIMAL,0.472,True
f_both3,1.10,235,,PFcheap,UNSAT,0.886,,,,,,,,,,,frontEnd=two_of_two_high_sil;rasta=none;powspec=none;audspec=none;compJah=two_of_two_high_sil;rastaFilter=none;backEnd=low_sil_diverse_doer_checker,,,259,,,,,,,,
f_both3,1.25,235,,PFlight,OPTIMAL,4.534,4700,266,[266],9,682,4010,0,0,8,1172,frontEnd=mixed_sil_doer_checker;rasta=none;powspec=none;audspec=none;compJah=mixed_sil_doer_checker;rastaFilter=none;backEnd=low_sil_diverse_doer_checker,True,True,294,,,,,294,OPTIMAL,0.488,True
f_both3,1.25,235,,PFcheap,UNSAT,0.919,,,,,,,,,,,frontEnd=two_of_two_high_sil;rasta=none;powspec=none;audspec=none;compJah=two_of_two_high_sil;rastaFilter=none;backEnd=low_sil_diverse_doer_checker,,,294,,,,,,,,
f_both3,1.50,235,,joint,OPTIMAL,8.954,4149,319,[319],9,650,3492,0,0,7,1032,frontEnd=two_of_two_high_sil;rasta=none;powspec=none;audspec=none;compJah=mixed_sil_doer_checker;rastaFilter=none;backEnd=low_sil_diverse_doer_checker,True,,353,,,,,353,OPTIMAL,0.481,True
f_both3,1.50,235,,PFmin,UNSAT,1.225,,,,,,,,,,,frontEnd=two_of_two_high_sil;rasta=none;powspec=none;audspec=none;compJah=two_of_two_high_sil;rastaFilter=none;backEnd=low_sil_diverse_doer_checker,,,353,,,,,,,,
f_both3,1.50,235,,PFmax,UNSAT,1.237,,,,,,,,,,,frontEnd=two_of_two_high_sil;rasta=none;powspec=none;audspec=none;compJah=two_of_two_high_sil;rastaFilter=none;backEnd=low_sil_diverse_doer_checker,,,353,,,,,,,,
f_both3,1.50,235,,NP,OPTIMAL,4.053,4149,319,[319],9,650,3492,0,0,7,947,frontEnd=two_of_two_high_sil;rasta=none;powspec=none;audspec=none;compJah=mixed_sil_doer_checker;rastaFilter=none;backEnd=low_sil_diverse_doer_checker,True,,353,,,,,353,OPTIMAL,0.485,True
f_both3,1.50,235,,PFlight,OPTIMAL,4.78,4663,319,[319],9,645,4010,0,0,8,1062,frontEnd=mixed_sil_doer_checker;rasta=none;powspec=none;audspec=none;compJah=mixed_sil_doer_checker;rastaFilter=none;backEnd=low_sil_diverse_doer_checker,True,True,353,,,,,353,OPTIMAL,0.559,True
f_both3,1.50,235,,PFcheap,UNSAT,1.237,,,,,,,,,,,frontEnd=two_of_two_high_sil;rasta=none;powspec=none;audspec=none;compJah=two_of_two_high_sil;rastaFilter=none;backEnd=low_sil_diverse_doer_checker,,,353,,,,,,,,
f_both3,2.00,235,,joint,OPTIMAL,7.041,3462,461,[461],7,482,2974,0,0,6,812,frontEnd=two_of_two_high_sil;rasta=none;powspec=none;audspec=none;compJah=two_of_two_high_sil;rastaFilter=none;backEnd=low_sil_diverse_doer_checker,True,,470,,,,,470,OPTIMAL,0.496,True
f_both3,2.00,235,,PFmin,OPTIMAL,3.519,3462,461,[461],7,482,2974,0,0,6,812,frontEnd=two_of_two_high_sil;rasta=none;powspec=none;audspec=none;compJah=two_of_two_high_sil;rastaFilter=none;backEnd=low_sil_diverse_doer_checker,True,True,470,,,,,470,OPTIMAL,0.476,True
f_both3,2.00,235,,PFmax,OPTIMAL,3.652,3462,461,[461],7,482,2974,0,0,6,812,frontEnd=two_of_two_high_sil;rasta=none;powspec=none;audspec=none;compJah=two_of_two_high_sil;rastaFilter=none;backEnd=low_sil_diverse_doer_checker,True,True,470,,,,,470,OPTIMAL,0.5,True
f_both3,2.00,235,,NP,OPTIMAL,3.984,3462,461,[461],7,482,2974,0,0,6,727,frontEnd=two_of_two_high_sil;rasta=none;powspec=none;audspec=none;compJah=two_of_two_high_sil;rastaFilter=none;backEnd=low_sil_diverse_doer_checker,True,,470,,,,,470,OPTIMAL,0.48,True
f_both3,2.00,235,,PFlight,OPTIMAL,3.768,4500,449,[449],7,482,4010,0,0,8,727,frontEnd=mixed_sil_doer_checker;rasta=none;powspec=none;audspec=none;compJah=mixed_sil_doer_checker;rastaFilter=none;backEnd=low_sil_diverse_doer_checker,True,True,470,,,,,470,OPTIMAL,0.497,True
f_both3,2.00,235,,PFcheap,OPTIMAL,3.873,3462,461,[461],7,482,2974,0,0,6,812,frontEnd=two_of_two_high_sil;rasta=none;powspec=none;audspec=none;compJah=two_of_two_high_sil;rastaFilter=none;backEnd=low_sil_diverse_doer_checker,True,True,470,,,,,470,OPTIMAL,0.516,True
c_pat,1.00,235,,PFlight,OPTIMAL,6.068,3636,235,[235],10,656,2974,0,0,6,1164,frontEnd=high_sil_isolated_checker;rasta=none;powspec=none;audspec=none;compJah=high_sil_isolated_checker;rastaFilter=none;backEnd=low_sil_doer_checker,True,True,235,,,,,235,OPTIMAL,1.228,True
c_pat,1.00,235,,PFcheap,OPTIMAL,5.969,3636,235,[235],10,656,2974,0,0,6,1164,frontEnd=high_sil_isolated_checker;rasta=none;powspec=none;audspec=none;compJah=high_sil_isolated_checker;rastaFilter=none;backEnd=low_sil_doer_checker,True,True,235,,,,,235,OPTIMAL,1.211,True
c_pat,1.10,235,,PFlight,OPTIMAL,8.166,3636,235,[235],10,656,2974,0,0,6,1164,frontEnd=high_sil_isolated_checker;rasta=none;powspec=none;audspec=none;compJah=high_sil_isolated_checker;rastaFilter=none;backEnd=low_sil_doer_checker,True,True,259,,,,,235,OPTIMAL,1.245,True
c_pat,1.10,235,,PFcheap,OPTIMAL,8.018,3636,235,[235],10,656,2974,0,0,6,1164,frontEnd=high_sil_isolated_checker;rasta=none;powspec=none;audspec=none;compJah=high_sil_isolated_checker;rastaFilter=none;backEnd=low_sil_doer_checker,True,True,259,,,,,235,OPTIMAL,1.213,True
c_pat,1.25,235,,PFlight,OPTIMAL,9.623,3484,282,[282],10,504,2974,0,0,6,1024,frontEnd=high_sil_isolated_checker;rasta=none;powspec=none;audspec=none;compJah=high_sil_isolated_checker;rastaFilter=none;backEnd=low_sil_doer_checker,True,True,294,,,,,282,OPTIMAL,1.223,True
c_pat,1.25,235,,PFcheap,OPTIMAL,9.2,3484,282,[282],10,504,2974,0,0,6,1024,frontEnd=high_sil_isolated_checker;rasta=none;powspec=none;audspec=none;compJah=high_sil_isolated_checker;rastaFilter=none;backEnd=low_sil_doer_checker,True,True,294,,,,,282,OPTIMAL,1.207,True
c_pat,1.50,235,,joint,OPTIMAL,18.685,3473,319,[319],9,493,2974,0,0,6,952,frontEnd=high_sil_isolated_checker;rasta=none;powspec=none;audspec=none;compJah=high_sil_isolated_checker;rastaFilter=none;backEnd=low_sil_doer_checker,True,,353,,,,,345,OPTIMAL,1.207,True
c_pat,1.50,235,,PFmin,OPTIMAL,9.13,3473,340,[340],9,493,2974,0,0,6,867,frontEnd=two_of_two_high_sil;rasta=none;powspec=none;audspec=none;compJah=two_of_two_high_sil;rastaFilter=none;backEnd=low_sil_doer_checker,True,True,353,,,,,350,OPTIMAL,1.197,True
c_pat,1.50,235,,PFmax,OPTIMAL,8.362,3473,340,[340],9,493,2974,0,0,6,952,frontEnd=two_of_two_high_sil;rasta=none;powspec=none;audspec=none;compJah=two_of_two_high_sil;rastaFilter=none;backEnd=low_sil_diverse_doer_checker,True,True,353,,,,,346,OPTIMAL,1.218,True
c_pat,1.50,235,,NP,OPTIMAL,11.933,3473,319,[319],9,493,2974,0,0,6,952,frontEnd=high_sil_isolated_checker;rasta=none;powspec=none;audspec=none;compJah=high_sil_isolated_checker;rastaFilter=none;backEnd=low_sil_doer_checker,True,,353,,,,,319,OPTIMAL,1.207,True
c_pat,1.50,235,,PFlight,OPTIMAL,9.038,3473,323,[323],9,493,2974,0,0,6,952,frontEnd=high_sil_isolated_checker;rasta=none;powspec=none;audspec=none;compJah=high_sil_isolated_checker;rastaFilter=none;backEnd=low_sil_doer_checker,True,True,353,,,,,337,OPTIMAL,1.193,True
c_pat,1.50,235,,PFcheap,OPTIMAL,9.194,3473,323,[323],9,493,2974,0,0,6,952,frontEnd=high_sil_isolated_checker;rasta=none;powspec=none;audspec=none;compJah=high_sil_isolated_checker;rastaFilter=none;backEnd=low_sil_doer_checker,True,True,353,,,,,348,OPTIMAL,1.212,True
c_pat,2.00,235,,joint,OPTIMAL,18.401,3400,449,[449],7,420,2974,0,0,6,732,frontEnd=high_sil_isolated_checker;rasta=none;powspec=none;audspec=none;compJah=high_sil_isolated_checker;rastaFilter=none;backEnd=low_sil_doer_checker,True,,470,,,,,470,OPTIMAL,1.215,True
c_pat,2.00,235,,PFmin,OPTIMAL,10.168,3429,468,[468],7,449,2974,0,0,6,840,frontEnd=two_of_two_high_sil;rasta=none;powspec=none;audspec=none;compJah=two_of_two_high_sil;rastaFilter=none;backEnd=low_sil_doer_checker,True,True,470,,,,,470,OPTIMAL,1.182,True
c_pat,2.00,235,,PFmax,OPTIMAL,10.583,3454,442,[442],7,474,2974,0,0,6,840,frontEnd=two_of_two_high_sil;rasta=none;powspec=none;audspec=none;compJah=two_of_two_high_sil;rastaFilter=none;backEnd=low_sil_diverse_doer_checker,True,True,470,,,,,466,OPTIMAL,1.199,True
c_pat,2.00,235,,NP,OPTIMAL,14.147,3400,465,[465],7,420,2974,0,0,6,732,frontEnd=high_sil_isolated_checker;rasta=none;powspec=none;audspec=none;compJah=high_sil_isolated_checker;rastaFilter=none;backEnd=low_sil_doer_checker,True,,470,,,,,470,OPTIMAL,1.288,True
c_pat,2.00,235,,PFlight,OPTIMAL,10.793,3400,456,[456],7,420,2974,0,0,6,732,frontEnd=high_sil_isolated_checker;rasta=none;powspec=none;audspec=none;compJah=high_sil_isolated_checker;rastaFilter=none;backEnd=low_sil_doer_checker,True,True,470,,,,,456,OPTIMAL,1.193,True
c_pat,2.00,235,,PFcheap,OPTIMAL,9.608,3400,470,[470],7,420,2974,0,0,6,647,frontEnd=high_sil_isolated_checker;rasta=none;powspec=none;audspec=none;compJah=high_sil_isolated_checker;rastaFilter=none;backEnd=low_sil_doer_checker,True,True,470,,,,,470,OPTIMAL,1.199,True
pc_sobel,1.00,333,,PFlight,OPTIMAL,1.866,1411,333,[333],3,34,1375,0,0,2,446,get_pixel=high_sil_isolated_checker;gx=none;gy=none;abs=none,True,True,333,,,,,333,OPTIMAL,0.86,True
pc_sobel,1.00,333,,PFcheap,OPTIMAL,1.951,1411,333,[333],3,34,1375,0,0,2,446,get_pixel=high_sil_isolated_checker;gx=none;gy=none;abs=none,True,True,333,,,,,333,OPTIMAL,0.866,True
pc_sobel,1.10,333,,PFlight,OPTIMAL,2.383,1405,352,[352],3,28,1375,0,0,2,264,get_pixel=high_sil_isolated_checker;gx=none;gy=none;abs=none,True,True,367,,,,,352,OPTIMAL,0.856,True
pc_sobel,1.10,333,,PFcheap,OPTIMAL,2.375,1405,352,[352],3,28,1375,0,0,2,264,get_pixel=high_sil_isolated_checker;gx=none;gy=none;abs=none,True,True,367,,,,,355,OPTIMAL,0.853,True
pc_sobel,1.25,333,,PFlight,OPTIMAL,2.391,1403,416,[416],3,26,1375,0,0,2,191,get_pixel=high_sil_isolated_checker;gx=none;gy=none;abs=none,True,True,417,,,,,417,OPTIMAL,0.869,True
pc_sobel,1.25,333,,PFcheap,OPTIMAL,2.41,1403,416,[416],3,26,1375,0,0,2,191,get_pixel=high_sil_isolated_checker;gx=none;gy=none;abs=none,True,True,417,,,,,417,OPTIMAL,0.842,True
pc_sobel,1.50,333,,joint,OPTIMAL,3.134,1401,480,[480],3,24,1375,0,0,2,142,get_pixel=high_sil_isolated_checker;gx=none;gy=none;abs=none,True,,500,,,,,480,OPTIMAL,0.852,True
pc_sobel,1.50,333,,PFmin,UNSAT,1.163,,,,,,,,,,,get_pixel=two_of_two_high_sil;gx=none;gy=none;abs=none,,,500,,,,,,,,
pc_sobel,1.50,333,,PFmax,UNSAT,1.13,,,,,,,,,,,get_pixel=two_of_two_high_sil;gx=none;gy=none;abs=none,,,500,,,,,,,,
pc_sobel,1.50,333,,NP,OPTIMAL,2.467,1401,499,[499],3,24,1375,0,0,2,153,get_pixel=high_sil_isolated_checker;gx=none;gy=none;abs=none,True,,500,,,,,500,OPTIMAL,0.936,True
pc_sobel,1.50,333,,PFlight,OPTIMAL,2.55,1401,499,[499],3,24,1375,0,0,2,153,get_pixel=high_sil_isolated_checker;gx=none;gy=none;abs=none,True,True,500,,,,,499,OPTIMAL,0.985,True
pc_sobel,1.50,333,,PFcheap,OPTIMAL,2.422,1401,499,[499],3,24,1375,0,0,2,153,get_pixel=high_sil_isolated_checker;gx=none;gy=none;abs=none,True,True,500,,,,,499,OPTIMAL,0.859,True
pc_sobel,2.00,333,,joint,OPTIMAL,3.683,1401,480,[480],3,24,1375,0,0,2,142,get_pixel=high_sil_isolated_checker;gx=none;gy=none;abs=none,True,,666,,,,,500,OPTIMAL,0.918,True
pc_sobel,2.00,333,,PFmin,OPTIMAL,1.973,1405,640,[640],3,28,1375,0,0,2,275,get_pixel=two_of_two_high_sil;gx=none;gy=none;abs=none,True,True,666,,,,,640,OPTIMAL,0.751,True
pc_sobel,2.00,333,,PFmax,OPTIMAL,1.985,1405,640,[640],3,28,1375,0,0,2,275,get_pixel=two_of_two_high_sil;gx=none;gy=none;abs=none,True,True,666,,,,,657,OPTIMAL,0.814,True
pc_sobel,2.00,333,,NP,OPTIMAL,2.289,1401,499,[499],3,24,1375,0,0,2,153,get_pixel=high_sil_isolated_checker;gx=none;gy=none;abs=none,True,,666,,,,,499,OPTIMAL,0.768,True
pc_sobel,2.00,333,,PFlight,OPTIMAL,2.154,1401,480,[480],3,24,1375,0,0,2,142,get_pixel=high_sil_isolated_checker;gx=none;gy=none;abs=none,True,True,666,,,,,480,OPTIMAL,0.753,True
pc_sobel,2.00,333,,PFcheap,OPTIMAL,2.123,1401,480,[480],3,24,1375,0,0,2,142,get_pixel=high_sil_isolated_checker;gx=none;gy=none;abs=none,True,True,666,,,,,480,OPTIMAL,0.803,True
v_nvp,1.00,235,,PFlight,OPTIMAL,3.376,5992,235,[235],12,936,5046,0,0,10,1532,frontEnd=nvp_three_version;rasta=none;powspec=none;audspec=none;compJah=nvp_three_version;rastaFilter=none;backEnd=low_sil_diverse_doer_checker,True,True,235,,,,,235,OPTIMAL,0.458,True
v_nvp,1.00,235,,PFcheap,OPTIMAL,3.313,5992,235,[235],12,936,5046,0,0,10,1532,frontEnd=nvp_three_version;rasta=none;powspec=none;audspec=none;compJah=nvp_three_version;rastaFilter=none;backEnd=low_sil_diverse_doer_checker,True,True,235,,,,,235,OPTIMAL,0.5,True
v_nvp,1.10,235,,PFlight,OPTIMAL,4.32,5992,253,[253],12,936,5046,0,0,10,1532,frontEnd=nvp_three_version;rasta=none;powspec=none;audspec=none;compJah=nvp_three_version;rastaFilter=none;backEnd=low_sil_diverse_doer_checker,True,True,259,,,,,259,OPTIMAL,0.476,True
v_nvp,1.10,235,,PFcheap,OPTIMAL,3.453,5992,253,[253],12,936,5046,0,0,10,1532,frontEnd=nvp_three_version;rasta=none;powspec=none;audspec=none;compJah=nvp_three_version;rastaFilter=none;backEnd=low_sil_diverse_doer_checker,True,True,259,,,,,259,OPTIMAL,0.484,True
v_nvp,1.25,235,,PFlight,OPTIMAL,5.176,5984,266,[266],11,928,5046,0,0,10,1492,frontEnd=nvp_three_version;rasta=none;powspec=none;audspec=none;compJah=nvp_three_version;rastaFilter=none;backEnd=low_sil_diverse_doer_checker,True,True,294,,,,,294,OPTIMAL,0.487,True
v_nvp,1.25,235,,PFcheap,OPTIMAL,5.589,5984,266,[266],11,928,5046,0,0,10,1492,frontEnd=nvp_three_version;rasta=none;powspec=none;audspec=none;compJah=nvp_three_version;rastaFilter=none;backEnd=low_sil_diverse_doer_checker,True,True,294,,,,,294,OPTIMAL,0.499,True
v_nvp,1.50,235,,joint,OPTIMAL,9.31,5952,319,[319],11,896,5046,0,0,10,1352,frontEnd=nvp_three_version;rasta=none;powspec=none;audspec=none;compJah=nvp_three_version;rastaFilter=none;backEnd=low_sil_diverse_doer_checker,True,,353,,,,,353,OPTIMAL,0.456,True
v_nvp,1.50,235,,PFmin,OPTIMAL,8.874,5952,319,[319],11,896,5046,0,0,10,1352,frontEnd=nvp_three_version;rasta=none;powspec=none;audspec=none;compJah=nvp_three_version;rastaFilter=none;backEnd=low_sil_diverse_doer_checker,True,True,353,,,,,353,OPTIMAL,0.465,True
v_nvp,1.50,235,,PFmax,OPTIMAL,8.865,5952,319,[319],11,896,5046,0,0,10,1182,frontEnd=nvp_three_version;rasta=none;powspec=none;audspec=none;compJah=nvp_three_version;rastaFilter=none;backEnd=low_sil_diverse_doer_checker,True,True,353,,,,,353,OPTIMAL,0.466,True
v_nvp,1.50,235,,NP,OPTIMAL,4.896,5952,319,[319],11,896,5046,0,0,10,1182,frontEnd=nvp_three_version;rasta=none;powspec=none;audspec=none;compJah=nvp_three_version;rastaFilter=none;backEnd=low_sil_diverse_doer_checker,True,,353,,,,,353,OPTIMAL,0.488,True
v_nvp,1.50,235,,PFlight,OPTIMAL,8.008,5952,319,[319],11,896,5046,0,0,10,1352,frontEnd=nvp_three_version;rasta=none;powspec=none;audspec=none;compJah=nvp_three_version;rastaFilter=none;backEnd=low_sil_diverse_doer_checker,True,True,353,,,,,353,OPTIMAL,0.465,True
v_nvp,1.50,235,,PFcheap,OPTIMAL,10.372,5952,319,[319],11,896,5046,0,0,10,1352,frontEnd=nvp_three_version;rasta=none;powspec=none;audspec=none;compJah=nvp_three_version;rastaFilter=none;backEnd=low_sil_diverse_doer_checker,True,True,353,,,,,353,OPTIMAL,0.475,True
v_nvp,2.00,235,,joint,OPTIMAL,10.229,5944,449,[449],10,888,5046,0,0,10,1227,frontEnd=nvp_three_version;rasta=none;powspec=none;audspec=none;compJah=nvp_three_version;rastaFilter=none;backEnd=low_sil_diverse_doer_checker,True,,470,,,,,470,OPTIMAL,0.487,True
v_nvp,2.00,235,,PFmin,OPTIMAL,9.286,5944,449,[449],10,888,5046,0,0,10,1312,frontEnd=nvp_three_version;rasta=none;powspec=none;audspec=none;compJah=nvp_three_version;rastaFilter=none;backEnd=low_sil_diverse_doer_checker,True,True,470,,,,,470,OPTIMAL,0.465,True
v_nvp,2.00,235,,PFmax,OPTIMAL,8.606,5944,449,[449],10,888,5046,0,0,10,1312,frontEnd=nvp_three_version;rasta=none;powspec=none;audspec=none;compJah=nvp_three_version;rastaFilter=none;backEnd=low_sil_diverse_doer_checker,True,True,470,,,,,470,OPTIMAL,0.467,True
v_nvp,2.00,235,,NP,OPTIMAL,5.882,5944,449,[449],10,888,5046,0,0,10,1312,frontEnd=nvp_three_version;rasta=none;powspec=none;audspec=none;compJah=nvp_three_version;rastaFilter=none;backEnd=low_sil_diverse_doer_checker,True,,470,,,,,470,OPTIMAL,0.45,True
v_nvp,2.00,235,,PFlight,OPTIMAL,8.656,5944,449,[449],10,888,5046,0,0,10,1312,frontEnd=nvp_three_version;rasta=none;powspec=none;audspec=none;compJah=nvp_three_version;rastaFilter=none;backEnd=low_sil_diverse_doer_checker,True,True,470,,,,,470,OPTIMAL,0.484,True
v_nvp,2.00,235,,PFcheap,OPTIMAL,9.777,5944,449,[449],10,888,5046,0,0,10,1312,frontEnd=nvp_three_version;rasta=none;powspec=none;audspec=none;compJah=nvp_three_version;rastaFilter=none;backEnd=low_sil_diverse_doer_checker,True,True,470,,,,,470,OPTIMAL,0.506,True
p_rasta,1.00,235,,SL,OPTIMAL,4.57,3636,235,[235],10,656,2974,0,0,6,1164,frontEnd=high_sil_isolated_checker;rasta=none;powspec=none;audspec=none;compJah=high_sil_isolated_checker;rastaFilter=none;backEnd=low_sil_diverse_doer_checker,True,True,235,OPTIMAL,2.343,2133,True,235,OPTIMAL,0.539,True
p_rasta,1.10,235,,SL,OPTIMAL,5.042,3636,235,[235],10,656,2974,0,0,6,1164,frontEnd=high_sil_isolated_checker;rasta=none;powspec=none;audspec=none;compJah=high_sil_isolated_checker;rastaFilter=none;backEnd=low_sil_diverse_doer_checker,True,True,259,OPTIMAL,2.406,2133,True,259,OPTIMAL,0.561,True
p_rasta,1.25,235,,SL,OPTIMAL,5.886,3491,282,[282],9,496,2974,0,15,6,899,frontEnd=high_sil_isolated_checker;rasta=none;powspec=none;audspec=none;compJah=high_sil_isolated_checker;rastaFilter=none;backEnd=low_sil_diverse_doer_checker,True,True,294,OPTIMAL,2.492,1991,True,294,OPTIMAL,0.535,True
p_rasta,1.50,235,,SL,OPTIMAL,6.404,3461,327,[327],8,466,2974,0,15,6,976,frontEnd=high_sil_isolated_checker;rasta=none;powspec=none;audspec=none;compJah=high_sil_isolated_checker;rastaFilter=none;backEnd=low_sil_diverse_doer_checker,True,True,353,OPTIMAL,2.436,1973,True,353,OPTIMAL,0.537,True
p_rasta,2.00,235,,SL,OPTIMAL,7.384,3400,449,[449],7,420,2974,0,0,6,647,frontEnd=high_sil_isolated_checker;rasta=none;powspec=none;audspec=none;compJah=high_sil_isolated_checker;rastaFilter=none;backEnd=low_sil_doer_checker,True,True,470,OPTIMAL,2.49,1965,True,470,OPTIMAL,0.533,True
f_random_hw,1.00,235,p_rasta_noiso,SL,OPTIMAL,4.534,3636,235,[235],10,656,2974,0,0,6,1164,frontEnd=high_sil_isolated_checker;rasta=none;powspec=none;audspec=none;compJah=high_sil_isolated_checker;rastaFilter=none;backEnd=low_sil_diverse_doer_checker,True,True,235,OPTIMAL,2.325,2133,True,235,OPTIMAL,0.55,True
f_random_hw,1.10,235,p_rasta_noiso,SL,OPTIMAL,4.691,3636,235,[235],10,656,2974,0,0,6,1164,frontEnd=high_sil_isolated_checker;rasta=none;powspec=none;audspec=none;compJah=high_sil_isolated_checker;rastaFilter=none;backEnd=low_sil_diverse_doer_checker,True,True,259,OPTIMAL,2.346,2133,True,259,OPTIMAL,0.537,True
f_random_hw,1.25,235,p_rasta_noiso,SL,OPTIMAL,5.853,3484,282,[282],10,504,2974,0,0,6,939,frontEnd=high_sil_isolated_checker;rasta=none;powspec=none;audspec=none;compJah=high_sil_isolated_checker;rastaFilter=none;backEnd=low_sil_doer_checker,True,True,294,OPTIMAL,2.46,2009,True,294,OPTIMAL,0.534,True
f_random_hw,1.50,235,p_rasta_noiso,SL,OPTIMAL,7.135,3473,319,[319],9,493,2974,0,0,6,952,frontEnd=high_sil_isolated_checker;rasta=none;powspec=none;audspec=none;compJah=high_sil_isolated_checker;rastaFilter=none;backEnd=low_sil_diverse_doer_checker,True,True,353,OPTIMAL,2.474,1973,True,353,OPTIMAL,0.545,True
f_random_hw,2.00,235,p_rasta_noiso,SL,OPTIMAL,6.293,3400,449,[449],7,420,2974,0,0,6,732,frontEnd=high_sil_isolated_checker;rasta=none;powspec=none;audspec=none;compJah=high_sil_isolated_checker;rastaFilter=none;backEnd=low_sil_doer_checker,True,True,470,OPTIMAL,2.576,1965,True,470,OPTIMAL,0.527,True
d_random_hw,1.00,235,,SL,UNSAT,3.416,,,,,,,,,,,,,,235,OPTIMAL,2.535,1391,True,,,,
d_random_hw,1.10,235,,SL,OPTIMAL,4.045,2134,255,[255],10,326,1802,0,0,6,808,frontEnd=low_sil_diverse_doer_checker;rasta=none;powspec=none;audspec=none;compJah=low_sil_diverse_doer_checker;rastaFilter=none;backEnd=low_sil_doer_checker,True,True,259,OPTIMAL,2.627,1391,True,259,OPTIMAL,0.473,True
d_random_hw,1.25,235,,SL,OPTIMAL,4.292,1972,293,[293],10,164,1802,0,0,6,496,frontEnd=low_sil_diverse_doer_checker;rasta=none;powspec=none;audspec=none;compJah=low_sil_diverse_doer_checker;rastaFilter=none;backEnd=low_sil_diverse_doer_checker,True,True,294,OPTIMAL,2.664,1239,True,294,OPTIMAL,0.463,True
d_random_hw,1.50,235,,SL,OPTIMAL,5.405,1934,329,[329],8,126,1802,0,0,6,448,frontEnd=low_sil_diverse_doer_checker;rasta=none;powspec=none;audspec=none;compJah=low_sil_diverse_doer_checker;rastaFilter=none;backEnd=low_sil_doer_checker,True,True,353,OPTIMAL,2.791,1228,True,353,OPTIMAL,0.456,True
d_random_hw,2.00,235,,SL,OPTIMAL,5.927,1912,465,[465],6,104,1802,0,0,6,304,frontEnd=low_sil_doer_checker;rasta=none;powspec=none;audspec=none;compJah=low_sil_diverse_doer_checker;rastaFilter=none;backEnd=low_sil_doer_checker,True,True,470,OPTIMAL,2.917,1220,True,470,OPTIMAL,0.481,True
d_systematic_sw,1.00,235,p_sw,SL,UNSAT,3.234,,,,,,,,,,,,,,235,OPTIMAL,2.588,1391,True,,,,
d_systematic_sw,1.10,235,p_sw,SL,OPTIMAL,3.62,2116,255,[255],8,310,1802,0,0,4,728,frontEnd=same_cpu_doer_checker;rasta=none;powspec=none;audspec=none;compJah=low_sil_diverse_doer_checker;rastaFilter=none;backEnd=same_cpu_doer_checker,True,True,259,OPTIMAL,2.642,1391,True,259,OPTIMAL,0.436,True
d_systematic_sw,1.25,235,p_sw,SL,OPTIMAL,3.558,1920,293,[293],7,115,1802,0,0,3,376,frontEnd=same_cpu_doer_checker;rasta=none;powspec=none;audspec=none;compJah=same_cpu_doer_checker;rastaFilter=none;backEnd=same_cpu_doer_checker,True,True,294,OPTIMAL,2.723,1239,True,294,OPTIMAL,0.436,True
d_systematic_sw,1.50,235,p_sw,SL,OPTIMAL,3.748,1909,319,[319],6,104,1802,0,0,3,304,frontEnd=same_cpu_doer_checker;rasta=none;powspec=none;audspec=none;compJah=same_cpu_doer_checker;rastaFilter=none;backEnd=same_cpu_doer_checker,True,True,353,OPTIMAL,2.884,1228,True,353,OPTIMAL,0.438,True
d_systematic_sw,2.00,235,p_sw,SL,OPTIMAL,3.87,1898,449,[449],5,93,1802,0,0,3,232,frontEnd=same_cpu_doer_checker;rasta=none;powspec=none;audspec=none;compJah=same_cpu_doer_checker;rastaFilter=none;backEnd=same_cpu_doer_checker,True,True,470,OPTIMAL,3.015,1220,True,470,OPTIMAL,0.443,True
f_sw3,1.00,235,,SL,OPTIMAL,3.86,4670,235,[235],9,653,4010,0,0,7,1064,frontEnd=mixed_sil_doer_checker;rasta=none;powspec=none;audspec=none;compJah=mixed_sil_doer_checker;rastaFilter=none;backEnd=same_cpu_doer_checker,True,True,235,OPTIMAL,2.594,2133,True,235,OPTIMAL,0.49,True
f_sw3,1.10,235,,SL,OPTIMAL,3.959,4670,235,[235],9,653,4010,0,0,7,1064,frontEnd=mixed_sil_doer_checker;rasta=none;powspec=none;audspec=none;compJah=mixed_sil_doer_checker;rastaFilter=none;backEnd=same_cpu_doer_checker,True,True,259,OPTIMAL,2.675,2133,True,259,OPTIMAL,0.477,True
f_sw3,1.25,235,,SL,OPTIMAL,4.328,4543,282,[282],9,526,4010,0,0,7,924,frontEnd=mixed_sil_doer_checker;rasta=none;powspec=none;audspec=none;compJah=mixed_sil_doer_checker;rastaFilter=none;backEnd=same_cpu_doer_checker,True,True,294,OPTIMAL,2.909,2009,True,294,OPTIMAL,0.469,True
f_sw3,1.50,235,,SL,OPTIMAL,4.542,3988,319,[319],8,490,3492,0,0,6,767,frontEnd=two_of_two_high_sil;rasta=none;powspec=none;audspec=none;compJah=mixed_sil_doer_checker;rastaFilter=none;backEnd=same_cpu_doer_checker,True,True,353,OPTIMAL,2.926,1973,True,353,OPTIMAL,0.471,True
f_sw3,2.00,235,,SL,OPTIMAL,4.831,3461,449,[449],7,482,2974,0,0,5,812,frontEnd=two_of_two_high_sil;rasta=none;powspec=none;audspec=none;compJah=two_of_two_high_sil;rastaFilter=none;backEnd=same_cpu_doer_checker,True,True,470,OPTIMAL,2.92,1965,True,470,OPTIMAL,0.489,True
f_both3,1.00,235,,SL,OPTIMAL,3.766,4711,235,[235],10,693,4010,0,0,8,1244,frontEnd=mixed_sil_doer_checker;rasta=none;powspec=none;audspec=none;compJah=mixed_sil_doer_checker;rastaFilter=none;backEnd=low_sil_diverse_doer_checker,True,True,235,OPTIMAL,2.599,2133,True,235,OPTIMAL,0.483,True
f_both3,1.10,235,,SL,OPTIMAL,3.982,4708,253,[253],10,690,4010,0,0,8,1212,frontEnd=mixed_sil_doer_checker;rasta=none;powspec=none;audspec=none;compJah=mixed_sil_doer_checker;rastaFilter=none;backEnd=low_sil_diverse_doer_checker,True,True,259,OPTIMAL,2.739,2133,True,259,OPTIMAL,0.495,True
f_both3,1.25,235,,SL,OPTIMAL,4.275,4704,282,[282],10,686,4010,0,0,8,1104,frontEnd=mixed_sil_doer_checker;rasta=none;powspec=none;audspec=none;compJah=mixed_sil_doer_checker;rastaFilter=none;backEnd=low_sil_diverse_doer_checker,True,True,294,OPTIMAL,2.926,2009,True,294,OPTIMAL,0.475,True
f_both3,1.50,235,,SL,OPTIMAL,4.374,4149,319,[319],9,650,3492,0,0,7,1032,frontEnd=two_of_two_high_sil;rasta=none;powspec=none;audspec=none;compJah=mixed_sil_doer_checker;rastaFilter=none;backEnd=low_sil_diverse_doer_checker,True,True,353,OPTIMAL,2.97,1973,True,353,OPTIMAL,0.471,True
f_both3,2.00,235,,SL,OPTIMAL,4.616,3622,449,[449],8,642,2974,0,0,6,822,frontEnd=two_of_two_high_sil;rasta=none;powspec=none;audspec=none;compJah=two_of_two_high_sil;rastaFilter=none;backEnd=low_sil_diverse_doer_checker,True,True,470,OPTIMAL,2.911,1965,True,470,OPTIMAL,0.475,True
c_pat,1.00,235,,SL,OPTIMAL,9.742,3636,235,[235],10,656,2974,0,0,6,1164,frontEnd=high_sil_isolated_checker;rasta=none;powspec=none;audspec=none;compJah=high_sil_isolated_checker;rastaFilter=none;backEnd=low_sil_doer_checker,True,True,235,OPTIMAL,6.159,2133,True,235,OPTIMAL,1.181,True
c_pat,1.10,235,,SL,OPTIMAL,11.432,3636,249,[249],10,656,2974,0,0,6,1164,frontEnd=high_sil_isolated_checker;rasta=none;powspec=none;audspec=none;compJah=high_sil_isolated_checker;rastaFilter=none;backEnd=low_sil_doer_checker,True,True,259,OPTIMAL,7.11,2133,True,249,OPTIMAL,1.157,True
c_pat,1.25,235,,SL,OPTIMAL,13.855,3484,282,[282],10,504,2974,0,0,6,1024,frontEnd=high_sil_isolated_checker;rasta=none;powspec=none;audspec=none;compJah=high_sil_isolated_checker;rastaFilter=none;backEnd=low_sil_doer_checker,True,True,294,OPTIMAL,9.204,2009,True,294,OPTIMAL,1.152,True
c_pat,1.50,235,,SL,OPTIMAL,11.703,3473,340,[340],9,493,2974,0,0,6,952,frontEnd=high_sil_isolated_checker;rasta=none;powspec=none;audspec=none;compJah=two_of_two_high_sil;rastaFilter=none;backEnd=low_sil_doer_checker,True,True,353,OPTIMAL,6.734,1973,True,340,OPTIMAL,1.179,True
c_pat,2.00,235,,SL,OPTIMAL,12.118,3400,456,[456],7,420,2974,0,0,6,732,frontEnd=high_sil_isolated_checker;rasta=none;powspec=none;audspec=none;compJah=high_sil_isolated_checker;rastaFilter=none;backEnd=low_sil_doer_checker,True,True,470,OPTIMAL,7.009,1965,True,457,OPTIMAL,1.156,True
pc_sobel,1.00,333,,SL,OPTIMAL,4.657,1411,333,[333],3,34,1375,0,0,2,446,get_pixel=high_sil_isolated_checker;gx=none;gy=none;abs=none,True,True,333,OPTIMAL,2.77,877,True,333,OPTIMAL,0.816,True
pc_sobel,1.10,333,,SL,OPTIMAL,4.862,1405,352,[352],3,28,1375,0,0,2,264,get_pixel=high_sil_isolated_checker;gx=none;gy=none;abs=none,True,True,367,OPTIMAL,2.753,875,True,367,OPTIMAL,0.845,True
pc_sobel,1.25,333,,SL,OPTIMAL,4.749,1403,416,[416],3,26,1375,0,0,2,191,get_pixel=high_sil_isolated_checker;gx=none;gy=none;abs=none,True,True,417,OPTIMAL,2.736,873,True,417,OPTIMAL,0.81,True
pc_sobel,1.50,333,,SL,OPTIMAL,4.618,1401,480,[480],3,24,1375,0,0,2,142,get_pixel=high_sil_isolated_checker;gx=none;gy=none;abs=none,True,True,500,OPTIMAL,2.779,873,True,480,OPTIMAL,0.8,True
pc_sobel,2.00,333,,SL,OPTIMAL,4.868,1401,499,[499],3,24,1375,0,0,2,153,get_pixel=high_sil_isolated_checker;gx=none;gy=none;abs=none,True,True,666,OPTIMAL,2.761,873,True,499,OPTIMAL,0.925,True
v_nvp,1.00,235,,SL,OPTIMAL,12.592,6155,235,[235],13,1099,5046,0,0,10,1744,frontEnd=nvp_three_version;rasta=none;powspec=none;audspec=none;compJah=nvp_three_version;rastaFilter=none;backEnd=low_sil_diverse_doer_checker,True,True,235,OPTIMAL,3.378,2133,True,235,OPTIMAL,0.498,True
v_nvp,1.10,235,,SL,OPTIMAL,5.304,5992,254,[254],12,936,5046,0,0,10,1532,frontEnd=nvp_three_version;rasta=none;powspec=none;audspec=none;compJah=nvp_three_version;rastaFilter=none;backEnd=low_sil_diverse_doer_checker,True,True,259,OPTIMAL,3.196,2133,True,259,OPTIMAL,0.489,True
v_nvp,1.25,235,,SL,OPTIMAL,10.478,5988,282,[282],12,932,5046,0,0,10,1424,frontEnd=nvp_three_version;rasta=none;powspec=none;audspec=none;compJah=nvp_three_version;rastaFilter=none;backEnd=low_sil_diverse_doer_checker,True,True,294,OPTIMAL,3.348,2009,True,294,OPTIMAL,0.526,True
v_nvp,1.50,235,,SL,OPTIMAL,4.843,5952,319,[319],11,896,5046,0,0,10,1352,frontEnd=nvp_three_version;rasta=none;powspec=none;audspec=none;compJah=nvp_three_version;rastaFilter=none;backEnd=low_sil_diverse_doer_checker,True,True,353,OPTIMAL,3.281,1973,True,353,OPTIMAL,0.494,True
v_nvp,2.00,235,,SL,OPTIMAL,5.152,5944,449,[449],10,888,5046,0,0,10,1227,frontEnd=nvp_three_version;rasta=none;powspec=none;audspec=none;compJah=nvp_three_version;rastaFilter=none;backEnd=low_sil_diverse_doer_checker,True,True,470,OPTIMAL,3.318,1965,True,470,OPTIMAL,0.49,True
