variant,factor,instance,baseline,status,joint_total_cost,total_cost,rel_cost,loss_pct
tok2,none,p_rasta,SL,OPTIMAL,3330,3330,1.0000,0.00
tok2,none,f_random_hw,SL,OPTIMAL,3349,3349,1.0000,0.00
tok2,none,d_random_hw,SL,OPTIMAL,1857,1857,1.0000,0.00
tok2,none,d_systematic_sw,SL,OPTIMAL,1846,1846,1.0000,0.00
tok2,none,f_sw3,SL,OPTIMAL,3365,3365,1.0000,0.00
tok2,none,f_both3,SL,OPTIMAL,3406,3406,1.0000,0.00
tok2,none,c_pat,SL,OPTIMAL,3349,3349,1.0000,0.00
tok2,none,pc_sobel,SL,OPTIMAL,1401,1401,1.0000,0.00
tok2,none,v_nvp,SL,OPTIMAL,5680,5680,1.0000,0.00
tok2,none,p_rasta,PFmin,OPTIMAL,3330,3330,1.0000,0.00
tok2,none,f_random_hw,PFmin,OPTIMAL,3349,3349,1.0000,0.00
tok2,none,d_random_hw,PFmin,OPTIMAL,1857,1857,1.0000,0.00
tok2,none,d_systematic_sw,PFmin,OPTIMAL,1846,1846,1.0000,0.00
tok2,none,f_sw3,PFmin,OPTIMAL,3365,3365,1.0000,0.00
tok2,none,f_both3,PFmin,OPTIMAL,3406,3406,1.0000,0.00
tok2,none,c_pat,PFmin,OPTIMAL,3349,3349,1.0000,0.00
tok2,none,pc_sobel,PFmin,OPTIMAL,1401,1401,1.0000,0.00
tok2,none,v_nvp,PFmin,OPTIMAL,5680,5680,1.0000,0.00
tok2,none,p_rasta,PFmax,OPTIMAL,3330,3330,1.0000,0.00
tok2,none,f_random_hw,PFmax,OPTIMAL,3349,3374,1.0075,0.75
tok2,none,d_random_hw,PFmax,OPTIMAL,1857,1882,1.0135,1.35
tok2,none,d_systematic_sw,PFmax,OPTIMAL,1846,2009,1.0883,8.83
tok2,none,f_sw3,PFmax,OPTIMAL,3365,3406,1.0122,1.22
tok2,none,f_both3,PFmax,OPTIMAL,3406,3406,1.0000,0.00
tok2,none,c_pat,PFmax,OPTIMAL,3349,3374,1.0075,0.75
tok2,none,pc_sobel,PFmax,OPTIMAL,1401,1401,1.0000,0.00
tok2,none,v_nvp,PFmax,OPTIMAL,5680,5680,1.0000,0.00
tok2,none,p_rasta,PFlight,OPTIMAL,3330,3330,1.0000,0.00
tok2,none,f_random_hw,PFlight,OPTIMAL,3349,3349,1.0000,0.00
tok2,none,d_random_hw,PFlight,OPTIMAL,1857,1857,1.0000,0.00
tok2,none,d_systematic_sw,PFlight,OPTIMAL,1846,1846,1.0000,0.00
tok2,none,f_sw3,PFlight,OPTIMAL,3365,4403,1.3085,30.85
tok2,none,f_both3,PFlight,OPTIMAL,3406,4444,1.3048,30.48
tok2,none,c_pat,PFlight,OPTIMAL,3349,3349,1.0000,0.00
tok2,none,pc_sobel,PFlight,OPTIMAL,1401,1401,1.0000,0.00
tok2,none,v_nvp,PFlight,OPTIMAL,5680,5680,1.0000,0.00
tok2,none,p_rasta,PFcheap,OPTIMAL,3330,3330,1.0000,0.00
tok2,none,f_random_hw,PFcheap,OPTIMAL,3349,3349,1.0000,0.00
tok2,none,d_random_hw,PFcheap,OPTIMAL,1857,1857,1.0000,0.00
tok2,none,d_systematic_sw,PFcheap,OPTIMAL,1846,1846,1.0000,0.00
tok2,none,f_sw3,PFcheap,OPTIMAL,3365,3365,1.0000,0.00
tok2,none,f_both3,PFcheap,OPTIMAL,3406,3406,1.0000,0.00
tok2,none,c_pat,PFcheap,OPTIMAL,3349,3349,1.0000,0.00
tok2,none,pc_sobel,PFcheap,OPTIMAL,1401,1401,1.0000,0.00
tok2,none,v_nvp,PFcheap,OPTIMAL,5680,5680,1.0000,0.00
tok2,1.00,p_rasta,SL,OPTIMAL,3615,3618,1.0008,0.08
tok2,1.00,f_random_hw,SL,OPTIMAL,3633,3633,1.0000,0.00
tok2,1.00,d_random_hw,SL,OPTIMAL,2091,2091,1.0000,0.00
tok2,1.00,d_systematic_sw,SL,OPTIMAL,2104,2116,1.0057,0.57
tok2,1.00,f_sw3,SL,OPTIMAL,3632,3632,1.0000,0.00
tok2,1.00,f_both3,SL,OPTIMAL,3670,3670,1.0000,0.00
tok2,1.00,c_pat,SL,OPTIMAL,3633,3633,1.0000,0.00
tok2,1.00,pc_sobel,SL,OPTIMAL,1409,1409,1.0000,0.00
tok2,1.00,v_nvp,SL,OPTIMAL,5992,6152,1.0267,2.67
tok2,1.00,p_rasta,PFmin,OPTIMAL,3615,3615,1.0000,0.00
tok2,1.00,f_random_hw,PFmin,OPTIMAL,3633,3633,1.0000,0.00
tok2,1.00,d_random_hw,PFmin,OPTIMAL,2091,2091,1.0000,0.00
tok2,1.00,d_systematic_sw,PFmin,OPTIMAL,2104,2104,1.0000,0.00
tok2,1.00,f_sw3,PFmin,OPTIMAL,3632,3632,1.0000,0.00
tok2,1.00,f_both3,PFmin,OPTIMAL,3670,3670,1.0000,0.00
tok2,1.00,c_pat,PFmin,OPTIMAL,3633,3633,1.0000,0.00
tok2,1.00,pc_sobel,PFmin,OPTIMAL,1409,1413,1.0028,0.28
tok2,1.00,v_nvp,PFmin,OPTIMAL,5992,5992,1.0000,0.00
tok2,1.00,p_rasta,PFmax,OPTIMAL,3615,3633,1.0050,0.50
tok2,1.00,f_random_hw,PFmax,OPTIMAL,3633,3633,1.0000,0.00
tok2,1.00,d_random_hw,PFmax,OPTIMAL,2091,2091,1.0000,0.00
tok2,1.00,d_systematic_sw,PFmax,OPTIMAL,2104,2272,1.0798,7.98
tok2,1.00,f_sw3,PFmax,OPTIMAL,3632,3670,1.0105,1.05
tok2,1.00,f_both3,PFmax,OPTIMAL,3670,3670,1.0000,0.00
tok2,1.00,c_pat,PFmax,OPTIMAL,3633,3633,1.0000,0.00
tok2,1.00,pc_sobel,PFmax,OPTIMAL,1409,1413,1.0028,0.28
tok2,1.00,v_nvp,PFmax,OPTIMAL,5992,5992,1.0000,0.00
tok2,1.00,p_rasta,PFlight,OPTIMAL,3615,3615,1.0000,0.00
tok2,1.00,f_random_hw,PFlight,OPTIMAL,3633,3633,1.0000,0.00
tok2,1.00,d_random_hw,PFlight,OPTIMAL,2091,2091,1.0000,0.00
tok2,1.00,d_systematic_sw,PFlight,OPTIMAL,2104,2104,1.0000,0.00
tok2,1.00,f_sw3,PFlight,OPTIMAL,3632,4665,1.2844,28.44
tok2,1.00,f_both3,PFlight,OPTIMAL,3670,4708,1.2828,28.28
tok2,1.00,c_pat,PFlight,OPTIMAL,3633,3633,1.0000,0.00
tok2,1.00,pc_sobel,PFlight,OPTIMAL,1409,1409,1.0000,0.00
tok2,1.00,v_nvp,PFlight,OPTIMAL,5992,5992,1.0000,0.00
tok2,1.00,p_rasta,PFcheap,OPTIMAL,3615,3615,1.0000,0.00
tok2,1.00,f_random_hw,PFcheap,OPTIMAL,3633,3633,1.0000,0.00
tok2,1.00,d_random_hw,PFcheap,OPTIMAL,2091,2091,1.0000,0.00
tok2,1.00,d_systematic_sw,PFcheap,OPTIMAL,2104,2104,1.0000,0.00
tok2,1.00,f_sw3,PFcheap,OPTIMAL,3632,3632,1.0000,0.00
tok2,1.00,f_both3,PFcheap,OPTIMAL,3670,3670,1.0000,0.00
tok2,1.00,c_pat,PFcheap,OPTIMAL,3633,3633,1.0000,0.00
tok2,1.00,pc_sobel,PFcheap,OPTIMAL,1409,1409,1.0000,0.00
tok2,1.00,v_nvp,PFcheap,OPTIMAL,5992,5992,1.0000,0.00
tok2,1.10,p_rasta,SL,OPTIMAL,3455,3581,1.0365,3.65
tok2,1.10,f_random_hw,SL,OPTIMAL,3476,3596,1.0345,3.45
tok2,1.10,d_random_hw,SL,OPTIMAL,2091,2091,1.0000,0.00
tok2,1.10,d_systematic_sw,SL,OPTIMAL,2104,2114,1.0048,0.48
tok2,1.10,f_sw3,SL,OPTIMAL,3632,3632,1.0000,0.00
tok2,1.10,f_both3,SL,OPTIMAL,3670,3670,1.0000,0.00
tok2,1.10,c_pat,SL,OPTIMAL,3633,3633,1.0000,0.00
tok2,1.10,pc_sobel,SL,OPTIMAL,1407,1407,1.0000,0.00
tok2,1.10,v_nvp,SL,OPTIMAL,5992,5992,1.0000,0.00
tok2,1.10,p_rasta,PFmin,OPTIMAL,3455,3615,1.0463,4.63
tok2,1.10,f_random_hw,PFmin,OPTIMAL,3476,3633,1.0452,4.52
tok2,1.10,d_random_hw,PFmin,OPTIMAL,2091,2091,1.0000,0.00
tok2,1.10,d_systematic_sw,PFmin,OPTIMAL,2104,2104,1.0000,0.00
tok2,1.10,f_sw3,PFmin,OPTIMAL,3632,3632,1.0000,0.00
tok2,1.10,f_both3,PFmin,OPTIMAL,3670,3670,1.0000,0.00
tok2,1.10,c_pat,PFmin,OPTIMAL,3633,3633,1.0000,0.00
tok2,1.10,pc_sobel,PFmin,OPTIMAL,1407,1411,1.0028,0.28
tok2,1.10,v_nvp,PFmin,OPTIMAL,5992,5992,1.0000,0.00
tok2,1.10,p_rasta,PFmax,OPTIMAL,3455,3618,1.0472,4.72
tok2,1.10,f_random_hw,PFmax,OPTIMAL,3476,3633,1.0452,4.52
tok2,1.10,d_random_hw,PFmax,OPTIMAL,2091,2091,1.0000,0.00
tok2,1.10,d_systematic_sw,PFmax,OPTIMAL,2104,2271,1.0794,7.94
tok2,1.10,f_sw3,PFmax,OPTIMAL,3632,3670,1.0105,1.05
tok2,1.10,f_both3,PFmax,OPTIMAL,3670,3670,1.0000,0.00
tok2,1.10,c_pat,PFmax,OPTIMAL,3633,3633,1.0000,0.00
tok2,1.10,pc_sobel,PFmax,OPTIMAL,1407,1411,1.0028,0.28
tok2,1.10,v_nvp,PFmax,OPTIMAL,5992,5992,1.0000,0.00
tok2,1.10,p_rasta,PFlight,OPTIMAL,3455,3455,1.0000,0.00
tok2,1.10,f_random_hw,PFlight,OPTIMAL,3476,3476,1.0000,0.00
tok2,1.10,d_random_hw,PFlight,OPTIMAL,2091,2091,1.0000,0.00
tok2,1.10,d_systematic_sw,PFlight,OPTIMAL,2104,2104,1.0000,0.00
tok2,1.10,f_sw3,PFlight,OPTIMAL,3632,4665,1.2844,28.44
tok2,1.10,f_both3,PFlight,OPTIMAL,3670,4708,1.2828,28.28
tok2,1.10,c_pat,PFlight,OPTIMAL,3633,3633,1.0000,0.00
tok2,1.10,pc_sobel,PFlight,OPTIMAL,1407,1407,1.0000,0.00
tok2,1.10,v_nvp,PFlight,OPTIMAL,5992,5992,1.0000,0.00
tok2,1.10,p_rasta,PFcheap,OPTIMAL,3455,3455,1.0000,0.00
tok2,1.10,f_random_hw,PFcheap,OPTIMAL,3476,3476,1.0000,0.00
tok2,1.10,d_random_hw,PFcheap,OPTIMAL,2091,2091,1.0000,0.00
tok2,1.10,d_systematic_sw,PFcheap,OPTIMAL,2104,2104,1.0000,0.00
tok2,1.10,f_sw3,PFcheap,OPTIMAL,3632,3632,1.0000,0.00
tok2,1.10,f_both3,PFcheap,OPTIMAL,3670,3670,1.0000,0.00
tok2,1.10,c_pat,PFcheap,OPTIMAL,3633,3633,1.0000,0.00
tok2,1.10,pc_sobel,PFcheap,OPTIMAL,1407,1407,1.0000,0.00
tok2,1.10,v_nvp,PFcheap,OPTIMAL,5992,5992,1.0000,0.00
tok2,1.25,p_rasta,SL,OPTIMAL,3430,3454,1.0070,0.70
tok2,1.25,f_random_hw,SL,OPTIMAL,3440,3447,1.0020,0.20
tok2,1.25,d_random_hw,SL,OPTIMAL,1940,1940,1.0000,0.00
tok2,1.25,d_systematic_sw,SL,OPTIMAL,1920,1920,1.0000,0.00
tok2,1.25,f_sw3,SL,OPTIMAL,3505,3505,1.0000,0.00
tok2,1.25,f_both3,SL,OPTIMAL,3662,3666,1.0011,0.11
tok2,1.25,c_pat,SL,OPTIMAL,3440,3484,1.0128,1.28
tok2,1.25,pc_sobel,SL,OPTIMAL,1405,1405,1.0000,0.00
tok2,1.25,v_nvp,SL,OPTIMAL,5984,5988,1.0007,0.07
tok2,1.25,p_rasta,PFmin,OPTIMAL,3430,3473,1.0125,1.25
tok2,1.25,f_random_hw,PFmin,OPTIMAL,3440,3484,1.0128,1.28
tok2,1.25,d_random_hw,PFmin,OPTIMAL,1940,1940,1.0000,0.00
tok2,1.25,d_systematic_sw,PFmin,OPTIMAL,1920,1920,1.0000,0.00
tok2,1.25,f_sw3,PFmin,OPTIMAL,3505,3505,1.0000,0.00
tok2,1.25,f_both3,PFmin,OPTIMAL,3662,3662,1.0000,0.00
tok2,1.25,c_pat,PFmin,OPTIMAL,3440,3484,1.0128,1.28
tok2,1.25,pc_sobel,PFmin,OPTIMAL,1405,1407,1.0014,0.14
tok2,1.25,v_nvp,PFmin,OPTIMAL,5984,5984,1.0000,0.00
tok2,1.25,p_rasta,PFmax,OPTIMAL,3430,3473,1.0125,1.25
tok2,1.25,f_random_hw,PFmax,OPTIMAL,3440,3484,1.0128,1.28
tok2,1.25,d_random_hw,PFmax,OPTIMAL,1940,1940,1.0000,0.00
tok2,1.25,d_systematic_sw,PFmax,OPTIMAL,1920,2118,1.1031,10.31
tok2,1.25,f_sw3,PFmax,OPTIMAL,3505,3662,1.0448,4.48
tok2,1.25,f_both3,PFmax,OPTIMAL,3662,3662,1.0000,0.00
tok2,1.25,c_pat,PFmax,OPTIMAL,3440,3484,1.0128,1.28
tok2,1.25,pc_sobel,PFmax,OPTIMAL,1405,1407,1.0014,0.14
tok2,1.25,v_nvp,PFmax,OPTIMAL,5984,5984,1.0000,0.00
tok2,1.25,p_rasta,PFlight,OPTIMAL,3430,3430,1.0000,0.00
tok2,1.25,f_random_hw,PFlight,OPTIMAL,3440,3440,1.0000,0.00
tok2,1.25,d_random_hw,PFlight,OPTIMAL,1940,1940,1.0000,0.00
tok2,1.25,d_systematic_sw,PFlight,OPTIMAL,1920,1920,1.0000,0.00
tok2,1.25,f_sw3,PFlight,OPTIMAL,3505,4499,1.2836,28.36
tok2,1.25,f_both3,PFlight,OPTIMAL,3662,4547,1.2417,24.17
tok2,1.25,c_pat,PFlight,OPTIMAL,3440,3440,1.0000,0.00
tok2,1.25,pc_sobel,PFlight,OPTIMAL,1405,1405,1.0000,0.00
tok2,1.25,v_nvp,PFlight,OPTIMAL,5984,5984,1.0000,0.00
tok2,1.25,p_rasta,PFcheap,OPTIMAL,3430,3430,1.0000,0.00
tok2,1.25,f_random_hw,PFcheap,OPTIMAL,3440,3440,1.0000,0.00
tok2,1.25,d_random_hw,PFcheap,OPTIMAL,1940,1940,1.0000,0.00
tok2,1.25,d_systematic_sw,PFcheap,OPTIMAL,1920,1920,1.0000,0.00
tok2,1.25,f_sw3,PFcheap,OPTIMAL,3505,3505,1.0000,0.00
tok2,1.25,f_both3,PFcheap,OPTIMAL,3662,3662,1.0000,0.00
tok2,1.25,c_pat,PFcheap,OPTIMAL,3440,3440,1.0000,0.00
tok2,1.25,pc_sobel,PFcheap,OPTIMAL,1405,1405,1.0000,0.00
tok2,1.25,v_nvp,PFcheap,OPTIMAL,5984,5984,1.0000,0.00
tok2,1.50,f_random_hw,SL,OPTIMAL,3433,3433,1.0000,0.00
tok2,1.50,d_random_hw,SL,OPTIMAL,1917,1917,1.0000,0.00
tok2,1.50,d_systematic_sw,SL,OPTIMAL,1909,1909,1.0000,0.00
tok2,1.50,f_sw3,SL,OPTIMAL,3429,3469,1.0117,1.17
tok2,1.50,f_both3,SL,OPTIMAL,3470,3630,1.0461,4.61
tok2,1.50,c_pat,SL,OPTIMAL,3433,3433,1.0000,0.00
tok2,1.50,pc_sobel,SL,OPTIMAL,1401,1401,1.0000,0.00
tok2,1.50,v_nvp,SL,OPTIMAL,5952,5952,1.0000,0.00
tok2,1.50,f_random_hw,PFmin,OPTIMAL,3433,3433,1.0000,0.00
tok2,1.50,d_random_hw,PFmin,OPTIMAL,1917,1917,1.0000,0.00
tok2,1.50,d_systematic_sw,PFmin,OPTIMAL,1909,1909,1.0000,0.00
tok2,1.50,f_sw3,PFmin,OPTIMAL,3429,3429,1.0000,0.00
tok2,1.50,f_both3,PFmin,OPTIMAL,3470,3470,1.0000,0.00
tok2,1.50,c_pat,PFmin,OPTIMAL,3433,3433,1.0000,0.00
tok2,1.50,pc_sobel,PFmin,OPTIMAL,1401,1401,1.0000,0.00
tok2,1.50,v_nvp,PFmin,OPTIMAL,5952,5952,1.0000,0.00
tok2,1.50,f_random_hw,PFmax,OPTIMAL,3433,3433,1.0000,0.00
tok2,1.50,d_random_hw,PFmax,OPTIMAL,1917,1917,1.0000,0.00
tok2,1.50,d_systematic_sw,PFmax,OPTIMAL,1909,2101,1.1006,10.06
tok2,1.50,f_sw3,PFmax,OPTIMAL,3429,3470,1.0120,1.20
tok2,1.50,f_both3,PFmax,OPTIMAL,3470,3470,1.0000,0.00
tok2,1.50,c_pat,PFmax,OPTIMAL,3433,3433,1.0000,0.00
tok2,1.50,pc_sobel,PFmax,OPTIMAL,1401,1401,1.0000,0.00
tok2,1.50,v_nvp,PFmax,OPTIMAL,5952,5952,1.0000,0.00
tok2,1.50,f_random_hw,PFlight,OPTIMAL,3433,3433,1.0000,0.00
tok2,1.50,d_random_hw,PFlight,OPTIMAL,1917,1917,1.0000,0.00
tok2,1.50,d_systematic_sw,PFlight,OPTIMAL,1909,1909,1.0000,0.00
tok2,1.50,f_sw3,PFlight,OPTIMAL,3429,4462,1.3013,30.13
tok2,1.50,f_both3,PFlight,OPTIMAL,3470,4508,1.2991,29.91
tok2,1.50,c_pat,PFlight,OPTIMAL,3433,3433,1.0000,0.00
tok2,1.50,pc_sobel,PFlight,OPTIMAL,1401,1401,1.0000,0.00
tok2,1.50,v_nvp,PFlight,OPTIMAL,5952,5952,1.0000,0.00
tok2,1.50,f_random_hw,PFcheap,OPTIMAL,3433,3433,1.0000,0.00
tok2,1.50,d_random_hw,PFcheap,OPTIMAL,1917,1917,1.0000,0.00
tok2,1.50,d_systematic_sw,PFcheap,OPTIMAL,1909,1909,1.0000,0.00
tok2,1.50,f_sw3,PFcheap,OPTIMAL,3429,3429,1.0000,0.00
tok2,1.50,f_both3,PFcheap,OPTIMAL,3470,3470,1.0000,0.00
tok2,1.50,c_pat,PFcheap,OPTIMAL,3433,3433,1.0000,0.00
tok2,1.50,pc_sobel,PFcheap,OPTIMAL,1401,1401,1.0000,0.00
tok2,1.50,v_nvp,PFcheap,OPTIMAL,5952,5952,1.0000,0.00
tok2,2.00,f_random_hw,SL,OPTIMAL,3400,3400,1.0000,0.00
tok2,2.00,d_random_hw,SL,OPTIMAL,1909,1909,1.0000,0.00
tok2,2.00,d_systematic_sw,SL,OPTIMAL,1898,1898,1.0000,0.00
tok2,2.00,f_sw3,SL,OPTIMAL,3416,3416,1.0000,0.00
tok2,2.00,f_both3,SL,OPTIMAL,3462,3462,1.0000,0.00
tok2,2.00,c_pat,SL,OPTIMAL,3400,3400,1.0000,0.00
tok2,2.00,pc_sobel,SL,OPTIMAL,1401,1401,1.0000,0.00
tok2,2.00,v_nvp,SL,OPTIMAL,5944,5944,1.0000,0.00
tok2,2.00,f_random_hw,PFmin,OPTIMAL,3400,3400,1.0000,0.00
tok2,2.00,d_random_hw,PFmin,OPTIMAL,1909,1909,1.0000,0.00
tok2,2.00,d_systematic_sw,PFmin,OPTIMAL,1898,1898,1.0000,0.00
tok2,2.00,f_sw3,PFmin,OPTIMAL,3416,3416,1.0000,0.00
tok2,2.00,f_both3,PFmin,OPTIMAL,3462,3462,1.0000,0.00
tok2,2.00,c_pat,PFmin,OPTIMAL,3400,3400,1.0000,0.00
tok2,2.00,pc_sobel,PFmin,OPTIMAL,1401,1401,1.0000,0.00
tok2,2.00,v_nvp,PFmin,OPTIMAL,5944,5944,1.0000,0.00
tok2,2.00,f_random_hw,PFmax,OPTIMAL,3400,3425,1.0074,0.74
tok2,2.00,d_random_hw,PFmax,OPTIMAL,1909,1909,1.0000,0.00
tok2,2.00,d_systematic_sw,PFmax,OPTIMAL,1898,2064,1.0875,8.75
tok2,2.00,f_sw3,PFmax,OPTIMAL,3416,3462,1.0135,1.35
tok2,2.00,f_both3,PFmax,OPTIMAL,3462,3462,1.0000,0.00
tok2,2.00,c_pat,PFmax,OPTIMAL,3400,3425,1.0074,0.74
tok2,2.00,pc_sobel,PFmax,OPTIMAL,1401,1401,1.0000,0.00
tok2,2.00,v_nvp,PFmax,OPTIMAL,5944,5944,1.0000,0.00
tok2,2.00,f_random_hw,PFlight,OPTIMAL,3400,3400,1.0000,0.00
tok2,2.00,d_random_hw,PFlight,OPTIMAL,1909,1909,1.0000,0.00
tok2,2.00,d_systematic_sw,PFlight,OPTIMAL,1898,1898,1.0000,0.00
tok2,2.00,f_sw3,PFlight,OPTIMAL,3416,4454,1.3039,30.39
tok2,2.00,f_both3,PFlight,OPTIMAL,3462,4500,1.2998,29.98
tok2,2.00,c_pat,PFlight,OPTIMAL,3400,3400,1.0000,0.00
tok2,2.00,pc_sobel,PFlight,OPTIMAL,1401,1401,1.0000,0.00
tok2,2.00,v_nvp,PFlight,OPTIMAL,5944,5944,1.0000,0.00
tok2,2.00,f_random_hw,PFcheap,OPTIMAL,3400,3400,1.0000,0.00
tok2,2.00,d_random_hw,PFcheap,OPTIMAL,1909,1909,1.0000,0.00
tok2,2.00,d_systematic_sw,PFcheap,OPTIMAL,1898,1898,1.0000,0.00
tok2,2.00,f_sw3,PFcheap,OPTIMAL,3416,3416,1.0000,0.00
tok2,2.00,f_both3,PFcheap,OPTIMAL,3462,3462,1.0000,0.00
tok2,2.00,c_pat,PFcheap,OPTIMAL,3400,3400,1.0000,0.00
tok2,2.00,pc_sobel,PFcheap,OPTIMAL,1401,1401,1.0000,0.00
tok2,2.00,v_nvp,PFcheap,OPTIMAL,5944,5944,1.0000,0.00
chk10,none,p_rasta,SL,OPTIMAL,3330,3330,1.0000,0.00
chk10,none,f_random_hw,SL,OPTIMAL,3349,3349,1.0000,0.00
chk10,none,d_random_hw,SL,OPTIMAL,1857,1857,1.0000,0.00
chk10,none,d_systematic_sw,SL,OPTIMAL,1846,1846,1.0000,0.00
chk10,none,f_sw3,SL,OPTIMAL,3365,3365,1.0000,0.00
chk10,none,f_both3,SL,OPTIMAL,3406,3406,1.0000,0.00
chk10,none,c_pat,SL,OPTIMAL,3349,3349,1.0000,0.00
chk10,none,pc_sobel,SL,OPTIMAL,1401,1401,1.0000,0.00
chk10,none,v_nvp,SL,OPTIMAL,5680,5680,1.0000,0.00
chk10,none,p_rasta,PFmin,OPTIMAL,3330,3330,1.0000,0.00
chk10,none,f_random_hw,PFmin,OPTIMAL,3349,3349,1.0000,0.00
chk10,none,d_random_hw,PFmin,OPTIMAL,1857,1857,1.0000,0.00
chk10,none,d_systematic_sw,PFmin,OPTIMAL,1846,1846,1.0000,0.00
chk10,none,f_sw3,PFmin,OPTIMAL,3365,3365,1.0000,0.00
chk10,none,f_both3,PFmin,OPTIMAL,3406,3406,1.0000,0.00
chk10,none,c_pat,PFmin,OPTIMAL,3349,3349,1.0000,0.00
chk10,none,pc_sobel,PFmin,OPTIMAL,1401,1401,1.0000,0.00
chk10,none,v_nvp,PFmin,OPTIMAL,5680,5680,1.0000,0.00
chk10,none,p_rasta,PFmax,OPTIMAL,3330,3330,1.0000,0.00
chk10,none,f_random_hw,PFmax,OPTIMAL,3349,3374,1.0075,0.75
chk10,none,d_random_hw,PFmax,OPTIMAL,1857,1882,1.0135,1.35
chk10,none,d_systematic_sw,PFmax,OPTIMAL,1846,2009,1.0883,8.83
chk10,none,f_sw3,PFmax,OPTIMAL,3365,3406,1.0122,1.22
chk10,none,f_both3,PFmax,OPTIMAL,3406,3406,1.0000,0.00
chk10,none,c_pat,PFmax,OPTIMAL,3349,3374,1.0075,0.75
chk10,none,pc_sobel,PFmax,OPTIMAL,1401,1401,1.0000,0.00
chk10,none,v_nvp,PFmax,OPTIMAL,5680,5680,1.0000,0.00
chk10,none,p_rasta,PFlight,OPTIMAL,3330,3330,1.0000,0.00
chk10,none,f_random_hw,PFlight,OPTIMAL,3349,3349,1.0000,0.00
chk10,none,d_random_hw,PFlight,OPTIMAL,1857,1857,1.0000,0.00
chk10,none,d_systematic_sw,PFlight,OPTIMAL,1846,1846,1.0000,0.00
chk10,none,f_sw3,PFlight,OPTIMAL,3365,4403,1.3085,30.85
chk10,none,f_both3,PFlight,OPTIMAL,3406,4444,1.3048,30.48
chk10,none,c_pat,PFlight,OPTIMAL,3349,3349,1.0000,0.00
chk10,none,pc_sobel,PFlight,OPTIMAL,1401,1401,1.0000,0.00
chk10,none,v_nvp,PFlight,OPTIMAL,5680,5680,1.0000,0.00
chk10,none,p_rasta,PFcheap,OPTIMAL,3330,3330,1.0000,0.00
chk10,none,f_random_hw,PFcheap,OPTIMAL,3349,3349,1.0000,0.00
chk10,none,d_random_hw,PFcheap,OPTIMAL,1857,1857,1.0000,0.00
chk10,none,d_systematic_sw,PFcheap,OPTIMAL,1846,1846,1.0000,0.00
chk10,none,f_sw3,PFcheap,OPTIMAL,3365,3365,1.0000,0.00
chk10,none,f_both3,PFcheap,OPTIMAL,3406,3406,1.0000,0.00
chk10,none,c_pat,PFcheap,OPTIMAL,3349,3349,1.0000,0.00
chk10,none,pc_sobel,PFcheap,OPTIMAL,1401,1401,1.0000,0.00
chk10,none,v_nvp,PFcheap,OPTIMAL,5680,5680,1.0000,0.00
chk10,1.00,p_rasta,SL,OPTIMAL,3612,3633,1.0058,0.58
chk10,1.00,f_random_hw,SL,OPTIMAL,3633,3633,1.0000,0.00
chk10,1.00,d_random_hw,SL,OPTIMAL,2124,2124,1.0000,0.00
chk10,1.00,d_systematic_sw,SL,OPTIMAL,2072,2072,1.0000,0.00
chk10,1.00,f_sw3,SL,OPTIMAL,4667,4667,1.0000,0.00
chk10,1.00,f_both3,SL,OPTIMAL,4708,4708,1.0000,0.00
chk10,1.00,c_pat,SL,OPTIMAL,3633,3633,1.0000,0.00
chk10,1.00,pc_sobel,SL,OPTIMAL,1411,1411,1.0000,0.00
chk10,1.00,v_nvp,SL,OPTIMAL,5992,6152,1.0267,2.67
chk10,1.00,p_rasta,PFmin,UNSAT,3612,,,
chk10,1.00,f_random_hw,PFmin,UNSAT,3633,,,
chk10,1.00,d_random_hw,PFmin,OPTIMAL,2124,2124,1.0000,0.00
chk10,1.00,d_systematic_sw,PFmin,OPTIMAL,2072,2072,1.0000,0.00
chk10,1.00,f_sw3,PFmin,UNSAT,4667,,,
chk10,1.00,f_both3,PFmin,UNSAT,4708,,,
chk10,1.00,c_pat,PFmin,UNSAT,3633,,,
chk10,1.00,pc_sobel,PFmin,UNSAT,1411,,,
chk10,1.00,v_nvp,PFmin,OPTIMAL,5992,5992,1.0000,0.00
chk10,1.00,p_rasta,PFmax,UNSAT,3612,,,
chk10,1.00,f_random_hw,PFmax,UNSAT,3633,,,
chk10,1.00,d_random_hw,PFmax,OPTIMAL,2124,2124,1.0000,0.00
chk10,1.00,d_systematic_sw,PFmax,OPTIMAL,2072,2309,1.1144,11.44
chk10,1.00,f_sw3,PFmax,UNSAT,4667,,,
chk10,1.00,f_both3,PFmax,UNSAT,4708,,,
chk10,1.00,c_pat,PFmax,UNSAT,3633,,,
chk10,1.00,pc_sobel,PFmax,UNSAT,1411,,,
chk10,1.00,v_nvp,PFmax,OPTIMAL,5992,5992,1.0000,0.00
chk10,1.00,p_rasta,PFlight,OPTIMAL,3612,3612,1.0000,0.00
chk10,1.00,f_random_hw,PFlight,OPTIMAL,3633,3633,1.0000,0.00
chk10,1.00,d_random_hw,PFlight,OPTIMAL,2124,2124,1.0000,0.00
chk10,1.00,d_systematic_sw,PFlight,OPTIMAL,2072,2072,1.0000,0.00
chk10,1.00,f_sw3,PFlight,OPTIMAL,4667,4667,1.0000,0.00
chk10,1.00,f_both3,PFlight,OPTIMAL,4708,4708,1.0000,0.00
chk10,1.00,c_pat,PFlight,OPTIMAL,3633,3633,1.0000,0.00
chk10,1.00,pc_sobel,PFlight,OPTIMAL,1411,1411,1.0000,0.00
chk10,1.00,v_nvp,PFlight,OPTIMAL,5992,5992,1.0000,0.00
chk10,1.00,p_rasta,PFcheap,OPTIMAL,3612,3612,1.0000,0.00
chk10,1.00,f_random_hw,PFcheap,OPTIMAL,3633,3633,1.0000,0.00
chk10,1.00,d_random_hw,PFcheap,OPTIMAL,2124,2124,1.0000,0.00
chk10,1.00,d_systematic_sw,PFcheap,OPTIMAL,2072,2072,1.0000,0.00
chk10,1.00,f_sw3,PFcheap,UNSAT,4667,,,
chk10,1.00,f_both3,PFcheap,UNSAT,4708,,,
chk10,1.00,c_pat,PFcheap,OPTIMAL,3633,3633,1.0000,0.00
chk10,1.00,pc_sobel,PFcheap,OPTIMAL,1411,1411,1.0000,0.00
chk10,1.00,v_nvp,PFcheap,OPTIMAL,5992,5992,1.0000,0.00
chk10,1.10,p_rasta,SL,OPTIMAL,3467,3633,1.0479,4.79
chk10,1.10,f_random_hw,SL,OPTIMAL,3633,3633,1.0000,0.00
chk10,1.10,d_random_hw,SL,OPTIMAL,2121,2121,1.0000,0.00
chk10,1.10,d_systematic_sw,SL,OPTIMAL,2069,2069,1.0000,0.00
chk10,1.10,f_sw3,SL,OPTIMAL,4625,4625,1.0000,0.00
chk10,1.10,f_both3,SL,OPTIMAL,4708,4708,1.0000,0.00
chk10,1.10,c_pat,SL,OPTIMAL,3633,3633,1.0000,0.00
chk10,1.10,pc_sobel,SL,OPTIMAL,1407,1407,1.0000,0.00
chk10,1.10,v_nvp,SL,OPTIMAL,5992,5992,1.0000,0.00
chk10,1.10,p_rasta,PFmin,UNSAT,3467,,,
chk10,1.10,f_random_hw,PFmin,UNSAT,3633,,,
chk10,1.10,d_random_hw,PFmin,OPTIMAL,2121,2121,1.0000,0.00
chk10,1.10,d_systematic_sw,PFmin,OPTIMAL,2069,2069,1.0000,0.00
chk10,1.10,f_sw3,PFmin,UNSAT,4625,,,
chk10,1.10,f_both3,PFmin,UNSAT,4708,,,
chk10,1.10,c_pat,PFmin,UNSAT,3633,,,
chk10,1.10,pc_sobel,PFmin,UNSAT,1407,,,
chk10,1.10,v_nvp,PFmin,OPTIMAL,5992,5992,1.0000,0.00
chk10,1.10,p_rasta,PFmax,UNSAT,3467,,,
chk10,1.10,f_random_hw,PFmax,UNSAT,3633,,,
chk10,1.10,d_random_hw,PFmax,OPTIMAL,2121,2121,1.0000,0.00
chk10,1.10,d_systematic_sw,PFmax,OPTIMAL,2069,2309,1.1160,11.60
chk10,1.10,f_sw3,PFmax,UNSAT,4625,,,
chk10,1.10,f_both3,PFmax,UNSAT,4708,,,
chk10,1.10,c_pat,PFmax,UNSAT,3633,,,
chk10,1.10,pc_sobel,PFmax,UNSAT,1407,,,
chk10,1.10,v_nvp,PFmax,OPTIMAL,5992,5992,1.0000,0.00
chk10,1.10,p_rasta,PFlight,OPTIMAL,3467,3467,1.0000,0.00
chk10,1.10,f_random_hw,PFlight,OPTIMAL,3633,3633,1.0000,0.00
chk10,1.10,d_random_hw,PFlight,OPTIMAL,2121,2121,1.0000,0.00
chk10,1.10,d_systematic_sw,PFlight,OPTIMAL,2069,2069,1.0000,0.00
chk10,1.10,f_sw3,PFlight,OPTIMAL,4625,4625,1.0000,0.00
chk10,1.10,f_both3,PFlight,OPTIMAL,4708,4708,1.0000,0.00
chk10,1.10,c_pat,PFlight,OPTIMAL,3633,3633,1.0000,0.00
chk10,1.10,pc_sobel,PFlight,OPTIMAL,1407,1407,1.0000,0.00
chk10,1.10,v_nvp,PFlight,OPTIMAL,5992,5992,1.0000,0.00
chk10,1.10,p_rasta,PFcheap,OPTIMAL,3467,3467,1.0000,0.00
chk10,1.10,f_random_hw,PFcheap,OPTIMAL,3633,3633,1.0000,0.00
chk10,1.10,d_random_hw,PFcheap,OPTIMAL,2121,2121,1.0000,0.00
chk10,1.10,d_systematic_sw,PFcheap,OPTIMAL,2069,2069,1.0000,0.00
chk10,1.10,f_sw3,PFcheap,UNSAT,4625,,,
chk10,1.10,f_both3,PFcheap,UNSAT,4708,,,
chk10,1.10,c_pat,PFcheap,OPTIMAL,3633,3633,1.0000,0.00
chk10,1.10,pc_sobel,PFcheap,OPTIMAL,1407,1407,1.0000,0.00
chk10,1.10,v_nvp,PFcheap,OPTIMAL,5992,5992,1.0000,0.00
chk10,1.25,p_rasta,SL,OPTIMAL,3455,3491,1.0104,1.04
chk10,1.25,f_random_hw,SL,OPTIMAL,3484,3484,1.0000,0.00
chk10,1.25,d_random_hw,SL,OPTIMAL,1972,1972,1.0000,0.00
chk10,1.25,d_systematic_sw,SL,OPTIMAL,1920,1920,1.0000,0.00
chk10,1.25,f_sw3,SL,OPTIMAL,4498,4498,1.0000,0.00
chk10,1.25,f_both3,SL,OPTIMAL,4699,4699,1.0000,0.00
chk10,1.25,c_pat,SL,OPTIMAL,3484,3484,1.0000,0.00
chk10,1.25,pc_sobel,SL,OPTIMAL,1403,1403,1.0000,0.00
chk10,1.25,v_nvp,SL,OPTIMAL,5984,5988,1.0007,0.07
chk10,1.25,p_rasta,PFmin,UNSAT,3455,,,
chk10,1.25,f_random_hw,PFmin,UNSAT,3484,,,
chk10,1.25,d_random_hw,PFmin,OPTIMAL,1972,1972,1.0000,0.00
chk10,1.25,d_systematic_sw,PFmin,OPTIMAL,1920,1920,1.0000,0.00
chk10,1.25,f_sw3,PFmin,UNSAT,4498,,,
chk10,1.25,f_both3,PFmin,UNSAT,4699,,,
chk10,1.25,c_pat,PFmin,UNSAT,3484,,,
chk10,1.25,pc_sobel,PFmin,UNSAT,1403,,,
chk10,1.25,v_nvp,PFmin,OPTIMAL,5984,5984,1.0000,0.00
chk10,1.25,p_rasta,PFmax,UNSAT,3455,,,
chk10,1.25,f_random_hw,PFmax,UNSAT,3484,,,
chk10,1.25,d_random_hw,PFmax,OPTIMAL,1972,1972,1.0000,0.00
chk10,1.25,d_systematic_sw,PFmax,OPTIMAL,1920,2123,1.1057,10.57
chk10,1.25,f_sw3,PFmax,UNSAT,4498,,,
chk10,1.25,f_both3,PFmax,UNSAT,4699,,,
chk10,1.25,c_pat,PFmax,UNSAT,3484,,,
chk10,1.25,pc_sobel,PFmax,UNSAT,1403,,,
chk10,1.25,v_nvp,PFmax,OPTIMAL,5984,5984,1.0000,0.00
chk10,1.25,p_rasta,PFlight,OPTIMAL,3455,3455,1.0000,0.00
chk10,1.25,f_random_hw,PFlight,OPTIMAL,3484,3484,1.0000,0.00
chk10,1.25,d_random_hw,PFlight,OPTIMAL,1972,1972,1.0000,0.00
chk10,1.25,d_systematic_sw,PFlight,OPTIMAL,1920,1920,1.0000,0.00
chk10,1.25,f_sw3,PFlight,OPTIMAL,4498,4498,1.0000,0.00
chk10,1.25,f_both3,PFlight,OPTIMAL,4699,4699,1.0000,0.00
chk10,1.25,c_pat,PFlight,OPTIMAL,3484,3484,1.0000,0.00
chk10,1.25,pc_sobel,PFlight,OPTIMAL,1403,1403,1.0000,0.00
chk10,1.25,v_nvp,PFlight,OPTIMAL,5984,5984,1.0000,0.00
chk10,1.25,p_rasta,PFcheap,OPTIMAL,3455,3455,1.0000,0.00
chk10,1.25,f_random_hw,PFcheap,OPTIMAL,3484,3484,1.0000,0.00
chk10,1.25,d_random_hw,PFcheap,OPTIMAL,1972,1972,1.0000,0.00
chk10,1.25,d_systematic_sw,PFcheap,OPTIMAL,1920,1920,1.0000,0.00
chk10,1.25,f_sw3,PFcheap,UNSAT,4498,,,
chk10,1.25,f_both3,PFcheap,UNSAT,4699,,,
chk10,1.25,c_pat,PFcheap,OPTIMAL,3484,3484,1.0000,0.00
chk10,1.25,pc_sobel,PFcheap,OPTIMAL,1403,1403,1.0000,0.00
chk10,1.25,v_nvp,PFcheap,OPTIMAL,5984,5984,1.0000,0.00
chk10,1.50,p_rasta,SL,OPTIMAL,3439,3458,1.0055,0.55
chk10,1.50,f_random_hw,SL,OPTIMAL,3440,3473,1.0096,0.96
chk10,1.50,d_random_hw,SL,OPTIMAL,1931,1931,1.0000,0.00
chk10,1.50,d_systematic_sw,SL,OPTIMAL,1906,1906,1.0000,0.00
chk10,1.50,f_sw3,SL,OPTIMAL,3988,3988,1.0000,0.00
chk10,1.50,f_both3,SL,OPTIMAL,4149,4149,1.0000,0.00
chk10,1.50,c_pat,SL,OPTIMAL,3473,3473,1.0000,0.00
chk10,1.50,pc_sobel,SL,OPTIMAL,1401,1401,1.0000,0.00
chk10,1.50,v_nvp,SL,OPTIMAL,5952,5952,1.0000,0.00
chk10,1.50,p_rasta,PFmin,OPTIMAL,3439,3455,1.0047,0.47
chk10,1.50,f_random_hw,PFmin,OPTIMAL,3440,3473,1.0096,0.96
chk10,1.50,d_random_hw,PFmin,OPTIMAL,1931,1931,1.0000,0.00
chk10,1.50,d_systematic_sw,PFmin,OPTIMAL,1906,1906,1.0000,0.00
chk10,1.50,f_sw3,PFmin,UNSAT,3988,,,
chk10,1.50,f_both3,PFmin,UNSAT,4149,,,
chk10,1.50,c_pat,PFmin,OPTIMAL,3473,3473,1.0000,0.00
chk10,1.50,pc_sobel,PFmin,UNSAT,1401,,,
chk10,1.50,v_nvp,PFmin,OPTIMAL,5952,5952,1.0000,0.00
chk10,1.50,p_rasta,PFmax,OPTIMAL,3439,3458,1.0055,0.55
chk10,1.50,f_random_hw,PFmax,OPTIMAL,3440,3473,1.0096,0.96
chk10,1.50,d_random_hw,PFmax,OPTIMAL,1931,1931,1.0000,0.00
chk10,1.50,d_systematic_sw,PFmax,OPTIMAL,1906,2112,1.1081,10.81
chk10,1.50,f_sw3,PFmax,UNSAT,3988,,,
chk10,1.50,f_both3,PFmax,UNSAT,4149,,,
chk10,1.50,c_pat,PFmax,OPTIMAL,3473,3473,1.0000,0.00
chk10,1.50,pc_sobel,PFmax,UNSAT,1401,,,
chk10,1.50,v_nvp,PFmax,OPTIMAL,5952,5952,1.0000,0.00
chk10,1.50,p_rasta,PFlight,OPTIMAL,3439,3439,1.0000,0.00
chk10,1.50,f_random_hw,PFlight,OPTIMAL,3440,3440,1.0000,0.00
chk10,1.50,d_random_hw,PFlight,OPTIMAL,1931,1931,1.0000,0.00
chk10,1.50,d_systematic_sw,PFlight,OPTIMAL,1906,1906,1.0000,0.00
chk10,1.50,f_sw3,PFlight,OPTIMAL,3988,4462,1.1189,11.89
chk10,1.50,f_both3,PFlight,OPTIMAL,4149,4663,1.1239,12.39
chk10,1.50,c_pat,PFlight,OPTIMAL,3473,3473,1.0000,0.00
chk10,1.50,pc_sobel,PFlight,OPTIMAL,1401,1401,1.0000,0.00
chk10,1.50,v_nvp,PFlight,OPTIMAL,5952,5952,1.0000,0.00
chk10,1.50,p_rasta,PFcheap,OPTIMAL,3439,3439,1.0000,0.00
chk10,1.50,f_random_hw,PFcheap,OPTIMAL,3440,3440,1.0000,0.00
chk10,1.50,d_random_hw,PFcheap,OPTIMAL,1931,1931,1.0000,0.00
chk10,1.50,d_systematic_sw,PFcheap,OPTIMAL,1906,1906,1.0000,0.00
chk10,1.50,f_sw3,PFcheap,UNSAT,3988,,,
chk10,1.50,f_both3,PFcheap,UNSAT,4149,,,
chk10,1.50,c_pat,PFcheap,OPTIMAL,3473,3473,1.0000,0.00
chk10,1.50,pc_sobel,PFcheap,OPTIMAL,1401,1401,1.0000,0.00
chk10,1.50,v_nvp,PFcheap,OPTIMAL,5952,5952,1.0000,0.00
chk10,2.00,p_rasta,SL,OPTIMAL,3399,3400,1.0003,0.03
chk10,2.00,f_random_hw,SL,OPTIMAL,3400,3400,1.0000,0.00
chk10,2.00,d_random_hw,SL,OPTIMAL,1912,1912,1.0000,0.00
chk10,2.00,d_systematic_sw,SL,OPTIMAL,1898,1898,1.0000,0.00
chk10,2.00,f_sw3,SL,OPTIMAL,3421,3461,1.0117,1.17
chk10,2.00,f_both3,SL,OPTIMAL,3462,3622,1.0462,4.62
chk10,2.00,c_pat,SL,OPTIMAL,3400,3400,1.0000,0.00
chk10,2.00,pc_sobel,SL,OPTIMAL,1401,1401,1.0000,0.00
chk10,2.00,v_nvp,SL,OPTIMAL,5944,5944,1.0000,0.00
chk10,2.00,p_rasta,PFmin,OPTIMAL,3399,3400,1.0003,0.03
chk10,2.00,f_random_hw,PFmin,OPTIMAL,3400,3400,1.0000,0.00
chk10,2.00,d_random_hw,PFmin,OPTIMAL,1912,1912,1.0000,0.00
chk10,2.00,d_systematic_sw,PFmin,OPTIMAL,1898,1898,1.0000,0.00
chk10,2.00,f_sw3,PFmin,OPTIMAL,3421,3421,1.0000,0.00
chk10,2.00,f_both3,PFmin,OPTIMAL,3462,3462,1.0000,0.00
chk10,2.00,c_pat,PFmin,OPTIMAL,3400,3429,1.0085,0.85
chk10,2.00,pc_sobel,PFmin,OPTIMAL,1401,1409,1.0057,0.57
chk10,2.00,v_nvp,PFmin,OPTIMAL,5944,5944,1.0000,0.00
chk10,2.00,p_rasta,PFmax,OPTIMAL,3399,3407,1.0024,0.24
chk10,2.00,f_random_hw,PFmax,OPTIMAL,3400,3425,1.0074,0.74
chk10,2.00,d_random_hw,PFmax,OPTIMAL,1912,1912,1.0000,0.00
chk10,2.00,d_systematic_sw,PFmax,OPTIMAL,1898,2068,1.0896,8.96
chk10,2.00,f_sw3,PFmax,OPTIMAL,3421,3462,1.0120,1.20
chk10,2.00,f_both3,PFmax,OPTIMAL,3462,3462,1.0000,0.00
chk10,2.00,c_pat,PFmax,OPTIMAL,3400,3454,1.0159,1.59
chk10,2.00,pc_sobel,PFmax,OPTIMAL,1401,1409,1.0057,0.57
chk10,2.00,v_nvp,PFmax,OPTIMAL,5944,5944,1.0000,0.00
chk10,2.00,p_rasta,PFlight,OPTIMAL,3399,3399,1.0000,0.00
chk10,2.00,f_random_hw,PFlight,OPTIMAL,3400,3400,1.0000,0.00
chk10,2.00,d_random_hw,PFlight,OPTIMAL,1912,1912,1.0000,0.00
chk10,2.00,d_systematic_sw,PFlight,OPTIMAL,1898,1898,1.0000,0.00
chk10,2.00,f_sw3,PFlight,OPTIMAL,3421,4454,1.3020,30.20
chk10,2.00,f_both3,PFlight,OPTIMAL,3462,4500,1.2998,29.98
chk10,2.00,c_pat,PFlight,OPTIMAL,3400,3400,1.0000,0.00
chk10,2.00,pc_sobel,PFlight,OPTIMAL,1401,1401,1.0000,0.00
chk10,2.00,v_nvp,PFlight,OPTIMAL,5944,5944,1.0000,0.00
chk10,2.00,p_rasta,PFcheap,OPTIMAL,3399,3399,1.0000,0.00
chk10,2.00,f_random_hw,PFcheap,OPTIMAL,3400,3400,1.0000,0.00
chk10,2.00,d_random_hw,PFcheap,OPTIMAL,1912,1912,1.0000,0.00
chk10,2.00,d_systematic_sw,PFcheap,OPTIMAL,1898,1898,1.0000,0.00
chk10,2.00,f_sw3,PFcheap,OPTIMAL,3421,3421,1.0000,0.00
chk10,2.00,f_both3,PFcheap,OPTIMAL,3462,3462,1.0000,0.00
chk10,2.00,c_pat,PFcheap,OPTIMAL,3400,3400,1.0000,0.00
chk10,2.00,pc_sobel,PFcheap,OPTIMAL,1401,1401,1.0000,0.00
chk10,2.00,v_nvp,PFcheap,OPTIMAL,5944,5944,1.0000,0.00
chk50,none,p_rasta,SL,OPTIMAL,3330,3330,1.0000,0.00
chk50,none,f_random_hw,SL,OPTIMAL,3349,3349,1.0000,0.00
chk50,none,d_random_hw,SL,OPTIMAL,1857,1857,1.0000,0.00
chk50,none,d_systematic_sw,SL,OPTIMAL,1846,1846,1.0000,0.00
chk50,none,f_sw3,SL,OPTIMAL,3365,3365,1.0000,0.00
chk50,none,f_both3,SL,OPTIMAL,3406,3406,1.0000,0.00
chk50,none,c_pat,SL,OPTIMAL,3349,3349,1.0000,0.00
chk50,none,pc_sobel,SL,OPTIMAL,1401,1401,1.0000,0.00
chk50,none,v_nvp,SL,OPTIMAL,5680,5680,1.0000,0.00
chk50,none,p_rasta,PFmin,OPTIMAL,3330,3330,1.0000,0.00
chk50,none,f_random_hw,PFmin,OPTIMAL,3349,3349,1.0000,0.00
chk50,none,d_random_hw,PFmin,OPTIMAL,1857,1857,1.0000,0.00
chk50,none,d_systematic_sw,PFmin,OPTIMAL,1846,1846,1.0000,0.00
chk50,none,f_sw3,PFmin,OPTIMAL,3365,3365,1.0000,0.00
chk50,none,f_both3,PFmin,OPTIMAL,3406,3406,1.0000,0.00
chk50,none,c_pat,PFmin,OPTIMAL,3349,3349,1.0000,0.00
chk50,none,pc_sobel,PFmin,OPTIMAL,1401,1401,1.0000,0.00
chk50,none,v_nvp,PFmin,OPTIMAL,5680,5680,1.0000,0.00
chk50,none,p_rasta,PFmax,OPTIMAL,3330,3330,1.0000,0.00
chk50,none,f_random_hw,PFmax,OPTIMAL,3349,3374,1.0075,0.75
chk50,none,d_random_hw,PFmax,OPTIMAL,1857,1882,1.0135,1.35
chk50,none,d_systematic_sw,PFmax,OPTIMAL,1846,2009,1.0883,8.83
chk50,none,f_sw3,PFmax,OPTIMAL,3365,3406,1.0122,1.22
chk50,none,f_both3,PFmax,OPTIMAL,3406,3406,1.0000,0.00
chk50,none,c_pat,PFmax,OPTIMAL,3349,3374,1.0075,0.75
chk50,none,pc_sobel,PFmax,OPTIMAL,1401,1401,1.0000,0.00
chk50,none,v_nvp,PFmax,OPTIMAL,5680,5680,1.0000,0.00
chk50,none,p_rasta,PFlight,OPTIMAL,3330,3330,1.0000,0.00
chk50,none,f_random_hw,PFlight,OPTIMAL,3349,3349,1.0000,0.00
chk50,none,d_random_hw,PFlight,OPTIMAL,1857,1857,1.0000,0.00
chk50,none,d_systematic_sw,PFlight,OPTIMAL,1846,1846,1.0000,0.00
chk50,none,f_sw3,PFlight,OPTIMAL,3365,3884,1.1542,15.42
chk50,none,f_both3,PFlight,OPTIMAL,3406,3925,1.1524,15.24
chk50,none,c_pat,PFlight,OPTIMAL,3349,3349,1.0000,0.00
chk50,none,pc_sobel,PFlight,OPTIMAL,1401,1401,1.0000,0.00
chk50,none,v_nvp,PFlight,OPTIMAL,5680,5680,1.0000,0.00
chk50,none,p_rasta,PFcheap,OPTIMAL,3330,3330,1.0000,0.00
chk50,none,f_random_hw,PFcheap,OPTIMAL,3349,3349,1.0000,0.00
chk50,none,d_random_hw,PFcheap,OPTIMAL,1857,1857,1.0000,0.00
chk50,none,d_systematic_sw,PFcheap,OPTIMAL,1846,1846,1.0000,0.00
chk50,none,f_sw3,PFcheap,OPTIMAL,3365,3365,1.0000,0.00
chk50,none,f_both3,PFcheap,OPTIMAL,3406,3406,1.0000,0.00
chk50,none,c_pat,PFcheap,OPTIMAL,3349,3349,1.0000,0.00
chk50,none,pc_sobel,PFcheap,OPTIMAL,1401,1401,1.0000,0.00
chk50,none,v_nvp,PFcheap,OPTIMAL,5680,5680,1.0000,0.00
chk50,1.00,p_rasta,SL,OPTIMAL,3621,3639,1.0050,0.50
chk50,1.00,f_random_hw,SL,OPTIMAL,3639,3639,1.0000,0.00
chk50,1.00,d_random_hw,SL,UNSAT,2289,,,
chk50,1.00,d_systematic_sw,SL,UNSAT,2104,,,
chk50,1.00,f_sw3,SL,OPTIMAL,4670,4670,1.0000,0.00
chk50,1.00,f_both3,SL,OPTIMAL,4868,4871,1.0006,0.06
chk50,1.00,c_pat,SL,OPTIMAL,3639,3639,1.0000,0.00
chk50,1.00,pc_sobel,SL,OPTIMAL,1409,1409,1.0000,0.00
chk50,1.00,v_nvp,SL,OPTIMAL,5995,6155,1.0267,2.67
chk50,1.00,p_rasta,PFmin,UNSAT,3621,,,
chk50,1.00,f_random_hw,PFmin,UNSAT,3639,,,
chk50,1.00,d_random_hw,PFmin,OPTIMAL,2289,2289,1.0000,0.00
chk50,1.00,d_systematic_sw,PFmin,OPTIMAL,2104,2104,1.0000,0.00
chk50,1.00,f_sw3,PFmin,UNSAT,4670,,,
chk50,1.00,f_both3,PFmin,UNSAT,4868,,,
chk50,1.00,c_pat,PFmin,UNSAT,3639,,,
chk50,1.00,pc_sobel,PFmin,UNSAT,1409,,,
chk50,1.00,v_nvp,PFmin,OPTIMAL,5995,5995,1.0000,0.00
chk50,1.00,p_rasta,PFmax,UNSAT,3621,,,
chk50,1.00,f_random_hw,PFmax,UNSAT,3639,,,
chk50,1.00,d_random_hw,PFmax,OPTIMAL,2289,2289,1.0000,0.00
chk50,1.00,d_systematic_sw,PFmax,UNSAT,2104,,,
chk50,1.00,f_sw3,PFmax,UNSAT,4670,,,
chk50,1.00,f_both3,PFmax,UNSAT,4868,,,
chk50,1.00,c_pat,PFmax,UNSAT,3639,,,
chk50,1.00,pc_sobel,PFmax,UNSAT,1409,,,
chk50,1.00,v_nvp,PFmax,OPTIMAL,5995,5995,1.0000,0.00
chk50,1.00,p_rasta,PFlight,OPTIMAL,3621,3621,1.0000,0.00
chk50,1.00,f_random_hw,PFlight,OPTIMAL,3639,3639,1.0000,0.00
chk50,1.00,d_random_hw,PFlight,OPTIMAL,2289,2289,1.0000,0.00
chk50,1.00,d_systematic_sw,PFlight,OPTIMAL,2104,2104,1.0000,0.00
chk50,1.00,f_sw3,PFlight,UNSAT,4670,,,
chk50,1.00,f_both3,PFlight,UNSAT,4868,,,
chk50,1.00,c_pat,PFlight,OPTIMAL,3639,3639,1.0000,0.00
chk50,1.00,pc_sobel,PFlight,OPTIMAL,1409,1409,1.0000,0.00
chk50,1.00,v_nvp,PFlight,OPTIMAL,5995,5995,1.0000,0.00
chk50,1.00,p_rasta,PFcheap,OPTIMAL,3621,3621,1.0000,0.00
chk50,1.00,f_random_hw,PFcheap,OPTIMAL,3639,3639,1.0000,0.00
chk50,1.00,d_random_hw,PFcheap,OPTIMAL,2289,2289,1.0000,0.00
chk50,1.00,d_systematic_sw,PFcheap,OPTIMAL,2104,2104,1.0000,0.00
chk50,1.00,f_sw3,PFcheap,UNSAT,4670,,,
chk50,1.00,f_both3,PFcheap,UNSAT,4868,,,
chk50,1.00,c_pat,PFcheap,OPTIMAL,3639,3639,1.0000,0.00
chk50,1.00,pc_sobel,PFcheap,OPTIMAL,1409,1409,1.0000,0.00
chk50,1.00,v_nvp,PFcheap,OPTIMAL,5995,5995,1.0000,0.00
chk50,1.10,p_rasta,SL,OPTIMAL,3603,3603,1.0000,0.00
chk50,1.10,f_random_hw,SL,OPTIMAL,3603,3603,1.0000,0.00
chk50,1.10,d_random_hw,SL,UNSAT,2126,,,
chk50,1.10,d_systematic_sw,SL,UNSAT,2071,,,
chk50,1.10,f_sw3,SL,OPTIMAL,4662,4662,1.0000,0.00
chk50,1.10,f_both3,SL,OPTIMAL,4700,4700,1.0000,0.00
chk50,1.10,c_pat,SL,OPTIMAL,3603,3603,1.0000,0.00
chk50,1.10,pc_sobel,SL,OPTIMAL,1405,1405,1.0000,0.00
chk50,1.10,v_nvp,SL,OPTIMAL,5992,5995,1.0005,0.05
chk50,1.10,p_rasta,PFmin,UNSAT,3603,,,
chk50,1.10,f_random_hw,PFmin,UNSAT,3603,,,
chk50,1.10,d_random_hw,PFmin,OPTIMAL,2126,2126,1.0000,0.00
chk50,1.10,d_systematic_sw,PFmin,OPTIMAL,2071,2071,1.0000,0.00
chk50,1.10,f_sw3,PFmin,UNSAT,4662,,,
chk50,1.10,f_both3,PFmin,UNSAT,4700,,,
chk50,1.10,c_pat,PFmin,UNSAT,3603,,,
chk50,1.10,pc_sobel,PFmin,UNSAT,1405,,,
chk50,1.10,v_nvp,PFmin,OPTIMAL,5992,5992,1.0000,0.00
chk50,1.10,p_rasta,PFmax,UNSAT,3603,,,
chk50,1.10,f_random_hw,PFmax,UNSAT,3603,,,
chk50,1.10,d_random_hw,PFmax,OPTIMAL,2126,2126,1.0000,0.00
chk50,1.10,d_systematic_sw,PFmax,OPTIMAL,2071,2304,1.1125,11.25
chk50,1.10,f_sw3,PFmax,UNSAT,4662,,,
chk50,1.10,f_both3,PFmax,UNSAT,4700,,,
chk50,1.10,c_pat,PFmax,UNSAT,3603,,,
chk50,1.10,pc_sobel,PFmax,UNSAT,1405,,,
chk50,1.10,v_nvp,PFmax,OPTIMAL,5992,5992,1.0000,0.00
chk50,1.10,p_rasta,PFlight,OPTIMAL,3603,3603,1.0000,0.00
chk50,1.10,f_random_hw,PFlight,OPTIMAL,3603,3603,1.0000,0.00
chk50,1.10,d_random_hw,PFlight,OPTIMAL,2126,2126,1.0000,0.00
chk50,1.10,d_systematic_sw,PFlight,OPTIMAL,2071,2071,1.0000,0.00
chk50,1.10,f_sw3,PFlight,UNSAT,4662,,,
chk50,1.10,f_both3,PFlight,UNSAT,4700,,,
chk50,1.10,c_pat,PFlight,OPTIMAL,3603,3603,1.0000,0.00
chk50,1.10,pc_sobel,PFlight,OPTIMAL,1405,1405,1.0000,0.00
chk50,1.10,v_nvp,PFlight,OPTIMAL,5992,5992,1.0000,0.00
chk50,1.10,p_rasta,PFcheap,OPTIMAL,3603,3603,1.0000,0.00
chk50,1.10,f_random_hw,PFcheap,OPTIMAL,3603,3603,1.0000,0.00
chk50,1.10,d_random_hw,PFcheap,OPTIMAL,2126,2126,1.0000,0.00
chk50,1.10,d_systematic_sw,PFcheap,OPTIMAL,2071,2071,1.0000,0.00
chk50,1.10,f_sw3,PFcheap,UNSAT,4662,,,
chk50,1.10,f_both3,PFcheap,UNSAT,4700,,,
chk50,1.10,c_pat,PFcheap,OPTIMAL,3603,3603,1.0000,0.00
chk50,1.10,pc_sobel,PFcheap,OPTIMAL,1405,1405,1.0000,0.00
chk50,1.10,v_nvp,PFcheap,OPTIMAL,5992,5992,1.0000,0.00
chk50,1.25,p_rasta,SL,OPTIMAL,3455,3473,1.0052,0.52
chk50,1.25,f_random_hw,SL,OPTIMAL,3473,3473,1.0000,0.00
chk50,1.25,d_random_hw,SL,OPTIMAL,1967,1967,1.0000,0.00
chk50,1.25,d_systematic_sw,SL,OPTIMAL,1912,1912,1.0000,0.00
chk50,1.25,f_sw3,SL,OPTIMAL,3988,3988,1.0000,0.00
chk50,1.25,f_both3,SL,OPTIMAL,4149,4149,1.0000,0.00
chk50,1.25,c_pat,SL,OPTIMAL,3473,3473,1.0000,0.00
chk50,1.25,pc_sobel,SL,OPTIMAL,1403,1403,1.0000,0.00
chk50,1.25,v_nvp,SL,OPTIMAL,5984,5988,1.0007,0.07
chk50,1.25,p_rasta,PFmin,UNSAT,3455,,,
chk50,1.25,f_random_hw,PFmin,UNSAT,3473,,,
chk50,1.25,d_random_hw,PFmin,OPTIMAL,1967,1967,1.0000,0.00
chk50,1.25,d_systematic_sw,PFmin,OPTIMAL,1912,1912,1.0000,0.00
chk50,1.25,f_sw3,PFmin,UNSAT,3988,,,
chk50,1.25,f_both3,PFmin,UNSAT,4149,,,
chk50,1.25,c_pat,PFmin,UNSAT,3473,,,
chk50,1.25,pc_sobel,PFmin,UNSAT,1403,,,
chk50,1.25,v_nvp,PFmin,OPTIMAL,5984,5984,1.0000,0.00
chk50,1.25,p_rasta,PFmax,UNSAT,3455,,,
chk50,1.25,f_random_hw,PFmax,UNSAT,3473,,,
chk50,1.25,d_random_hw,PFmax,OPTIMAL,1967,1967,1.0000,0.00
chk50,1.25,d_systematic_sw,PFmax,OPTIMAL,1912,2264,1.1841,18.41
chk50,1.25,f_sw3,PFmax,UNSAT,3988,,,
chk50,1.25,f_both3,PFmax,UNSAT,4149,,,
chk50,1.25,c_pat,PFmax,UNSAT,3473,,,
chk50,1.25,pc_sobel,PFmax,UNSAT,1403,,,
chk50,1.25,v_nvp,PFmax,OPTIMAL,5984,5984,1.0000,0.00
chk50,1.25,p_rasta,PFlight,OPTIMAL,3455,3455,1.0000,0.00
chk50,1.25,f_random_hw,PFlight,OPTIMAL,3473,3473,1.0000,0.00
chk50,1.25,d_random_hw,PFlight,OPTIMAL,1967,1967,1.0000,0.00
chk50,1.25,d_systematic_sw,PFlight,OPTIMAL,1912,1912,1.0000,0.00
chk50,1.25,f_sw3,PFlight,UNSAT,3988,,,
chk50,1.25,f_both3,PFlight,UNSAT,4149,,,
chk50,1.25,c_pat,PFlight,OPTIMAL,3473,3473,1.0000,0.00
chk50,1.25,pc_sobel,PFlight,OPTIMAL,1403,1403,1.0000,0.00
chk50,1.25,v_nvp,PFlight,OPTIMAL,5984,5984,1.0000,0.00
chk50,1.25,p_rasta,PFcheap,OPTIMAL,3455,3455,1.0000,0.00
chk50,1.25,f_random_hw,PFcheap,OPTIMAL,3473,3473,1.0000,0.00
chk50,1.25,d_random_hw,PFcheap,OPTIMAL,1967,1967,1.0000,0.00
chk50,1.25,d_systematic_sw,PFcheap,OPTIMAL,1912,1912,1.0000,0.00
chk50,1.25,f_sw3,PFcheap,UNSAT,3988,,,
chk50,1.25,f_both3,PFcheap,UNSAT,4149,,,
chk50,1.25,c_pat,PFcheap,OPTIMAL,3473,3473,1.0000,0.00
chk50,1.25,pc_sobel,PFcheap,OPTIMAL,1403,1403,1.0000,0.00
chk50,1.25,v_nvp,PFcheap,OPTIMAL,5984,5984,1.0000,0.00
chk50,1.50,p_rasta,SL,OPTIMAL,3429,3461,1.0093,0.93
chk50,1.50,f_random_hw,SL,OPTIMAL,3429,3473,1.0128,1.28
chk50,1.50,d_random_hw,SL,OPTIMAL,1934,1934,1.0000,0.00
chk50,1.50,d_systematic_sw,SL,OPTIMAL,1909,1909,1.0000,0.00
chk50,1.50,f_sw3,SL,OPTIMAL,3469,3469,1.0000,0.00
chk50,1.50,f_both3,SL,OPTIMAL,3630,3630,1.0000,0.00
chk50,1.50,c_pat,SL,OPTIMAL,3473,3473,1.0000,0.00
chk50,1.50,pc_sobel,SL,OPTIMAL,1401,1401,1.0000,0.00
chk50,1.50,v_nvp,SL,OPTIMAL,5952,5952,1.0000,0.00
chk50,1.50,p_rasta,PFmin,OPTIMAL,3429,3455,1.0076,0.76
chk50,1.50,f_random_hw,PFmin,OPTIMAL,3429,3473,1.0128,1.28
chk50,1.50,d_random_hw,PFmin,OPTIMAL,1934,1934,1.0000,0.00
chk50,1.50,d_systematic_sw,PFmin,OPTIMAL,1909,1909,1.0000,0.00
chk50,1.50,f_sw3,PFmin,OPTIMAL,3469,3469,1.0000,0.00
chk50,1.50,f_both3,PFmin,OPTIMAL,3630,3630,1.0000,0.00
chk50,1.50,c_pat,PFmin,OPTIMAL,3473,3473,1.0000,0.00
chk50,1.50,pc_sobel,PFmin,OPTIMAL,1401,1407,1.0043,0.43
chk50,1.50,v_nvp,PFmin,OPTIMAL,5952,5952,1.0000,0.00
chk50,1.50,p_rasta,PFmax,OPTIMAL,3429,3458,1.0085,0.85
chk50,1.50,f_random_hw,PFmax,OPTIMAL,3429,3473,1.0128,1.28
chk50,1.50,d_random_hw,PFmax,OPTIMAL,1934,1934,1.0000,0.00
chk50,1.50,d_systematic_sw,PFmax,OPTIMAL,1909,2112,1.1063,10.63
chk50,1.50,f_sw3,PFmax,OPTIMAL,3469,3630,1.0464,4.64
chk50,1.50,f_both3,PFmax,OPTIMAL,3630,3630,1.0000,0.00
chk50,1.50,c_pat,PFmax,OPTIMAL,3473,3473,1.0000,0.00
chk50,1.50,pc_sobel,PFmax,OPTIMAL,1401,1407,1.0043,0.43
chk50,1.50,v_nvp,PFmax,OPTIMAL,5952,5952,1.0000,0.00
chk50,1.50,p_rasta,PFlight,OPTIMAL,3429,3429,1.0000,0.00
chk50,1.50,f_random_hw,PFlight,OPTIMAL,3429,3429,1.0000,0.00
chk50,1.50,d_random_hw,PFlight,OPTIMAL,1934,1934,1.0000,0.00
chk50,1.50,d_systematic_sw,PFlight,OPTIMAL,1909,1909,1.0000,0.00
chk50,1.50,f_sw3,PFlight,OPTIMAL,3469,3943,1.1366,13.66
chk50,1.50,f_both3,PFlight,OPTIMAL,3630,4125,1.1364,13.64
chk50,1.50,c_pat,PFlight,OPTIMAL,3473,3473,1.0000,0.00
chk50,1.50,pc_sobel,PFlight,OPTIMAL,1401,1401,1.0000,0.00
chk50,1.50,v_nvp,PFlight,OPTIMAL,5952,5952,1.0000,0.00
chk50,1.50,p_rasta,PFcheap,OPTIMAL,3429,3429,1.0000,0.00
chk50,1.50,f_random_hw,PFcheap,OPTIMAL,3429,3429,1.0000,0.00
chk50,1.50,d_random_hw,PFcheap,OPTIMAL,1934,1934,1.0000,0.00
chk50,1.50,d_systematic_sw,PFcheap,OPTIMAL,1909,1909,1.0000,0.00
chk50,1.50,f_sw3,PFcheap,OPTIMAL,3469,3469,1.0000,0.00
chk50,1.50,f_both3,PFcheap,OPTIMAL,3630,3630,1.0000,0.00
chk50,1.50,c_pat,PFcheap,OPTIMAL,3473,3473,1.0000,0.00
chk50,1.50,pc_sobel,PFcheap,OPTIMAL,1401,1401,1.0000,0.00
chk50,1.50,v_nvp,PFcheap,OPTIMAL,5952,5952,1.0000,0.00
chk50,2.00,p_rasta,SL,OPTIMAL,3399,3399,1.0000,0.00
chk50,2.00,f_random_hw,SL,OPTIMAL,3400,3400,1.0000,0.00
chk50,2.00,d_random_hw,SL,OPTIMAL,1912,1912,1.0000,0.00
chk50,2.00,d_systematic_sw,SL,OPTIMAL,1898,1898,1.0000,0.00
chk50,2.00,f_sw3,SL,OPTIMAL,3416,3461,1.0132,1.32
chk50,2.00,f_both3,SL,OPTIMAL,3462,3622,1.0462,4.62
chk50,2.00,c_pat,SL,OPTIMAL,3400,3400,1.0000,0.00
chk50,2.00,pc_sobel,SL,OPTIMAL,1401,1401,1.0000,0.00
chk50,2.00,v_nvp,SL,OPTIMAL,5944,5944,1.0000,0.00
chk50,2.00,p_rasta,PFmin,OPTIMAL,3399,3399,1.0000,0.00
chk50,2.00,f_random_hw,PFmin,OPTIMAL,3400,3400,1.0000,0.00
chk50,2.00,d_random_hw,PFmin,OPTIMAL,1912,1912,1.0000,0.00
chk50,2.00,d_systematic_sw,PFmin,OPTIMAL,1898,1898,1.0000,0.00
chk50,2.00,f_sw3,PFmin,OPTIMAL,3416,3416,1.0000,0.00
chk50,2.00,f_both3,PFmin,OPTIMAL,3462,3462,1.0000,0.00
chk50,2.00,c_pat,PFmin,OPTIMAL,3400,3400,1.0000,0.00
chk50,2.00,pc_sobel,PFmin,OPTIMAL,1401,1401,1.0000,0.00
chk50,2.00,v_nvp,PFmin,OPTIMAL,5944,5944,1.0000,0.00
chk50,2.00,p_rasta,PFmax,OPTIMAL,3399,3399,1.0000,0.00
chk50,2.00,f_random_hw,PFmax,OPTIMAL,3400,3425,1.0074,0.74
chk50,2.00,d_random_hw,PFmax,OPTIMAL,1912,1912,1.0000,0.00
chk50,2.00,d_systematic_sw,PFmax,OPTIMAL,1898,2068,1.0896,8.96
chk50,2.00,f_sw3,PFmax,OPTIMAL,3416,3462,1.0135,1.35
chk50,2.00,f_both3,PFmax,OPTIMAL,3462,3462,1.0000,0.00
chk50,2.00,c_pat,PFmax,OPTIMAL,3400,3425,1.0074,0.74
chk50,2.00,pc_sobel,PFmax,OPTIMAL,1401,1401,1.0000,0.00
chk50,2.00,v_nvp,PFmax,OPTIMAL,5944,5944,1.0000,0.00
chk50,2.00,p_rasta,PFlight,OPTIMAL,3399,3399,1.0000,0.00
chk50,2.00,f_random_hw,PFlight,OPTIMAL,3400,3400,1.0000,0.00
chk50,2.00,d_random_hw,PFlight,OPTIMAL,1912,1912,1.0000,0.00
chk50,2.00,d_systematic_sw,PFlight,OPTIMAL,1898,1898,1.0000,0.00
chk50,2.00,f_sw3,PFlight,OPTIMAL,3416,3935,1.1519,15.19
chk50,2.00,f_both3,PFlight,OPTIMAL,3462,3981,1.1499,14.99
chk50,2.00,c_pat,PFlight,OPTIMAL,3400,3400,1.0000,0.00
chk50,2.00,pc_sobel,PFlight,OPTIMAL,1401,1401,1.0000,0.00
chk50,2.00,v_nvp,PFlight,OPTIMAL,5944,5944,1.0000,0.00
chk50,2.00,p_rasta,PFcheap,OPTIMAL,3399,3399,1.0000,0.00
chk50,2.00,f_random_hw,PFcheap,OPTIMAL,3400,3400,1.0000,0.00
chk50,2.00,d_random_hw,PFcheap,OPTIMAL,1912,1912,1.0000,0.00
chk50,2.00,d_systematic_sw,PFcheap,OPTIMAL,1898,1898,1.0000,0.00
chk50,2.00,f_sw3,PFcheap,OPTIMAL,3416,3416,1.0000,0.00
chk50,2.00,f_both3,PFcheap,OPTIMAL,3462,3462,1.0000,0.00
chk50,2.00,c_pat,PFcheap,OPTIMAL,3400,3400,1.0000,0.00
chk50,2.00,pc_sobel,PFcheap,OPTIMAL,1401,1401,1.0000,0.00
chk50,2.00,v_nvp,PFcheap,OPTIMAL,5944,5944,1.0000,0.00
