factor,instance,baseline,status,total_cost,joint_total_cost,rel_cost,loss_pct
1.00,p_rasta,SL,OPTIMAL,3636,3618,1.0050,0.50
1.00,f_random_hw,SL,OPTIMAL,3636,3636,1.0000,0.00
1.00,d_random_hw,SL,UNSAT,,2137,,
1.00,d_systematic_sw,SL,UNSAT,,2104,,
1.00,f_sw3,SL,OPTIMAL,4670,4670,1.0000,0.00
1.00,f_both3,SL,OPTIMAL,4711,4708,1.0006,0.06
1.00,c_pat,SL,OPTIMAL,3636,3636,1.0000,0.00
1.00,pc_sobel,SL,OPTIMAL,1411,1411,1.0000,0.00
1.00,v_nvp,SL,OPTIMAL,6155,5992,1.0272,2.72
1.00,p_rasta,PFmin,UNSAT,,3618,,
1.00,f_random_hw,PFmin,UNSAT,,3636,,
1.00,d_random_hw,PFmin,OPTIMAL,2137,2137,1.0000,0.00
1.00,f_sw3,PFmin,UNSAT,,4670,,
1.00,f_both3,PFmin,UNSAT,,4708,,
1.00,c_pat,PFmin,UNSAT,,3636,,
1.00,pc_sobel,PFmin,UNSAT,,1411,,
1.00,v_nvp,PFmin,OPTIMAL,5992,5992,1.0000,0.00
1.00,d_systematic_sw,PFmin,OPTIMAL,2104,2104,1.0000,0.00
1.00,p_rasta,PFmax,UNSAT,,3618,,
1.00,f_random_hw,PFmax,UNSAT,,3636,,
1.00,d_random_hw,PFmax,OPTIMAL,2137,2137,1.0000,0.00
1.00,f_sw3,PFmax,UNSAT,,4670,,
1.00,f_both3,PFmax,UNSAT,,4708,,
1.00,c_pat,PFmax,UNSAT,,3636,,
1.00,pc_sobel,PFmax,UNSAT,,1411,,
1.00,v_nvp,PFmax,OPTIMAL,5992,5992,1.0000,0.00
1.00,d_systematic_sw,PFmax,OPTIMAL,2312,2104,1.0989,9.89
1.00,p_rasta,NP,OPTIMAL,3618,3618,1.0000,0.00
1.00,f_random_hw,NP,OPTIMAL,3636,3636,1.0000,0.00
1.00,d_random_hw,NP,OPTIMAL,2137,2137,1.0000,0.00
1.00,f_sw3,NP,OPTIMAL,4670,4670,1.0000,0.00
1.00,f_both3,NP,OPTIMAL,4708,4708,1.0000,0.00
1.00,c_pat,NP,OPTIMAL,3636,3636,1.0000,0.00
1.00,pc_sobel,NP,OPTIMAL,1411,1411,1.0000,0.00
1.00,v_nvp,NP,OPTIMAL,5992,5992,1.0000,0.00
1.00,d_systematic_sw,NP,OPTIMAL,2104,2104,1.0000,0.00
1.00,p_rasta,PFlight,OPTIMAL,3618,3618,1.0000,0.00
1.00,f_random_hw,PFlight,OPTIMAL,3636,3636,1.0000,0.00
1.00,d_random_hw,PFlight,OPTIMAL,2137,2137,1.0000,0.00
1.00,d_systematic_sw,PFlight,OPTIMAL,2104,2104,1.0000,0.00
1.00,f_sw3,PFlight,OPTIMAL,4670,4670,1.0000,0.00
1.00,f_both3,PFlight,OPTIMAL,4708,4708,1.0000,0.00
1.00,c_pat,PFlight,OPTIMAL,3636,3636,1.0000,0.00
1.00,pc_sobel,PFlight,OPTIMAL,1411,1411,1.0000,0.00
1.00,v_nvp,PFlight,OPTIMAL,5992,5992,1.0000,0.00
1.00,p_rasta,PFcheap,OPTIMAL,3618,3618,1.0000,0.00
1.00,f_random_hw,PFcheap,OPTIMAL,3636,3636,1.0000,0.00
1.00,d_random_hw,PFcheap,OPTIMAL,2137,2137,1.0000,0.00
1.00,d_systematic_sw,PFcheap,OPTIMAL,2104,2104,1.0000,0.00
1.00,f_sw3,PFcheap,UNSAT,,4670,,
1.00,f_both3,PFcheap,UNSAT,,4708,,
1.00,c_pat,PFcheap,OPTIMAL,3636,3636,1.0000,0.00
1.00,pc_sobel,PFcheap,OPTIMAL,1411,1411,1.0000,0.00
1.00,v_nvp,PFcheap,OPTIMAL,5992,5992,1.0000,0.00
1.10,p_rasta,SL,OPTIMAL,3636,3615,1.0058,0.58
1.10,f_random_hw,SL,OPTIMAL,3636,3636,1.0000,0.00
1.10,d_random_hw,SL,OPTIMAL,2134,2131,1.0014,0.14
1.10,d_systematic_sw,SL,OPTIMAL,2116,2104,1.0057,0.57
1.10,f_sw3,SL,OPTIMAL,4670,4670,1.0000,0.00
1.10,f_both3,SL,OPTIMAL,4708,4708,1.0000,0.00
1.10,c_pat,SL,OPTIMAL,3636,3636,1.0000,0.00
1.10,pc_sobel,SL,OPTIMAL,1405,1405,1.0000,0.00
1.10,v_nvp,SL,OPTIMAL,5992,5992,1.0000,0.00
1.10,p_rasta,PFmin,UNSAT,,3615,,
1.10,f_random_hw,PFmin,UNSAT,,3636,,
1.10,d_random_hw,PFmin,OPTIMAL,2131,2131,1.0000,0.00
1.10,f_sw3,PFmin,UNSAT,,4670,,
1.10,f_both3,PFmin,UNSAT,,4708,,
1.10,c_pat,PFmin,UNSAT,,3636,,
1.10,pc_sobel,PFmin,UNSAT,,1405,,
1.10,v_nvp,PFmin,OPTIMAL,5992,5992,1.0000,0.00
1.10,d_systematic_sw,PFmin,OPTIMAL,2104,2104,1.0000,0.00
1.10,p_rasta,PFmax,UNSAT,,3615,,
1.10,f_random_hw,PFmax,UNSAT,,3636,,
1.10,d_random_hw,PFmax,OPTIMAL,2131,2131,1.0000,0.00
1.10,f_sw3,PFmax,UNSAT,,4670,,
1.10,f_both3,PFmax,UNSAT,,4708,,
1.10,c_pat,PFmax,UNSAT,,3636,,
1.10,pc_sobel,PFmax,UNSAT,,1405,,
1.10,v_nvp,PFmax,OPTIMAL,5992,5992,1.0000,0.00
1.10,d_systematic_sw,PFmax,OPTIMAL,2309,2104,1.0974,9.74
1.10,p_rasta,NP,OPTIMAL,3615,3615,1.0000,0.00
1.10,f_random_hw,NP,OPTIMAL,3636,3636,1.0000,0.00
1.10,d_random_hw,NP,OPTIMAL,2131,2131,1.0000,0.00
1.10,f_sw3,NP,OPTIMAL,4670,4670,1.0000,0.00
1.10,f_both3,NP,OPTIMAL,4708,4708,1.0000,0.00
1.10,c_pat,NP,OPTIMAL,3636,3636,1.0000,0.00
1.10,pc_sobel,NP,OPTIMAL,1405,1405,1.0000,0.00
1.10,v_nvp,NP,OPTIMAL,5992,5992,1.0000,0.00
1.10,d_systematic_sw,NP,OPTIMAL,2104,2104,1.0000,0.00
1.10,p_rasta,PFlight,OPTIMAL,3615,3615,1.0000,0.00
1.10,f_random_hw,PFlight,OPTIMAL,3636,3636,1.0000,0.00
1.10,d_random_hw,PFlight,OPTIMAL,2131,2131,1.0000,0.00
1.10,d_systematic_sw,PFlight,OPTIMAL,2104,2104,1.0000,0.00
1.10,f_sw3,PFlight,OPTIMAL,4670,4670,1.0000,0.00
1.10,f_both3,PFlight,OPTIMAL,4708,4708,1.0000,0.00
1.10,c_pat,PFlight,OPTIMAL,3636,3636,1.0000,0.00
1.10,pc_sobel,PFlight,OPTIMAL,1405,1405,1.0000,0.00
1.10,v_nvp,PFlight,OPTIMAL,5992,5992,1.0000,0.00
1.10,p_rasta,PFcheap,OPTIMAL,3615,3615,1.0000,0.00
1.10,f_random_hw,PFcheap,OPTIMAL,3636,3636,1.0000,0.00
1.10,d_random_hw,PFcheap,OPTIMAL,2131,2131,1.0000,0.00
1.10,d_systematic_sw,PFcheap,OPTIMAL,2104,2104,1.0000,0.00
1.10,f_sw3,PFcheap,UNSAT,,4670,,
1.10,f_both3,PFcheap,UNSAT,,4708,,
1.10,c_pat,PFcheap,OPTIMAL,3636,3636,1.0000,0.00
1.10,pc_sobel,PFcheap,OPTIMAL,1405,1405,1.0000,0.00
1.10,v_nvp,PFcheap,OPTIMAL,5992,5992,1.0000,0.00
1.25,p_rasta,SL,OPTIMAL,3491,3467,1.0069,0.69
1.25,f_random_hw,SL,OPTIMAL,3484,3484,1.0000,0.00
1.25,d_random_hw,SL,OPTIMAL,1972,1972,1.0000,0.00
1.25,d_systematic_sw,SL,OPTIMAL,1920,1920,1.0000,0.00
1.25,f_sw3,SL,OPTIMAL,4543,4502,1.0091,0.91
1.25,f_both3,SL,OPTIMAL,4704,4700,1.0009,0.09
1.25,c_pat,SL,OPTIMAL,3484,3484,1.0000,0.00
1.25,pc_sobel,SL,OPTIMAL,1403,1403,1.0000,0.00
1.25,v_nvp,SL,OPTIMAL,5988,5984,1.0007,0.07
1.25,p_rasta,PFmin,UNSAT,,3467,,
1.25,f_random_hw,PFmin,UNSAT,,3484,,
1.25,d_random_hw,PFmin,OPTIMAL,1972,1972,1.0000,0.00
1.25,f_sw3,PFmin,UNSAT,,4502,,
1.25,f_both3,PFmin,UNSAT,,4700,,
1.25,c_pat,PFmin,UNSAT,,3484,,
1.25,pc_sobel,PFmin,UNSAT,,1403,,
1.25,v_nvp,PFmin,OPTIMAL,5984,5984,1.0000,0.00
1.25,d_systematic_sw,PFmin,OPTIMAL,1920,1920,1.0000,0.00
1.25,p_rasta,PFmax,UNSAT,,3467,,
1.25,f_random_hw,PFmax,UNSAT,,3484,,
1.25,d_random_hw,PFmax,OPTIMAL,1972,1972,1.0000,0.00
1.25,f_sw3,PFmax,UNSAT,,4502,,
1.25,f_both3,PFmax,UNSAT,,4700,,
1.25,c_pat,PFmax,UNSAT,,3484,,
1.25,pc_sobel,PFmax,UNSAT,,1403,,
1.25,v_nvp,PFmax,OPTIMAL,5984,5984,1.0000,0.00
1.25,d_systematic_sw,PFmax,OPTIMAL,2268,1920,1.1812,18.12
1.25,p_rasta,NP,OPTIMAL,3467,3467,1.0000,0.00
1.25,f_random_hw,NP,OPTIMAL,3484,3484,1.0000,0.00
1.25,d_random_hw,NP,OPTIMAL,1972,1972,1.0000,0.00
1.25,f_sw3,NP,OPTIMAL,4502,4502,1.0000,0.00
1.25,f_both3,NP,OPTIMAL,4700,4700,1.0000,0.00
1.25,c_pat,NP,OPTIMAL,3484,3484,1.0000,0.00
1.25,pc_sobel,NP,OPTIMAL,1403,1403,1.0000,0.00
1.25,v_nvp,NP,OPTIMAL,5984,5984,1.0000,0.00
1.25,d_systematic_sw,NP,OPTIMAL,1920,1920,1.0000,0.00
1.25,p_rasta,PFlight,OPTIMAL,3467,3467,1.0000,0.00
1.25,f_random_hw,PFlight,OPTIMAL,3484,3484,1.0000,0.00
1.25,d_random_hw,PFlight,OPTIMAL,1972,1972,1.0000,0.00
1.25,d_systematic_sw,PFlight,OPTIMAL,1920,1920,1.0000,0.00
1.25,f_sw3,PFlight,OPTIMAL,4502,4502,1.0000,0.00
1.25,f_both3,PFlight,OPTIMAL,4700,4700,1.0000,0.00
1.25,c_pat,PFlight,OPTIMAL,3484,3484,1.0000,0.00
1.25,pc_sobel,PFlight,OPTIMAL,1403,1403,1.0000,0.00
1.25,v_nvp,PFlight,OPTIMAL,5984,5984,1.0000,0.00
1.25,p_rasta,PFcheap,OPTIMAL,3467,3467,1.0000,0.00
1.25,f_random_hw,PFcheap,OPTIMAL,3484,3484,1.0000,0.00
1.25,d_random_hw,PFcheap,OPTIMAL,1972,1972,1.0000,0.00
1.25,d_systematic_sw,PFcheap,OPTIMAL,1920,1920,1.0000,0.00
1.25,f_sw3,PFcheap,UNSAT,,4502,,
1.25,f_both3,PFcheap,UNSAT,,4700,,
1.25,c_pat,PFcheap,OPTIMAL,3484,3484,1.0000,0.00
1.25,pc_sobel,PFcheap,OPTIMAL,1403,1403,1.0000,0.00
1.25,v_nvp,PFcheap,OPTIMAL,5984,5984,1.0000,0.00
1.50,p_rasta,SL,OPTIMAL,3461,3452,1.0026,0.26
1.50,f_random_hw,SL,OPTIMAL,3473,3473,1.0000,0.00
1.50,d_random_hw,SL,OPTIMAL,1934,1934,1.0000,0.00
1.50,d_systematic_sw,SL,OPTIMAL,1909,1909,1.0000,0.00
1.50,f_sw3,SL,OPTIMAL,3988,3988,1.0000,0.00
1.50,f_both3,SL,OPTIMAL,4149,4149,1.0000,0.00
1.50,c_pat,SL,OPTIMAL,3473,3473,1.0000,0.00
1.50,pc_sobel,SL,OPTIMAL,1401,1401,1.0000,0.00
1.50,v_nvp,SL,OPTIMAL,5952,5952,1.0000,0.00
1.50,p_rasta,PFmin,OPTIMAL,3455,3452,1.0009,0.09
1.50,f_random_hw,PFmin,OPTIMAL,3473,3473,1.0000,0.00
1.50,d_random_hw,PFmin,OPTIMAL,1934,1934,1.0000,0.00
1.50,d_systematic_sw,PFmin,OPTIMAL,1909,1909,1.0000,0.00
1.50,f_sw3,PFmin,UNSAT,,3988,,
1.50,f_both3,PFmin,UNSAT,,4149,,
1.50,c_pat,PFmin,OPTIMAL,3473,3473,1.0000,0.00
1.50,pc_sobel,PFmin,UNSAT,,1401,,
1.50,v_nvp,PFmin,OPTIMAL,5952,5952,1.0000,0.00
1.50,p_rasta,PFmax,OPTIMAL,3458,3452,1.0017,0.17
1.50,f_random_hw,PFmax,OPTIMAL,3473,3473,1.0000,0.00
1.50,d_random_hw,PFmax,OPTIMAL,1934,1934,1.0000,0.00
1.50,d_systematic_sw,PFmax,OPTIMAL,2112,1909,1.1063,10.63
1.50,f_sw3,PFmax,UNSAT,,3988,,
1.50,f_both3,PFmax,UNSAT,,4149,,
1.50,c_pat,PFmax,OPTIMAL,3473,3473,1.0000,0.00
1.50,pc_sobel,PFmax,UNSAT,,1401,,
1.50,v_nvp,PFmax,OPTIMAL,5952,5952,1.0000,0.00
1.50,p_rasta,NP,OPTIMAL,3452,3452,1.0000,0.00
1.50,f_random_hw,NP,OPTIMAL,3473,3473,1.0000,0.00
1.50,d_random_hw,NP,OPTIMAL,1934,1934,1.0000,0.00
1.50,d_systematic_sw,NP,OPTIMAL,1909,1909,1.0000,0.00
1.50,f_sw3,NP,OPTIMAL,3988,3988,1.0000,0.00
1.50,f_both3,NP,OPTIMAL,4149,4149,1.0000,0.00
1.50,c_pat,NP,OPTIMAL,3473,3473,1.0000,0.00
1.50,pc_sobel,NP,OPTIMAL,1401,1401,1.0000,0.00
1.50,v_nvp,NP,OPTIMAL,5952,5952,1.0000,0.00
1.50,p_rasta,PFlight,OPTIMAL,3452,3452,1.0000,0.00
1.50,f_random_hw,PFlight,OPTIMAL,3473,3473,1.0000,0.00
1.50,d_random_hw,PFlight,OPTIMAL,1934,1934,1.0000,0.00
1.50,d_systematic_sw,PFlight,OPTIMAL,1909,1909,1.0000,0.00
1.50,f_sw3,PFlight,OPTIMAL,4462,3988,1.1189,11.89
1.50,f_both3,PFlight,OPTIMAL,4663,4149,1.1239,12.39
1.50,c_pat,PFlight,OPTIMAL,3473,3473,1.0000,0.00
1.50,pc_sobel,PFlight,OPTIMAL,1401,1401,1.0000,0.00
1.50,v_nvp,PFlight,OPTIMAL,5952,5952,1.0000,0.00
1.50,p_rasta,PFcheap,OPTIMAL,3452,3452,1.0000,0.00
1.50,f_random_hw,PFcheap,OPTIMAL,3473,3473,1.0000,0.00
1.50,d_random_hw,PFcheap,OPTIMAL,1934,1934,1.0000,0.00
1.50,d_systematic_sw,PFcheap,OPTIMAL,1909,1909,1.0000,0.00
1.50,f_sw3,PFcheap,UNSAT,,3988,,
1.50,f_both3,PFcheap,UNSAT,,4149,,
1.50,c_pat,PFcheap,OPTIMAL,3473,3473,1.0000,0.00
1.50,pc_sobel,PFcheap,OPTIMAL,1401,1401,1.0000,0.00
1.50,v_nvp,PFcheap,OPTIMAL,5952,5952,1.0000,0.00
2.00,p_rasta,SL,OPTIMAL,3400,3399,1.0003,0.03
2.00,f_random_hw,SL,OPTIMAL,3400,3400,1.0000,0.00
2.00,d_random_hw,SL,OPTIMAL,1912,1912,1.0000,0.00
2.00,d_systematic_sw,SL,OPTIMAL,1898,1898,1.0000,0.00
2.00,f_sw3,SL,OPTIMAL,3461,3421,1.0117,1.17
2.00,f_both3,SL,OPTIMAL,3622,3462,1.0462,4.62
2.00,c_pat,SL,OPTIMAL,3400,3400,1.0000,0.00
2.00,pc_sobel,SL,OPTIMAL,1401,1401,1.0000,0.00
2.00,v_nvp,SL,OPTIMAL,5944,5944,1.0000,0.00
2.00,p_rasta,PFmin,OPTIMAL,3400,3399,1.0003,0.03
2.00,f_random_hw,PFmin,OPTIMAL,3400,3400,1.0000,0.00
2.00,d_random_hw,PFmin,OPTIMAL,1912,1912,1.0000,0.00
2.00,d_systematic_sw,PFmin,OPTIMAL,1898,1898,1.0000,0.00
2.00,f_sw3,PFmin,OPTIMAL,3421,3421,1.0000,0.00
2.00,f_both3,PFmin,OPTIMAL,3462,3462,1.0000,0.00
2.00,c_pat,PFmin,OPTIMAL,3429,3400,1.0085,0.85
2.00,pc_sobel,PFmin,OPTIMAL,1405,1401,1.0029,0.29
2.00,v_nvp,PFmin,OPTIMAL,5944,5944,1.0000,0.00
2.00,p_rasta,PFmax,OPTIMAL,3407,3399,1.0024,0.24
2.00,f_random_hw,PFmax,OPTIMAL,3425,3400,1.0074,0.74
2.00,d_random_hw,PFmax,OPTIMAL,1912,1912,1.0000,0.00
2.00,d_systematic_sw,PFmax,OPTIMAL,2068,1898,1.0896,8.96
2.00,f_sw3,PFmax,OPTIMAL,3462,3421,1.0120,1.20
2.00,f_both3,PFmax,OPTIMAL,3462,3462,1.0000,0.00
2.00,c_pat,PFmax,OPTIMAL,3454,3400,1.0159,1.59
2.00,pc_sobel,PFmax,OPTIMAL,1405,1401,1.0029,0.29
2.00,v_nvp,PFmax,OPTIMAL,5944,5944,1.0000,0.00
2.00,p_rasta,NP,OPTIMAL,3399,3399,1.0000,0.00
2.00,f_random_hw,NP,OPTIMAL,3400,3400,1.0000,0.00
2.00,d_random_hw,NP,OPTIMAL,1912,1912,1.0000,0.00
2.00,d_systematic_sw,NP,OPTIMAL,1898,1898,1.0000,0.00
2.00,f_sw3,NP,OPTIMAL,3421,3421,1.0000,0.00
2.00,f_both3,NP,OPTIMAL,3462,3462,1.0000,0.00
2.00,c_pat,NP,OPTIMAL,3400,3400,1.0000,0.00
2.00,pc_sobel,NP,OPTIMAL,1401,1401,1.0000,0.00
2.00,v_nvp,NP,OPTIMAL,5944,5944,1.0000,0.00
2.00,p_rasta,PFlight,OPTIMAL,3399,3399,1.0000,0.00
2.00,f_random_hw,PFlight,OPTIMAL,3400,3400,1.0000,0.00
2.00,d_random_hw,PFlight,OPTIMAL,1912,1912,1.0000,0.00
2.00,d_systematic_sw,PFlight,OPTIMAL,1898,1898,1.0000,0.00
2.00,f_sw3,PFlight,OPTIMAL,4454,3421,1.3020,30.20
2.00,f_both3,PFlight,OPTIMAL,4500,3462,1.2998,29.98
2.00,c_pat,PFlight,OPTIMAL,3400,3400,1.0000,0.00
2.00,pc_sobel,PFlight,OPTIMAL,1401,1401,1.0000,0.00
2.00,v_nvp,PFlight,OPTIMAL,5944,5944,1.0000,0.00
2.00,p_rasta,PFcheap,OPTIMAL,3399,3399,1.0000,0.00
2.00,f_random_hw,PFcheap,OPTIMAL,3400,3400,1.0000,0.00
2.00,d_random_hw,PFcheap,OPTIMAL,1912,1912,1.0000,0.00
2.00,d_systematic_sw,PFcheap,OPTIMAL,1898,1898,1.0000,0.00
2.00,f_sw3,PFcheap,OPTIMAL,3421,3421,1.0000,0.00
2.00,f_both3,PFcheap,OPTIMAL,3462,3462,1.0000,0.00
2.00,c_pat,PFcheap,OPTIMAL,3400,3400,1.0000,0.00
2.00,pc_sobel,PFcheap,OPTIMAL,1401,1401,1.0000,0.00
2.00,v_nvp,PFcheap,OPTIMAL,5944,5944,1.0000,0.00
