x,instance,SL,PFmin,PFmax,PFlight,PFcheap,NP
0,p\_rasta,1.0000,1.4468,1.4468,1.0000,1.0000,1.0000
1,f\_random\_hw,1.0000,1.4468,1.4468,1.0000,1.0000,1.0000
2,d\_random\_hw,1.0851,1.0000,1.0000,1.0000,1.0000,1.0000
3,d\_systematic\_sw,1.0851,1.0000,1.0000,1.0000,1.0000,1.0000
4,f\_sw3,1.0000,1.5532,1.5532,1.0000,1.5532,1.0000
5,f\_both3,1.0000,1.5532,1.5532,1.0000,1.5532,1.0000
6,c\_pat,1.0000,1.4468,1.4468,1.0000,1.0000,1.0000
7,pc\_sobel,1.0000,1.5375,1.5375,1.0000,1.0000,1.0000
8,v\_nvp,1.0000,1.0000,1.0000,1.0000,1.0000,1.0000
