source,variant,instance,factor,baseline,status,period_ub,mu_flow,lb,lb_ceil,lb_sil,lb_sil_ceil,lb_place,lb_place_ceil,crit_actor,crit_pattern,crit_local_ceil,certified,certified_sil,certified_place,lb_le_mu,patterns_match
e2_tight.csv,base,p_rasta,1.00,PFmin,UNSAT,235,,340,340,340,340,340,340,compJah,two_of_two_high_sil,340,True,True,True,,True
e2_tight.csv,base,p_rasta,1.00,PFmax,UNSAT,235,,340,340,340,340,340,340,compJah,two_of_two_high_sil,340,True,True,True,,True
e2_tight.csv,base,p_rasta,1.10,PFmin,UNSAT,259,,340,340,340,340,340,340,compJah,two_of_two_high_sil,340,True,True,True,,True
e2_tight.csv,base,p_rasta,1.10,PFmax,UNSAT,259,,340,340,340,340,340,340,compJah,two_of_two_high_sil,340,True,True,True,,True
e2_tight.csv,base,p_rasta,1.25,PFmin,UNSAT,294,,340,340,340,340,340,340,compJah,two_of_two_high_sil,340,True,True,True,,True
e2_tight.csv,base,p_rasta,1.25,PFmax,UNSAT,294,,340,340,340,340,340,340,compJah,two_of_two_high_sil,340,True,True,True,,True
e2_tight.csv,base,f_random_hw,1.00,PFmin,UNSAT,235,,340,340,340,340,340,340,compJah,two_of_two_high_sil,340,True,True,True,,True
e2_tight.csv,base,f_random_hw,1.00,PFmax,UNSAT,235,,340,340,340,340,340,340,compJah,two_of_two_high_sil,340,True,True,True,,True
e2_tight.csv,base,f_random_hw,1.10,PFmin,UNSAT,259,,340,340,340,340,340,340,compJah,two_of_two_high_sil,340,True,True,True,,True
e2_tight.csv,base,f_random_hw,1.10,PFmax,UNSAT,259,,340,340,340,340,340,340,compJah,two_of_two_high_sil,340,True,True,True,,True
e2_tight.csv,base,f_random_hw,1.25,PFmin,UNSAT,294,,340,340,340,340,340,340,compJah,two_of_two_high_sil,340,True,True,True,,True
e2_tight.csv,base,f_random_hw,1.25,PFmax,UNSAT,294,,340,340,340,340,340,340,compJah,two_of_two_high_sil,340,True,True,True,,True
e2_tight.csv,base,f_sw3,1.00,PFmin,UNSAT,235,,340,340,340,340,365,365,compJah,two_of_two_high_sil,340,True,True,True,,True
e2_tight.csv,base,f_sw3,1.00,PFmax,UNSAT,235,,340,340,340,340,365,365,compJah,two_of_two_high_sil,340,True,True,True,,True
e2_tight.csv,base,f_sw3,1.10,PFmin,UNSAT,259,,340,340,340,340,365,365,compJah,two_of_two_high_sil,340,True,True,True,,True
e2_tight.csv,base,f_sw3,1.10,PFmax,UNSAT,259,,340,340,340,340,365,365,compJah,two_of_two_high_sil,340,True,True,True,,True
e2_tight.csv,base,f_sw3,1.25,PFmin,UNSAT,294,,340,340,340,340,365,365,compJah,two_of_two_high_sil,340,True,True,True,,True
e2_tight.csv,base,f_sw3,1.25,PFmax,UNSAT,294,,340,340,340,340,365,365,compJah,two_of_two_high_sil,340,True,True,True,,True
e2_tight.csv,base,f_both3,1.00,PFmin,UNSAT,235,,340,340,340,340,365,365,compJah,two_of_two_high_sil,340,True,True,True,,True
e2_tight.csv,base,f_both3,1.00,PFmax,UNSAT,235,,340,340,340,340,365,365,compJah,two_of_two_high_sil,340,True,True,True,,True
e2_tight.csv,base,f_both3,1.10,PFmin,UNSAT,259,,340,340,340,340,365,365,compJah,two_of_two_high_sil,340,True,True,True,,True
e2_tight.csv,base,f_both3,1.10,PFmax,UNSAT,259,,340,340,340,340,365,365,compJah,two_of_two_high_sil,340,True,True,True,,True
e2_tight.csv,base,f_both3,1.25,PFmin,UNSAT,294,,340,340,340,340,365,365,compJah,two_of_two_high_sil,340,True,True,True,,True
e2_tight.csv,base,f_both3,1.25,PFmax,UNSAT,294,,340,340,340,340,365,365,compJah,two_of_two_high_sil,340,True,True,True,,True
e2_tight.csv,base,c_pat,1.00,PFmin,UNSAT,235,,340,340,340,340,340,340,compJah,two_of_two_high_sil,340,True,True,True,,True
e2_tight.csv,base,c_pat,1.00,PFmax,UNSAT,235,,340,340,340,340,340,340,compJah,two_of_two_high_sil,340,True,True,True,,True
e2_tight.csv,base,c_pat,1.10,PFmin,UNSAT,259,,340,340,340,340,340,340,compJah,two_of_two_high_sil,340,True,True,True,,True
e2_tight.csv,base,c_pat,1.10,PFmax,UNSAT,259,,340,340,340,340,340,340,compJah,two_of_two_high_sil,340,True,True,True,,True
e2_tight.csv,base,c_pat,1.25,PFmin,UNSAT,294,,340,340,340,340,340,340,compJah,two_of_two_high_sil,340,True,True,True,,True
e2_tight.csv,base,c_pat,1.25,PFmax,UNSAT,294,,340,340,340,340,340,340,compJah,two_of_two_high_sil,340,True,True,True,,True
e2_tight.csv,base,pc_sobel,1.00,PFmin,UNSAT,333,,512,512,512,512,512,512,get_pixel,two_of_two_high_sil,512,True,True,True,,True
e2_tight.csv,base,pc_sobel,1.00,PFmax,UNSAT,333,,512,512,512,512,512,512,get_pixel,two_of_two_high_sil,512,True,True,True,,True
e2_tight.csv,base,pc_sobel,1.10,PFmin,UNSAT,367,,512,512,512,512,512,512,get_pixel,two_of_two_high_sil,512,True,True,True,,True
e2_tight.csv,base,pc_sobel,1.10,PFmax,UNSAT,367,,512,512,512,512,512,512,get_pixel,two_of_two_high_sil,512,True,True,True,,True
e2_tight.csv,base,pc_sobel,1.25,PFmin,UNSAT,417,,512,512,512,512,512,512,get_pixel,two_of_two_high_sil,512,True,True,True,,True
e2_tight.csv,base,pc_sobel,1.25,PFmax,UNSAT,417,,512,512,512,512,512,512,get_pixel,two_of_two_high_sil,512,True,True,True,,True
e2_tight.csv,base,f_sw3,1.00,PFcheap,UNSAT,235,,340,340,340,340,365,365,compJah,two_of_two_high_sil,340,True,True,True,,True
e2_tight.csv,base,f_sw3,1.10,PFcheap,UNSAT,259,,340,340,340,340,365,365,compJah,two_of_two_high_sil,340,True,True,True,,True
e2_tight.csv,base,f_sw3,1.25,PFcheap,UNSAT,294,,340,340,340,340,365,365,compJah,two_of_two_high_sil,340,True,True,True,,True
e2_tight.csv,base,f_sw3,1.50,PFmin,UNSAT,353,,340,340,340,340,365,365,compJah,two_of_two_high_sil,340,False,False,True,,True
e2_tight.csv,base,f_sw3,1.50,PFmax,UNSAT,353,,340,340,340,340,365,365,compJah,two_of_two_high_sil,340,False,False,True,,True
e2_tight.csv,base,f_sw3,1.50,PFcheap,UNSAT,353,,340,340,340,340,365,365,compJah,two_of_two_high_sil,340,False,False,True,,True
e2_tight.csv,base,f_both3,1.00,PFcheap,UNSAT,235,,340,340,340,340,365,365,compJah,two_of_two_high_sil,340,True,True,True,,True
e2_tight.csv,base,f_both3,1.10,PFcheap,UNSAT,259,,340,340,340,340,365,365,compJah,two_of_two_high_sil,340,True,True,True,,True
e2_tight.csv,base,f_both3,1.25,PFcheap,UNSAT,294,,340,340,340,340,365,365,compJah,two_of_two_high_sil,340,True,True,True,,True
e2_tight.csv,base,f_both3,1.50,PFmin,UNSAT,353,,340,340,340,340,365,365,compJah,two_of_two_high_sil,340,False,False,True,,True
e2_tight.csv,base,f_both3,1.50,PFmax,UNSAT,353,,340,340,340,340,365,365,compJah,two_of_two_high_sil,340,False,False,True,,True
e2_tight.csv,base,f_both3,1.50,PFcheap,UNSAT,353,,340,340,340,340,365,365,compJah,two_of_two_high_sil,340,False,False,True,,True
e2_tight.csv,base,pc_sobel,1.50,PFmin,UNSAT,500,,512,512,512,512,512,512,get_pixel,two_of_two_high_sil,512,True,True,True,,True
e2_tight.csv,base,pc_sobel,1.50,PFmax,UNSAT,500,,512,512,512,512,512,512,get_pixel,two_of_two_high_sil,512,True,True,True,,True
e2_var.csv,chk10,p_rasta,1.00,PFmin,UNSAT,235,,340,340,340,340,340,340,compJah,two_of_two_high_sil,340,True,True,True,,True
e2_var.csv,chk10,p_rasta,1.00,PFmax,UNSAT,235,,340,340,340,340,340,340,compJah,two_of_two_high_sil,340,True,True,True,,True
e2_var.csv,chk10,p_rasta,1.10,PFmin,UNSAT,259,,340,340,340,340,340,340,compJah,two_of_two_high_sil,340,True,True,True,,True
e2_var.csv,chk10,p_rasta,1.10,PFmax,UNSAT,259,,340,340,340,340,340,340,compJah,two_of_two_high_sil,340,True,True,True,,True
e2_var.csv,chk10,p_rasta,1.25,PFmin,UNSAT,294,,340,340,340,340,340,340,compJah,two_of_two_high_sil,340,True,True,True,,True
e2_var.csv,chk10,p_rasta,1.25,PFmax,UNSAT,294,,340,340,340,340,340,340,compJah,two_of_two_high_sil,340,True,True,True,,True
e2_var.csv,chk10,f_random_hw,1.00,PFmin,UNSAT,235,,340,340,340,340,340,340,compJah,two_of_two_high_sil,340,True,True,True,,True
e2_var.csv,chk10,f_random_hw,1.00,PFmax,UNSAT,235,,340,340,340,340,340,340,compJah,two_of_two_high_sil,340,True,True,True,,True
e2_var.csv,chk10,f_random_hw,1.10,PFmin,UNSAT,259,,340,340,340,340,340,340,compJah,two_of_two_high_sil,340,True,True,True,,True
e2_var.csv,chk10,f_random_hw,1.10,PFmax,UNSAT,259,,340,340,340,340,340,340,compJah,two_of_two_high_sil,340,True,True,True,,True
e2_var.csv,chk10,f_random_hw,1.25,PFmin,UNSAT,294,,340,340,340,340,340,340,compJah,two_of_two_high_sil,340,True,True,True,,True
e2_var.csv,chk10,f_random_hw,1.25,PFmax,UNSAT,294,,340,340,340,340,340,340,compJah,two_of_two_high_sil,340,True,True,True,,True
e2_var.csv,chk10,f_sw3,1.00,PFmin,UNSAT,235,,340,340,340,340,365,365,compJah,two_of_two_high_sil,340,True,True,True,,True
e2_var.csv,chk10,f_sw3,1.00,PFmax,UNSAT,235,,340,340,340,340,365,365,compJah,two_of_two_high_sil,340,True,True,True,,True
e2_var.csv,chk10,f_sw3,1.00,PFcheap,UNSAT,235,,340,340,340,340,365,365,compJah,two_of_two_high_sil,340,True,True,True,,True
e2_var.csv,chk10,f_sw3,1.10,PFmin,UNSAT,259,,340,340,340,340,365,365,compJah,two_of_two_high_sil,340,True,True,True,,True
e2_var.csv,chk10,f_sw3,1.10,PFmax,UNSAT,259,,340,340,340,340,365,365,compJah,two_of_two_high_sil,340,True,True,True,,True
e2_var.csv,chk10,f_sw3,1.10,PFcheap,UNSAT,259,,340,340,340,340,365,365,compJah,two_of_two_high_sil,340,True,True,True,,True
e2_var.csv,chk10,f_sw3,1.25,PFmin,UNSAT,294,,340,340,340,340,365,365,compJah,two_of_two_high_sil,340,True,True,True,,True
e2_var.csv,chk10,f_sw3,1.25,PFmax,UNSAT,294,,340,340,340,340,365,365,compJah,two_of_two_high_sil,340,True,True,True,,True
e2_var.csv,chk10,f_sw3,1.25,PFcheap,UNSAT,294,,340,340,340,340,365,365,compJah,two_of_two_high_sil,340,True,True,True,,True
e2_var.csv,chk10,f_sw3,1.50,PFmin,UNSAT,353,,340,340,340,340,365,365,compJah,two_of_two_high_sil,340,False,False,True,,True
e2_var.csv,chk10,f_sw3,1.50,PFmax,UNSAT,353,,340,340,340,340,365,365,compJah,two_of_two_high_sil,340,False,False,True,,True
e2_var.csv,chk10,f_sw3,1.50,PFcheap,UNSAT,353,,340,340,340,340,365,365,compJah,two_of_two_high_sil,340,False,False,True,,True
e2_var.csv,chk10,f_both3,1.00,PFmin,UNSAT,235,,340,340,340,340,365,365,compJah,two_of_two_high_sil,340,True,True,True,,True
e2_var.csv,chk10,f_both3,1.00,PFmax,UNSAT,235,,340,340,340,340,365,365,compJah,two_of_two_high_sil,340,True,True,True,,True
e2_var.csv,chk10,f_both3,1.00,PFcheap,UNSAT,235,,340,340,340,340,365,365,compJah,two_of_two_high_sil,340,True,True,True,,True
e2_var.csv,chk10,f_both3,1.10,PFmin,UNSAT,259,,340,340,340,340,365,365,compJah,two_of_two_high_sil,340,True,True,True,,True
e2_var.csv,chk10,f_both3,1.10,PFmax,UNSAT,259,,340,340,340,340,365,365,compJah,two_of_two_high_sil,340,True,True,True,,True
e2_var.csv,chk10,f_both3,1.10,PFcheap,UNSAT,259,,340,340,340,340,365,365,compJah,two_of_two_high_sil,340,True,True,True,,True
e2_var.csv,chk10,f_both3,1.25,PFmin,UNSAT,294,,340,340,340,340,365,365,compJah,two_of_two_high_sil,340,True,True,True,,True
e2_var.csv,chk10,f_both3,1.25,PFmax,UNSAT,294,,340,340,340,340,365,365,compJah,two_of_two_high_sil,340,True,True,True,,True
e2_var.csv,chk10,f_both3,1.25,PFcheap,UNSAT,294,,340,340,340,340,365,365,compJah,two_of_two_high_sil,340,True,True,True,,True
e2_var.csv,chk10,f_both3,1.50,PFmin,UNSAT,353,,340,340,340,340,365,365,compJah,two_of_two_high_sil,340,False,False,True,,True
e2_var.csv,chk10,f_both3,1.50,PFmax,UNSAT,353,,340,340,340,340,365,365,compJah,two_of_two_high_sil,340,False,False,True,,True
e2_var.csv,chk10,f_both3,1.50,PFcheap,UNSAT,353,,340,340,340,340,365,365,compJah,two_of_two_high_sil,340,False,False,True,,True
e2_var.csv,chk10,c_pat,1.00,PFmin,UNSAT,235,,340,340,340,340,340,340,compJah,two_of_two_high_sil,340,True,True,True,,True
e2_var.csv,chk10,c_pat,1.00,PFmax,UNSAT,235,,340,340,340,340,340,340,compJah,two_of_two_high_sil,340,True,True,True,,True
e2_var.csv,chk10,c_pat,1.10,PFmin,UNSAT,259,,340,340,340,340,340,340,compJah,two_of_two_high_sil,340,True,True,True,,True
e2_var.csv,chk10,c_pat,1.10,PFmax,UNSAT,259,,340,340,340,340,340,340,compJah,two_of_two_high_sil,340,True,True,True,,True
e2_var.csv,chk10,c_pat,1.25,PFmin,UNSAT,294,,340,340,340,340,340,340,compJah,two_of_two_high_sil,340,True,True,True,,True
e2_var.csv,chk10,c_pat,1.25,PFmax,UNSAT,294,,340,340,340,340,340,340,compJah,two_of_two_high_sil,340,True,True,True,,True
e2_var.csv,chk10,pc_sobel,1.00,PFmin,UNSAT,282,,512,512,512,512,512,512,get_pixel,two_of_two_high_sil,512,True,True,True,,True
e2_var.csv,chk10,pc_sobel,1.00,PFmax,UNSAT,282,,512,512,512,512,512,512,get_pixel,two_of_two_high_sil,512,True,True,True,,True
e2_var.csv,chk10,pc_sobel,1.10,PFmin,UNSAT,311,,512,512,512,512,512,512,get_pixel,two_of_two_high_sil,512,True,True,True,,True
e2_var.csv,chk10,pc_sobel,1.10,PFmax,UNSAT,311,,512,512,512,512,512,512,get_pixel,two_of_two_high_sil,512,True,True,True,,True
e2_var.csv,chk10,pc_sobel,1.25,PFmin,UNSAT,353,,512,512,512,512,512,512,get_pixel,two_of_two_high_sil,512,True,True,True,,True
e2_var.csv,chk10,pc_sobel,1.25,PFmax,UNSAT,353,,512,512,512,512,512,512,get_pixel,two_of_two_high_sil,512,True,True,True,,True
e2_var.csv,chk10,pc_sobel,1.50,PFmin,UNSAT,423,,512,512,512,512,512,512,get_pixel,two_of_two_high_sil,512,True,True,True,,True
e2_var.csv,chk10,pc_sobel,1.50,PFmax,UNSAT,423,,512,512,512,512,512,512,get_pixel,two_of_two_high_sil,512,True,True,True,,True
e2_var.csv,chk50,p_rasta,1.00,PFmin,UNSAT,255,,340,340,340,340,340,340,compJah,two_of_two_high_sil,340,True,True,True,,True
e2_var.csv,chk50,p_rasta,1.00,PFmax,UNSAT,255,,340,340,340,340,340,340,compJah,two_of_two_high_sil,340,True,True,True,,True
e2_var.csv,chk50,p_rasta,1.10,PFmin,UNSAT,281,,340,340,340,340,340,340,compJah,two_of_two_high_sil,340,True,True,True,,True
e2_var.csv,chk50,p_rasta,1.10,PFmax,UNSAT,281,,340,340,340,340,340,340,compJah,two_of_two_high_sil,340,True,True,True,,True
e2_var.csv,chk50,p_rasta,1.25,PFmin,UNSAT,319,,340,340,340,340,340,340,compJah,two_of_two_high_sil,340,True,True,True,,True
e2_var.csv,chk50,p_rasta,1.25,PFmax,UNSAT,319,,340,340,340,340,340,340,compJah,two_of_two_high_sil,340,True,True,True,,True
e2_var.csv,chk50,f_random_hw,1.00,PFmin,UNSAT,255,,340,340,340,340,340,340,compJah,two_of_two_high_sil,340,True,True,True,,True
e2_var.csv,chk50,f_random_hw,1.00,PFmax,UNSAT,255,,340,340,340,340,340,340,compJah,two_of_two_high_sil,340,True,True,True,,True
e2_var.csv,chk50,f_random_hw,1.10,PFmin,UNSAT,281,,340,340,340,340,340,340,compJah,two_of_two_high_sil,340,True,True,True,,True
e2_var.csv,chk50,f_random_hw,1.10,PFmax,UNSAT,281,,340,340,340,340,340,340,compJah,two_of_two_high_sil,340,True,True,True,,True
e2_var.csv,chk50,f_random_hw,1.25,PFmin,UNSAT,319,,340,340,340,340,340,340,compJah,two_of_two_high_sil,340,True,True,True,,True
e2_var.csv,chk50,f_random_hw,1.25,PFmax,UNSAT,319,,340,340,340,340,340,340,compJah,two_of_two_high_sil,340,True,True,True,,True
e2_var.csv,chk50,d_systematic_sw,1.00,PFmax,UNSAT,255,,255,255,255,255,272,272,compJah,low_sil_diverse_doer_checker,255,False,False,True,,True
e2_var.csv,chk50,f_sw3,1.00,PFmin,UNSAT,255,,340,340,340,340,365,365,compJah,two_of_two_high_sil,340,True,True,True,,True
e2_var.csv,chk50,f_sw3,1.00,PFmax,UNSAT,255,,340,340,340,340,365,365,compJah,two_of_two_high_sil,340,True,True,True,,True
e2_var.csv,chk50,f_sw3,1.00,PFlight,UNSAT,255,,340,340,340,340,365,365,compJah,two_of_two_high_sil,340,True,True,True,,True
e2_var.csv,chk50,f_sw3,1.00,PFcheap,UNSAT,255,,340,340,340,340,365,365,compJah,two_of_two_high_sil,340,True,True,True,,True
e2_var.csv,chk50,f_sw3,1.10,PFmin,UNSAT,281,,340,340,340,340,365,365,compJah,two_of_two_high_sil,340,True,True,True,,True
e2_var.csv,chk50,f_sw3,1.10,PFmax,UNSAT,281,,340,340,340,340,365,365,compJah,two_of_two_high_sil,340,True,True,True,,True
e2_var.csv,chk50,f_sw3,1.10,PFlight,UNSAT,281,,340,340,340,340,365,365,compJah,two_of_two_high_sil,340,True,True,True,,True
e2_var.csv,chk50,f_sw3,1.10,PFcheap,UNSAT,281,,340,340,340,340,365,365,compJah,two_of_two_high_sil,340,True,True,True,,True
e2_var.csv,chk50,f_sw3,1.25,PFmin,UNSAT,319,,340,340,340,340,365,365,compJah,two_of_two_high_sil,340,True,True,True,,True
e2_var.csv,chk50,f_sw3,1.25,PFmax,UNSAT,319,,340,340,340,340,365,365,compJah,two_of_two_high_sil,340,True,True,True,,True
e2_var.csv,chk50,f_sw3,1.25,PFlight,UNSAT,319,,340,340,340,340,365,365,compJah,two_of_two_high_sil,340,True,True,True,,True
e2_var.csv,chk50,f_sw3,1.25,PFcheap,UNSAT,319,,340,340,340,340,365,365,compJah,two_of_two_high_sil,340,True,True,True,,True
e2_var.csv,chk50,f_both3,1.00,PFmin,UNSAT,255,,340,340,340,340,365,365,compJah,two_of_two_high_sil,340,True,True,True,,True
e2_var.csv,chk50,f_both3,1.00,PFmax,UNSAT,255,,340,340,340,340,365,365,compJah,two_of_two_high_sil,340,True,True,True,,True
e2_var.csv,chk50,f_both3,1.00,PFlight,UNSAT,255,,340,340,340,340,365,365,compJah,two_of_two_high_sil,340,True,True,True,,True
e2_var.csv,chk50,f_both3,1.00,PFcheap,UNSAT,255,,340,340,340,340,365,365,compJah,two_of_two_high_sil,340,True,True,True,,True
e2_var.csv,chk50,f_both3,1.10,PFmin,UNSAT,281,,340,340,340,340,365,365,compJah,two_of_two_high_sil,340,True,True,True,,True
e2_var.csv,chk50,f_both3,1.10,PFmax,UNSAT,281,,340,340,340,340,365,365,compJah,two_of_two_high_sil,340,True,True,True,,True
e2_var.csv,chk50,f_both3,1.10,PFlight,UNSAT,281,,340,340,340,340,365,365,compJah,two_of_two_high_sil,340,True,True,True,,True
e2_var.csv,chk50,f_both3,1.10,PFcheap,UNSAT,281,,340,340,340,340,365,365,compJah,two_of_two_high_sil,340,True,True,True,,True
e2_var.csv,chk50,f_both3,1.25,PFmin,UNSAT,319,,340,340,340,340,365,365,compJah,two_of_two_high_sil,340,True,True,True,,True
e2_var.csv,chk50,f_both3,1.25,PFmax,UNSAT,319,,340,340,340,340,365,365,compJah,two_of_two_high_sil,340,True,True,True,,True
e2_var.csv,chk50,f_both3,1.25,PFlight,UNSAT,319,,340,340,340,340,365,365,compJah,two_of_two_high_sil,340,True,True,True,,True
e2_var.csv,chk50,f_both3,1.25,PFcheap,UNSAT,319,,340,340,340,340,365,365,compJah,two_of_two_high_sil,340,True,True,True,,True
e2_var.csv,chk50,c_pat,1.00,PFmin,UNSAT,255,,340,340,340,340,340,340,compJah,two_of_two_high_sil,340,True,True,True,,True
e2_var.csv,chk50,c_pat,1.00,PFmax,UNSAT,255,,340,340,340,340,340,340,compJah,two_of_two_high_sil,340,True,True,True,,True
e2_var.csv,chk50,c_pat,1.10,PFmin,UNSAT,281,,340,340,340,340,340,340,compJah,two_of_two_high_sil,340,True,True,True,,True
e2_var.csv,chk50,c_pat,1.10,PFmax,UNSAT,281,,340,340,340,340,340,340,compJah,two_of_two_high_sil,340,True,True,True,,True
e2_var.csv,chk50,c_pat,1.25,PFmin,UNSAT,319,,340,340,340,340,340,340,compJah,two_of_two_high_sil,340,True,True,True,,True
e2_var.csv,chk50,c_pat,1.25,PFmax,UNSAT,319,,340,340,340,340,340,340,compJah,two_of_two_high_sil,340,True,True,True,,True
e2_var.csv,chk50,pc_sobel,1.00,PFmin,UNSAT,384,,512,512,512,512,512,512,get_pixel,two_of_two_high_sil,512,True,True,True,,True
e2_var.csv,chk50,pc_sobel,1.00,PFmax,UNSAT,384,,512,512,512,512,512,512,get_pixel,two_of_two_high_sil,512,True,True,True,,True
e2_var.csv,chk50,pc_sobel,1.10,PFmin,UNSAT,423,,512,512,512,512,512,512,get_pixel,two_of_two_high_sil,512,True,True,True,,True
e2_var.csv,chk50,pc_sobel,1.10,PFmax,UNSAT,423,,512,512,512,512,512,512,get_pixel,two_of_two_high_sil,512,True,True,True,,True
e2_var.csv,chk50,pc_sobel,1.25,PFmin,UNSAT,480,,512,512,512,512,512,512,get_pixel,two_of_two_high_sil,512,True,True,True,,True
e2_var.csv,chk50,pc_sobel,1.25,PFmax,UNSAT,480,,512,512,512,512,512,512,get_pixel,two_of_two_high_sil,512,True,True,True,,True
e2_thr.csv,base,p_rasta,-,PFmin,OPTIMAL,,340,340,340,340,340,340,340,compJah,two_of_two_high_sil,340,,,,True,True
e2_thr.csv,base,p_rasta,-,PFmax,OPTIMAL,,340,340,340,340,340,340,340,compJah,two_of_two_high_sil,340,,,,True,True
e2_thr.csv,base,p_rasta,-,PFlight,OPTIMAL,,235,235,235,235,235,235,235,powspec,none,235,,,,True,True
e2_thr.csv,base,p_rasta,-,PFcheap,OPTIMAL,,235,235,235,235,235,235,235,powspec,none,235,,,,True,True
e2_thr.csv,tok2,p_rasta,-,PFmin,OPTIMAL,,235,235,235,235,235,235,235,powspec,none,235,,,,True,True
e2_thr.csv,tok2,p_rasta,-,PFmax,OPTIMAL,,235,235,235,235,235,235,235,powspec,none,235,,,,True,True
e2_thr.csv,tok2,p_rasta,-,PFlight,OPTIMAL,,235,235,235,235,235,235,235,powspec,none,235,,,,True,True
e2_thr.csv,tok2,p_rasta,-,PFcheap,OPTIMAL,,235,235,235,235,235,235,235,powspec,none,235,,,,True,True
e2_thr.csv,base,f_random_hw,-,PFmin,OPTIMAL,,340,340,340,340,340,340,340,compJah,two_of_two_high_sil,340,,,,True,True
e2_thr.csv,base,f_random_hw,-,PFmax,OPTIMAL,,340,340,340,340,340,340,340,compJah,two_of_two_high_sil,340,,,,True,True
e2_thr.csv,base,f_random_hw,-,PFlight,OPTIMAL,,235,235,235,235,235,235,235,powspec,none,235,,,,True,True
e2_thr.csv,base,f_random_hw,-,PFcheap,OPTIMAL,,235,235,235,235,235,235,235,powspec,none,235,,,,True,True
e2_thr.csv,base,d_random_hw,-,PFmin,OPTIMAL,,235,235,235,235,235,235,235,powspec,none,235,,,,True,True
e2_thr.csv,base,d_random_hw,-,PFmax,OPTIMAL,,235,235,235,235,235,235,235,powspec,none,235,,,,True,True
e2_thr.csv,base,d_random_hw,-,PFlight,OPTIMAL,,235,235,235,235,235,235,235,powspec,none,235,,,,True,True
e2_thr.csv,base,d_random_hw,-,PFcheap,OPTIMAL,,235,235,235,235,235,235,235,powspec,none,235,,,,True,True
e2_thr.csv,base,d_systematic_sw,-,PFmin,OPTIMAL,,235,235,235,235,235,235,235,powspec,none,235,,,,True,True
e2_thr.csv,base,d_systematic_sw,-,PFmax,OPTIMAL,,235,235,235,235,235,235,235,powspec,none,235,,,,True,True
e2_thr.csv,base,d_systematic_sw,-,PFlight,OPTIMAL,,235,235,235,235,235,235,235,powspec,none,235,,,,True,True
e2_thr.csv,base,d_systematic_sw,-,PFcheap,OPTIMAL,,235,235,235,235,235,235,235,powspec,none,235,,,,True,True
e2_thr.csv,base,f_sw3,-,PFmin,OPTIMAL,,365,340,340,340,340,365,365,compJah,two_of_two_high_sil,340,,,,True,True
e2_thr.csv,base,f_sw3,-,PFmax,OPTIMAL,,365,340,340,340,340,365,365,compJah,two_of_two_high_sil,340,,,,True,True
e2_thr.csv,base,f_sw3,-,PFlight,OPTIMAL,,235,235,235,235,235,235,235,powspec,none,235,,,,True,True
e2_thr.csv,base,f_sw3,-,PFcheap,OPTIMAL,,365,340,340,340,340,365,365,compJah,two_of_two_high_sil,340,,,,True,True
e2_thr.csv,base,f_both3,-,PFmin,OPTIMAL,,365,340,340,340,340,365,365,compJah,two_of_two_high_sil,340,,,,True,True
e2_thr.csv,base,f_both3,-,PFmax,OPTIMAL,,365,340,340,340,340,365,365,compJah,two_of_two_high_sil,340,,,,True,True
e2_thr.csv,base,f_both3,-,PFlight,OPTIMAL,,235,235,235,235,235,235,235,powspec,none,235,,,,True,True
e2_thr.csv,base,f_both3,-,PFcheap,OPTIMAL,,365,340,340,340,340,365,365,compJah,two_of_two_high_sil,340,,,,True,True
e2_thr.csv,base,c_pat,-,PFmin,OPTIMAL,,340,340,340,340,340,340,340,compJah,two_of_two_high_sil,340,,,,True,True
e2_thr.csv,base,c_pat,-,PFmax,OPTIMAL,,340,340,340,340,340,340,340,compJah,two_of_two_high_sil,340,,,,True,True
e2_thr.csv,base,c_pat,-,PFlight,OPTIMAL,,235,235,235,235,235,235,235,powspec,none,235,,,,True,True
e2_thr.csv,base,c_pat,-,PFcheap,OPTIMAL,,235,235,235,235,235,235,235,powspec,none,235,,,,True,True
e2_thr.csv,base,pc_sobel,-,PFmin,OPTIMAL,100000,512,512,512,512,512,512,512,get_pixel,two_of_two_high_sil,512,,,,True,True
e2_thr.csv,base,pc_sobel,-,PFmax,OPTIMAL,100000,512,512,512,512,512,512,512,get_pixel,two_of_two_high_sil,512,,,,True,True
e2_thr.csv,base,pc_sobel,-,PFlight,OPTIMAL,100000,333,333,333,333,333,333,333,get_pixel,high_sil_isolated_checker,333,,,,True,True
e2_thr.csv,base,pc_sobel,-,PFcheap,OPTIMAL,100000,333,333,333,333,333,333,333,get_pixel,high_sil_isolated_checker,333,,,,True,True
e2_thr.csv,base,v_nvp,-,PFmin,OPTIMAL,,235,235,235,235,235,235,235,powspec,none,235,,,,True,True
e2_thr.csv,base,v_nvp,-,PFmax,OPTIMAL,,235,235,235,235,235,235,235,powspec,none,235,,,,True,True
e2_thr.csv,base,v_nvp,-,PFlight,OPTIMAL,,235,235,235,235,235,235,235,powspec,none,235,,,,True,True
e2_thr.csv,base,v_nvp,-,PFcheap,OPTIMAL,,235,235,235,235,235,235,235,powspec,none,235,,,,True,True
e2_thr.csv,tok2,f_random_hw,-,PFmin,OPTIMAL,,235,235,235,235,235,235,235,powspec,none,235,,,,True,True
e2_thr.csv,tok2,f_random_hw,-,PFmax,OPTIMAL,,235,235,235,235,235,235,235,powspec,none,235,,,,True,True
e2_thr.csv,tok2,f_random_hw,-,PFlight,OPTIMAL,,235,235,235,235,235,235,235,powspec,none,235,,,,True,True
e2_thr.csv,tok2,f_random_hw,-,PFcheap,OPTIMAL,,235,235,235,235,235,235,235,powspec,none,235,,,,True,True
e2_thr.csv,tok2,d_random_hw,-,PFmin,OPTIMAL,,235,235,235,235,235,235,235,powspec,none,235,,,,True,True
e2_thr.csv,tok2,d_random_hw,-,PFmax,OPTIMAL,,235,235,235,235,235,235,235,powspec,none,235,,,,True,True
e2_thr.csv,tok2,d_random_hw,-,PFlight,OPTIMAL,,235,235,235,235,235,235,235,powspec,none,235,,,,True,True
e2_thr.csv,tok2,d_random_hw,-,PFcheap,OPTIMAL,,235,235,235,235,235,235,235,powspec,none,235,,,,True,True
e2_thr.csv,tok2,d_systematic_sw,-,PFmin,OPTIMAL,,235,235,235,235,235,235,235,powspec,none,235,,,,True,True
e2_thr.csv,tok2,d_systematic_sw,-,PFmax,OPTIMAL,,235,235,235,235,235,235,235,powspec,none,235,,,,True,True
e2_thr.csv,tok2,d_systematic_sw,-,PFlight,OPTIMAL,,235,235,235,235,235,235,235,powspec,none,235,,,,True,True
e2_thr.csv,tok2,d_systematic_sw,-,PFcheap,OPTIMAL,,235,235,235,235,235,235,235,powspec,none,235,,,,True,True
e2_thr.csv,tok2,f_sw3,-,PFmin,OPTIMAL,,235,235,235,235,235,235,235,powspec,none,235,,,,True,True
e2_thr.csv,tok2,f_sw3,-,PFmax,OPTIMAL,,235,235,235,235,235,235,235,powspec,none,235,,,,True,True
e2_thr.csv,tok2,f_sw3,-,PFlight,OPTIMAL,,235,235,235,235,235,235,235,powspec,none,235,,,,True,True
e2_thr.csv,tok2,f_sw3,-,PFcheap,OPTIMAL,,235,235,235,235,235,235,235,powspec,none,235,,,,True,True
e2_thr.csv,tok2,f_both3,-,PFmin,OPTIMAL,,235,235,235,235,235,235,235,powspec,none,235,,,,True,True
e2_thr.csv,tok2,f_both3,-,PFmax,OPTIMAL,,235,235,235,235,235,235,235,powspec,none,235,,,,True,True
e2_thr.csv,tok2,f_both3,-,PFlight,OPTIMAL,,235,235,235,235,235,235,235,powspec,none,235,,,,True,True
e2_thr.csv,tok2,f_both3,-,PFcheap,OPTIMAL,,235,235,235,235,235,235,235,powspec,none,235,,,,True,True
e2_thr.csv,tok2,c_pat,-,PFmin,OPTIMAL,,235,235,235,235,235,235,235,powspec,none,235,,,,True,True
e2_thr.csv,tok2,c_pat,-,PFmax,OPTIMAL,,235,235,235,235,235,235,235,powspec,none,235,,,,True,True
e2_thr.csv,tok2,c_pat,-,PFlight,OPTIMAL,,235,235,235,235,235,235,235,powspec,none,235,,,,True,True
e2_thr.csv,tok2,c_pat,-,PFcheap,OPTIMAL,,235,235,235,235,235,235,235,powspec,none,235,,,,True,True
e2_thr.csv,tok2,pc_sobel,-,PFmin,OPTIMAL,100000,256,256,256,256,256,256,256,get_pixel,two_of_two_high_sil,256,,,,True,True
e2_thr.csv,tok2,pc_sobel,-,PFmax,OPTIMAL,100000,256,256,256,256,256,256,256,get_pixel,two_of_two_high_sil,256,,,,True,True
e2_thr.csv,tok2,pc_sobel,-,PFlight,OPTIMAL,100000,256,256,256,256,256,256,256,get_pixel,high_sil_isolated_checker,256,,,,True,True
e2_thr.csv,tok2,pc_sobel,-,PFcheap,OPTIMAL,100000,256,256,256,256,256,256,256,get_pixel,high_sil_isolated_checker,256,,,,True,True
e2_thr.csv,tok2,v_nvp,-,PFmin,OPTIMAL,,235,235,235,235,235,235,235,powspec,none,235,,,,True,True
e2_thr.csv,tok2,v_nvp,-,PFmax,OPTIMAL,,235,235,235,235,235,235,235,powspec,none,235,,,,True,True
e2_thr.csv,tok2,v_nvp,-,PFlight,OPTIMAL,,235,235,235,235,235,235,235,powspec,none,235,,,,True,True
e2_thr.csv,tok2,v_nvp,-,PFcheap,OPTIMAL,,235,235,235,235,235,235,235,powspec,none,235,,,,True,True
e2_thr.csv,chk10,p_rasta,-,PFmin,OPTIMAL,,340,340,340,340,340,340,340,compJah,two_of_two_high_sil,340,,,,True,True
e2_thr.csv,chk10,p_rasta,-,PFmax,OPTIMAL,,340,340,340,340,340,340,340,compJah,two_of_two_high_sil,340,,,,True,True
e2_thr.csv,chk10,p_rasta,-,PFlight,OPTIMAL,,235,235,235,235,235,235,235,powspec,none,235,,,,True,True
e2_thr.csv,chk10,p_rasta,-,PFcheap,OPTIMAL,,235,235,235,235,235,235,235,powspec,none,235,,,,True,True
e2_thr.csv,chk10,f_random_hw,-,PFmin,OPTIMAL,,340,340,340,340,340,340,340,compJah,two_of_two_high_sil,340,,,,True,True
e2_thr.csv,chk10,f_random_hw,-,PFmax,OPTIMAL,,340,340,340,340,340,340,340,compJah,two_of_two_high_sil,340,,,,True,True
e2_thr.csv,chk10,f_random_hw,-,PFlight,OPTIMAL,,235,235,235,235,235,235,235,powspec,none,235,,,,True,True
e2_thr.csv,chk10,f_random_hw,-,PFcheap,OPTIMAL,,235,235,235,235,235,235,235,powspec,none,235,,,,True,True
e2_thr.csv,chk10,d_random_hw,-,PFmin,OPTIMAL,,235,235,235,235,235,235,235,powspec,none,235,,,,True,True
e2_thr.csv,chk10,d_random_hw,-,PFmax,OPTIMAL,,235,235,235,235,235,235,235,powspec,none,235,,,,True,True
e2_thr.csv,chk10,d_random_hw,-,PFlight,OPTIMAL,,235,235,235,235,235,235,235,powspec,none,235,,,,True,True
e2_thr.csv,chk10,d_random_hw,-,PFcheap,OPTIMAL,,235,235,235,235,235,235,235,powspec,none,235,,,,True,True
e2_thr.csv,chk10,d_systematic_sw,-,PFmin,OPTIMAL,,235,235,235,235,235,235,235,powspec,none,235,,,,True,True
e2_thr.csv,chk10,d_systematic_sw,-,PFmax,OPTIMAL,,235,235,235,235,235,235,235,powspec,none,235,,,,True,True
e2_thr.csv,chk10,d_systematic_sw,-,PFlight,OPTIMAL,,235,235,235,235,235,235,235,powspec,none,235,,,,True,True
e2_thr.csv,chk10,d_systematic_sw,-,PFcheap,OPTIMAL,,235,235,235,235,235,235,235,powspec,none,235,,,,True,True
e2_thr.csv,chk10,f_sw3,-,PFmin,OPTIMAL,,365,340,340,340,340,365,365,compJah,two_of_two_high_sil,340,,,,True,True
e2_thr.csv,chk10,f_sw3,-,PFmax,OPTIMAL,,365,340,340,340,340,365,365,compJah,two_of_two_high_sil,340,,,,True,True
e2_thr.csv,chk10,f_sw3,-,PFlight,OPTIMAL,,235,235,235,235,235,235,235,powspec,none,235,,,,True,True
e2_thr.csv,chk10,f_sw3,-,PFcheap,OPTIMAL,,365,340,340,340,340,365,365,compJah,two_of_two_high_sil,340,,,,True,True
e2_thr.csv,chk10,f_both3,-,PFmin,OPTIMAL,,365,340,340,340,340,365,365,compJah,two_of_two_high_sil,340,,,,True,True
e2_thr.csv,chk10,f_both3,-,PFmax,OPTIMAL,,365,340,340,340,340,365,365,compJah,two_of_two_high_sil,340,,,,True,True
e2_thr.csv,chk10,f_both3,-,PFlight,OPTIMAL,,235,235,235,235,235,235,235,powspec,none,235,,,,True,True
e2_thr.csv,chk10,f_both3,-,PFcheap,OPTIMAL,,365,340,340,340,340,365,365,compJah,two_of_two_high_sil,340,,,,True,True
e2_thr.csv,chk10,c_pat,-,PFmin,OPTIMAL,,340,340,340,340,340,340,340,compJah,two_of_two_high_sil,340,,,,True,True
e2_thr.csv,chk10,c_pat,-,PFmax,OPTIMAL,,340,340,340,340,340,340,340,compJah,two_of_two_high_sil,340,,,,True,True
e2_thr.csv,chk10,c_pat,-,PFlight,OPTIMAL,,235,235,235,235,235,235,235,powspec,none,235,,,,True,True
e2_thr.csv,chk10,c_pat,-,PFcheap,OPTIMAL,,235,235,235,235,235,235,235,powspec,none,235,,,,True,True
e2_thr.csv,chk10,pc_sobel,-,PFmin,OPTIMAL,100000,512,512,512,512,512,512,512,get_pixel,two_of_two_high_sil,512,,,,True,True
e2_thr.csv,chk10,pc_sobel,-,PFmax,OPTIMAL,100000,512,512,512,512,512,512,512,get_pixel,two_of_two_high_sil,512,,,,True,True
e2_thr.csv,chk10,pc_sobel,-,PFlight,OPTIMAL,100000,282,282,282,282,282,282,282,get_pixel,high_sil_isolated_checker,282,,,,True,True
e2_thr.csv,chk10,pc_sobel,-,PFcheap,OPTIMAL,100000,282,282,282,282,282,282,282,get_pixel,high_sil_isolated_checker,282,,,,True,True
e2_thr.csv,chk10,v_nvp,-,PFmin,OPTIMAL,,235,235,235,235,235,235,235,powspec,none,235,,,,True,True
e2_thr.csv,chk10,v_nvp,-,PFmax,OPTIMAL,,235,235,235,235,235,235,235,powspec,none,235,,,,True,True
e2_thr.csv,chk10,v_nvp,-,PFlight,OPTIMAL,,235,235,235,235,235,235,235,powspec,none,235,,,,True,True
e2_thr.csv,chk10,v_nvp,-,PFcheap,OPTIMAL,,235,235,235,235,235,235,235,powspec,none,235,,,,True,True
e2_thr.csv,chk50,p_rasta,-,PFmin,OPTIMAL,,340,340,340,340,340,340,340,compJah,two_of_two_high_sil,340,,,,True,True
e2_thr.csv,chk50,p_rasta,-,PFmax,OPTIMAL,,340,340,340,340,340,340,340,compJah,two_of_two_high_sil,340,,,,True,True
e2_thr.csv,chk50,p_rasta,-,PFlight,OPTIMAL,,255,255,255,255,255,255,255,compJah,high_sil_isolated_checker,255,,,,True,True
e2_thr.csv,chk50,p_rasta,-,PFcheap,OPTIMAL,,255,255,255,255,255,255,255,compJah,high_sil_isolated_checker,255,,,,True,True
e2_thr.csv,chk50,f_random_hw,-,PFmin,OPTIMAL,,340,340,340,340,340,340,340,compJah,two_of_two_high_sil,340,,,,True,True
e2_thr.csv,chk50,f_random_hw,-,PFmax,OPTIMAL,,340,340,340,340,340,340,340,compJah,two_of_two_high_sil,340,,,,True,True
e2_thr.csv,chk50,f_random_hw,-,PFlight,OPTIMAL,,255,255,255,255,255,255,255,compJah,high_sil_isolated_checker,255,,,,True,True
e2_thr.csv,chk50,f_random_hw,-,PFcheap,OPTIMAL,,255,255,255,255,255,255,255,compJah,high_sil_isolated_checker,255,,,,True,True
e2_thr.csv,chk50,d_random_hw,-,PFmin,OPTIMAL,,255,255,255,255,255,255,255,compJah,low_sil_doer_checker,255,,,,True,True
e2_thr.csv,chk50,d_random_hw,-,PFmax,OPTIMAL,,255,255,255,255,255,255,255,compJah,low_sil_diverse_doer_checker,255,,,,True,True
e2_thr.csv,chk50,d_random_hw,-,PFlight,OPTIMAL,,255,255,255,255,255,255,255,compJah,low_sil_doer_checker,255,,,,True,True
e2_thr.csv,chk50,d_random_hw,-,PFcheap,OPTIMAL,,255,255,255,255,255,255,255,compJah,low_sil_doer_checker,255,,,,True,True
e2_thr.csv,chk50,d_systematic_sw,-,PFmin,OPTIMAL,,255,255,255,255,255,255,255,compJah,same_cpu_doer_checker,255,,,,True,True
e2_thr.csv,chk50,d_systematic_sw,-,PFmax,OPTIMAL,,272,255,255,255,255,272,272,compJah,low_sil_diverse_doer_checker,255,,,,True,True
e2_thr.csv,chk50,d_systematic_sw,-,PFlight,OPTIMAL,,255,255,255,255,255,255,255,compJah,same_cpu_doer_checker,255,,,,True,True
e2_thr.csv,chk50,d_systematic_sw,-,PFcheap,OPTIMAL,,255,255,255,255,255,255,255,compJah,same_cpu_doer_checker,255,,,,True,True
e2_thr.csv,chk50,f_sw3,-,PFmin,OPTIMAL,,365,340,340,340,340,365,365,compJah,two_of_two_high_sil,340,,,,True,True
e2_thr.csv,chk50,f_sw3,-,PFmax,OPTIMAL,,365,340,340,340,340,365,365,compJah,two_of_two_high_sil,340,,,,True,True
e2_thr.csv,chk50,f_sw3,-,PFlight,OPTIMAL,,365,340,340,340,340,365,365,compJah,two_of_two_high_sil,340,,,,True,True
e2_thr.csv,chk50,f_sw3,-,PFcheap,OPTIMAL,,365,340,340,340,340,365,365,compJah,two_of_two_high_sil,340,,,,True,True
e2_thr.csv,chk50,f_both3,-,PFmin,OPTIMAL,,365,340,340,340,340,365,365,compJah,two_of_two_high_sil,340,,,,True,True
e2_thr.csv,chk50,f_both3,-,PFmax,OPTIMAL,,365,340,340,340,340,365,365,compJah,two_of_two_high_sil,340,,,,True,True
e2_thr.csv,chk50,f_both3,-,PFlight,OPTIMAL,,365,340,340,340,340,365,365,compJah,two_of_two_high_sil,340,,,,True,True
e2_thr.csv,chk50,f_both3,-,PFcheap,OPTIMAL,,365,340,340,340,340,365,365,compJah,two_of_two_high_sil,340,,,,True,True
e2_thr.csv,chk50,c_pat,-,PFmin,OPTIMAL,,340,340,340,340,340,340,340,compJah,two_of_two_high_sil,340,,,,True,True
e2_thr.csv,chk50,c_pat,-,PFmax,OPTIMAL,,340,340,340,340,340,340,340,compJah,two_of_two_high_sil,340,,,,True,True
e2_thr.csv,chk50,c_pat,-,PFlight,OPTIMAL,,255,255,255,255,255,255,255,compJah,high_sil_isolated_checker,255,,,,True,True
e2_thr.csv,chk50,c_pat,-,PFcheap,OPTIMAL,,255,255,255,255,255,255,255,compJah,high_sil_isolated_checker,255,,,,True,True
e2_thr.csv,chk50,pc_sobel,-,PFmin,OPTIMAL,100000,512,512,512,512,512,512,512,get_pixel,two_of_two_high_sil,512,,,,True,True
e2_thr.csv,chk50,pc_sobel,-,PFmax,OPTIMAL,100000,512,512,512,512,512,512,512,get_pixel,two_of_two_high_sil,512,,,,True,True
e2_thr.csv,chk50,pc_sobel,-,PFlight,OPTIMAL,100000,384,384,384,384,384,384,384,get_pixel,high_sil_isolated_checker,384,,,,True,True
e2_thr.csv,chk50,pc_sobel,-,PFcheap,OPTIMAL,100000,384,384,384,384,384,384,384,get_pixel,high_sil_isolated_checker,384,,,,True,True
e2_thr.csv,chk50,v_nvp,-,PFmin,OPTIMAL,,235,235,235,235,235,235,235,powspec,none,235,,,,True,True
e2_thr.csv,chk50,v_nvp,-,PFmax,OPTIMAL,,235,235,235,235,235,235,235,powspec,none,235,,,,True,True
e2_thr.csv,chk50,v_nvp,-,PFlight,OPTIMAL,,235,235,235,235,235,235,235,powspec,none,235,,,,True,True
e2_thr.csv,chk50,v_nvp,-,PFcheap,OPTIMAL,,235,235,235,235,235,235,235,powspec,none,235,,,,True,True
