instance,factor,rep,period_ub,status,seconds,total_cost,mu_max,nprocs,verify_ok,pin_ok
p_rasta,none,1,,OPTIMAL,6.008,3330,1012,2,True,True
p_rasta,none,2,,OPTIMAL,5.961,3330,1012,2,True,True
p_rasta,none,3,,OPTIMAL,6.056,3330,1012,2,True,True
p_rasta,none,4,,OPTIMAL,5.901,3330,1012,2,True,True
p_rasta,none,5,,OPTIMAL,6.324,3330,1012,2,True,True
p_rasta,1.00,1,235,OPTIMAL,7.066,3618,235,9,True,True
p_rasta,1.00,2,235,OPTIMAL,7.053,3618,235,9,True,True
p_rasta,1.00,3,235,OPTIMAL,6.95,3618,235,9,True,True
p_rasta,1.00,4,235,OPTIMAL,7.596,3618,235,9,True,True
p_rasta,1.00,5,235,OPTIMAL,7.071,3618,235,9,True,True
p_rasta,1.10,1,259,OPTIMAL,11.619,3615,245,9,True,True
p_rasta,1.10,2,259,OPTIMAL,10.079,3615,245,9,True,True
p_rasta,1.10,3,259,OPTIMAL,10.604,3615,245,9,True,True
p_rasta,1.10,4,259,OPTIMAL,10.036,3615,245,9,True,True
p_rasta,1.10,5,259,OPTIMAL,11.851,3615,245,9,True,True
p_rasta,1.25,1,294,OPTIMAL,13.904,3467,277,8,True,True
p_rasta,1.25,2,294,OPTIMAL,15.764,3467,277,8,True,True
p_rasta,1.25,3,294,OPTIMAL,11.926,3467,277,8,True,True
p_rasta,1.25,4,294,OPTIMAL,14.111,3467,277,8,True,True
p_rasta,1.25,5,294,OPTIMAL,13.567,3467,277,8,True,True
p_rasta,1.50,1,353,OPTIMAL,23.14,3452,310,8,True,True
p_rasta,1.50,2,353,OPTIMAL,19.269,3452,340,8,True,True
p_rasta,1.50,3,353,OPTIMAL,18.509,3452,310,8,True,True
p_rasta,1.50,4,353,OPTIMAL,18.868,3452,340,8,True,True
p_rasta,1.50,5,353,OPTIMAL,19.54,3452,310,8,True,True
p_rasta,2.00,1,470,OPTIMAL,25.827,3399,449,5,True,True
p_rasta,2.00,2,470,OPTIMAL,41.406,3399,449,5,True,True
p_rasta,2.00,3,470,OPTIMAL,40.203,3399,451,5,True,True
p_rasta,2.00,4,470,OPTIMAL,61.453,3399,451,5,True,True
p_rasta,2.00,5,470,OPTIMAL,44.016,3399,451,5,True,True
f_random_hw,none,1,,OPTIMAL,8.759,3349,1079,5,True,True
f_random_hw,none,2,,OPTIMAL,8.82,3349,1079,5,True,True
f_random_hw,none,3,,OPTIMAL,8.745,3349,1079,5,True,True
f_random_hw,none,4,,OPTIMAL,8.706,3349,1079,5,True,True
f_random_hw,none,5,,OPTIMAL,8.723,3349,1079,5,True,True
f_random_hw,1.00,1,235,OPTIMAL,6.603,3636,235,10,True,True
f_random_hw,1.00,2,235,OPTIMAL,6.786,3636,235,10,True,True
f_random_hw,1.00,3,235,OPTIMAL,6.955,3636,235,10,True,True
f_random_hw,1.00,4,235,OPTIMAL,6.765,3636,235,10,True,True
f_random_hw,1.00,5,235,OPTIMAL,6.821,3636,235,10,True,True
f_random_hw,1.10,1,259,OPTIMAL,8.521,3636,235,10,True,True
f_random_hw,1.10,2,259,OPTIMAL,7.924,3636,235,10,True,True
f_random_hw,1.10,3,259,OPTIMAL,8.487,3636,235,10,True,True
f_random_hw,1.10,4,259,OPTIMAL,8.136,3636,235,10,True,True
f_random_hw,1.10,5,259,OPTIMAL,8.103,3636,235,10,True,True
f_random_hw,1.25,1,294,OPTIMAL,10.366,3484,282,10,True,True
f_random_hw,1.25,2,294,OPTIMAL,11.701,3484,282,10,True,True
f_random_hw,1.25,3,294,OPTIMAL,11.838,3484,282,10,True,True
f_random_hw,1.25,4,294,OPTIMAL,10.385,3484,282,10,True,True
f_random_hw,1.25,5,294,OPTIMAL,11.412,3484,282,10,True,True
f_random_hw,1.50,1,353,OPTIMAL,14.751,3473,319,9,True,True
f_random_hw,1.50,2,353,OPTIMAL,12.721,3473,319,9,True,True
f_random_hw,1.50,3,353,OPTIMAL,14.243,3473,319,9,True,True
f_random_hw,1.50,4,353,OPTIMAL,14.989,3473,340,9,True,True
f_random_hw,1.50,5,353,OPTIMAL,12.918,3473,319,9,True,True
f_random_hw,2.00,1,470,OPTIMAL,14.376,3400,449,7,True,True
f_random_hw,2.00,2,470,OPTIMAL,11.528,3400,449,7,True,True
f_random_hw,2.00,3,470,OPTIMAL,15.186,3400,449,7,True,True
f_random_hw,2.00,4,470,OPTIMAL,13.121,3400,451,7,True,True
f_random_hw,2.00,5,470,OPTIMAL,12.319,3400,449,7,True,True
d_random_hw,none,1,,OPTIMAL,6.027,1857,1751,3,True,True
d_random_hw,none,2,,OPTIMAL,5.974,1857,1751,3,True,True
d_random_hw,none,3,,OPTIMAL,6.369,1857,1751,3,True,True
d_random_hw,none,4,,OPTIMAL,6.239,1857,1751,3,True,True
d_random_hw,none,5,,OPTIMAL,5.925,1857,1751,3,True,True
d_random_hw,1.00,1,235,OPTIMAL,5.563,2137,235,10,True,True
d_random_hw,1.00,2,235,OPTIMAL,5.988,2137,235,10,True,True
d_random_hw,1.00,3,235,OPTIMAL,5.765,2137,235,10,True,True
d_random_hw,1.00,4,235,OPTIMAL,5.59,2137,235,10,True,True
d_random_hw,1.00,5,235,OPTIMAL,5.798,2137,235,10,True,True
d_random_hw,1.10,1,259,OPTIMAL,7.692,2131,252,10,True,True
d_random_hw,1.10,2,259,OPTIMAL,7.484,2131,252,10,True,True
d_random_hw,1.10,3,259,OPTIMAL,8.238,2131,252,10,True,True
d_random_hw,1.10,4,259,OPTIMAL,9.545,2131,252,10,True,True
d_random_hw,1.10,5,259,OPTIMAL,7.596,2131,252,10,True,True
d_random_hw,1.25,1,294,OPTIMAL,15.568,1972,293,10,True,True
d_random_hw,1.25,2,294,OPTIMAL,15.859,1972,293,10,True,True
d_random_hw,1.25,3,294,OPTIMAL,13.996,1972,293,10,True,True
d_random_hw,1.25,4,294,OPTIMAL,14.945,1972,293,10,True,True
d_random_hw,1.25,5,294,OPTIMAL,15.996,1972,293,10,True,True
d_random_hw,1.50,1,353,OPTIMAL,7.736,1934,329,8,True,True
d_random_hw,1.50,2,353,OPTIMAL,8.392,1934,329,8,True,True
d_random_hw,1.50,3,353,OPTIMAL,8.125,1934,329,8,True,True
d_random_hw,1.50,4,353,OPTIMAL,8.083,1934,329,8,True,True
d_random_hw,1.50,5,353,OPTIMAL,9.126,1934,329,8,True,True
d_random_hw,2.00,1,470,OPTIMAL,6.448,1912,465,6,True,True
d_random_hw,2.00,2,470,OPTIMAL,7.917,1912,465,6,True,True
d_random_hw,2.00,3,470,OPTIMAL,6.781,1912,465,6,True,True
d_random_hw,2.00,4,470,OPTIMAL,7.92,1912,465,6,True,True
d_random_hw,2.00,5,470,OPTIMAL,9.449,1912,465,6,True,True
d_systematic_sw,none,1,,OPTIMAL,3.389,1846,1751,2,True,True
d_systematic_sw,none,2,,OPTIMAL,3.344,1846,1751,2,True,True
d_systematic_sw,none,3,,OPTIMAL,3.381,1846,1751,2,True,True
d_systematic_sw,none,4,,OPTIMAL,3.264,1846,1751,2,True,True
d_systematic_sw,none,5,,OPTIMAL,3.271,1846,1751,2,True,True
d_systematic_sw,1.00,1,235,OPTIMAL,2.349,2104,235,7,True,True
d_systematic_sw,1.00,2,235,OPTIMAL,2.381,2104,235,7,True,True
d_systematic_sw,1.00,3,235,OPTIMAL,2.352,2104,235,7,True,True
d_systematic_sw,1.00,4,235,OPTIMAL,2.34,2104,235,7,True,True
d_systematic_sw,1.00,5,235,OPTIMAL,2.357,2104,235,7,True,True
d_systematic_sw,1.10,1,259,OPTIMAL,2.76,2104,235,7,True,True
d_systematic_sw,1.10,2,259,OPTIMAL,2.855,2104,235,7,True,True
d_systematic_sw,1.10,3,259,OPTIMAL,2.832,2104,235,7,True,True
d_systematic_sw,1.10,4,259,OPTIMAL,3.036,2104,235,7,True,True
d_systematic_sw,1.10,5,259,OPTIMAL,2.782,2104,235,7,True,True
d_systematic_sw,1.25,1,294,OPTIMAL,3.38,1920,293,7,True,True
d_systematic_sw,1.25,2,294,OPTIMAL,3.447,1920,293,7,True,True
d_systematic_sw,1.25,3,294,OPTIMAL,3.333,1920,293,7,True,True
d_systematic_sw,1.25,4,294,OPTIMAL,3.463,1920,293,7,True,True
d_systematic_sw,1.25,5,294,OPTIMAL,3.448,1920,293,7,True,True
d_systematic_sw,1.50,1,353,OPTIMAL,4.449,1909,319,6,True,True
d_systematic_sw,1.50,2,353,OPTIMAL,4.567,1909,319,6,True,True
d_systematic_sw,1.50,3,353,OPTIMAL,4.343,1909,319,6,True,True
d_systematic_sw,1.50,4,353,OPTIMAL,4.576,1909,319,6,True,True
d_systematic_sw,1.50,5,353,OPTIMAL,4.445,1909,319,6,True,True
d_systematic_sw,2.00,1,470,OPTIMAL,3.747,1898,449,5,True,True
d_systematic_sw,2.00,2,470,OPTIMAL,3.713,1898,449,5,True,True
d_systematic_sw,2.00,3,470,OPTIMAL,3.698,1898,449,5,True,True
d_systematic_sw,2.00,4,470,OPTIMAL,4.107,1898,449,5,True,True
d_systematic_sw,2.00,5,470,OPTIMAL,3.772,1898,449,5,True,True
f_sw3,none,1,,OPTIMAL,5.079,3365,1079,4,True,True
f_sw3,none,2,,OPTIMAL,5.192,3365,1079,4,True,True
f_sw3,none,3,,OPTIMAL,5.269,3365,1079,4,True,True
f_sw3,none,4,,OPTIMAL,5.345,3365,1079,4,True,True
f_sw3,none,5,,OPTIMAL,5.168,3365,1079,4,True,True
f_sw3,1.00,1,235,OPTIMAL,4.467,4670,235,9,True,True
f_sw3,1.00,2,235,OPTIMAL,3.554,4670,235,9,True,True
f_sw3,1.00,3,235,OPTIMAL,3.737,4670,235,9,True,True
f_sw3,1.00,4,235,OPTIMAL,4.319,4670,235,9,True,True
f_sw3,1.00,5,235,OPTIMAL,4.373,4670,235,9,True,True
f_sw3,1.10,1,259,OPTIMAL,4.655,4670,235,9,True,True
f_sw3,1.10,2,259,OPTIMAL,4.68,4670,235,9,True,True
f_sw3,1.10,3,259,OPTIMAL,4.355,4670,254,9,True,True
f_sw3,1.10,4,259,OPTIMAL,5.407,4670,235,9,True,True
f_sw3,1.10,5,259,OPTIMAL,5.247,4670,235,9,True,True
f_sw3,1.25,1,294,OPTIMAL,5.398,4502,290,7,True,True
f_sw3,1.25,2,294,OPTIMAL,4.458,4502,290,7,True,True
f_sw3,1.25,3,294,OPTIMAL,4.378,4502,290,7,True,True
f_sw3,1.25,4,294,OPTIMAL,4.375,4502,290,7,True,True
f_sw3,1.25,5,294,OPTIMAL,4.331,4502,290,7,True,True
f_sw3,1.50,1,353,OPTIMAL,5.36,3988,319,8,True,True
f_sw3,1.50,2,353,OPTIMAL,5.326,3988,345,8,True,True
f_sw3,1.50,3,353,OPTIMAL,5.475,3988,345,8,True,True
f_sw3,1.50,4,353,OPTIMAL,5.348,3988,319,8,True,True
f_sw3,1.50,5,353,OPTIMAL,6.81,3988,319,8,True,True
f_sw3,2.00,1,470,OPTIMAL,7.139,3421,461,6,True,True
f_sw3,2.00,2,470,OPTIMAL,6.392,3421,461,6,True,True
f_sw3,2.00,3,470,OPTIMAL,7.362,3421,461,6,True,True
f_sw3,2.00,4,470,OPTIMAL,7.532,3421,461,6,True,True
f_sw3,2.00,5,470,OPTIMAL,7.81,3421,461,6,True,True
f_both3,none,1,,OPTIMAL,3.268,3406,1130,5,True,True
f_both3,none,2,,OPTIMAL,3.18,3406,1130,5,True,True
f_both3,none,3,,OPTIMAL,3.18,3406,1130,5,True,True
f_both3,none,4,,OPTIMAL,3.217,3406,1130,5,True,True
f_both3,none,5,,OPTIMAL,4.479,3406,1130,5,True,True
f_both3,1.00,1,235,OPTIMAL,3.647,4708,235,10,True,True
f_both3,1.00,2,235,OPTIMAL,3.791,4708,235,10,True,True
f_both3,1.00,3,235,OPTIMAL,3.699,4708,235,10,True,True
f_both3,1.00,4,235,OPTIMAL,3.672,4708,235,10,True,True
f_both3,1.00,5,235,OPTIMAL,3.714,4708,235,10,True,True
f_both3,1.10,1,259,OPTIMAL,4.237,4708,253,10,True,True
f_both3,1.10,2,259,OPTIMAL,3.73,4708,235,10,True,True
f_both3,1.10,3,259,OPTIMAL,3.781,4708,235,10,True,True
f_both3,1.10,4,259,OPTIMAL,3.762,4708,235,10,True,True
f_both3,1.10,5,259,OPTIMAL,4.351,4708,253,10,True,True
f_both3,1.25,1,294,OPTIMAL,8.507,4700,266,9,True,True
f_both3,1.25,2,294,OPTIMAL,8.322,4700,266,9,True,True
f_both3,1.25,3,294,OPTIMAL,7.009,4700,266,9,True,True
f_both3,1.25,4,294,OPTIMAL,7.646,4700,266,9,True,True
f_both3,1.25,5,294,OPTIMAL,7.693,4700,266,9,True,True
f_both3,1.50,1,353,OPTIMAL,8.496,4149,319,9,True,True
f_both3,1.50,2,353,OPTIMAL,8.658,4149,319,9,True,True
f_both3,1.50,3,353,OPTIMAL,8.433,4149,319,9,True,True
f_both3,1.50,4,353,OPTIMAL,8.721,4149,319,9,True,True
f_both3,1.50,5,353,OPTIMAL,8.376,4149,319,9,True,True
f_both3,2.00,1,470,OPTIMAL,6.187,3462,461,7,True,True
f_both3,2.00,2,470,OPTIMAL,6.891,3462,461,7,True,True
f_both3,2.00,3,470,OPTIMAL,6.886,3462,461,7,True,True
f_both3,2.00,4,470,OPTIMAL,7.192,3462,461,7,True,True
f_both3,2.00,5,470,OPTIMAL,5.959,3462,461,7,True,True
c_pat,none,1,,OPTIMAL,14.263,3349,1137,5,True,True
c_pat,none,2,,OPTIMAL,14.124,3349,1138,5,True,True
c_pat,none,3,,OPTIMAL,14.271,3349,1202,5,True,True
c_pat,none,4,,OPTIMAL,14.514,3349,1330,5,True,True
c_pat,none,5,,OPTIMAL,14.474,3349,1239,5,True,True
c_pat,1.00,1,235,OPTIMAL,9.501,3636,235,10,True,True
c_pat,1.00,2,235,OPTIMAL,9.436,3636,235,10,True,True
c_pat,1.00,3,235,OPTIMAL,9.497,3636,235,10,True,True
c_pat,1.00,4,235,OPTIMAL,9.374,3636,235,10,True,True
c_pat,1.00,5,235,OPTIMAL,9.068,3636,235,10,True,True
c_pat,1.10,1,259,OPTIMAL,14.096,3636,251,10,True,True
c_pat,1.10,2,259,OPTIMAL,15.386,3636,235,10,True,True
c_pat,1.10,3,259,OPTIMAL,14.376,3636,235,10,True,True
c_pat,1.10,4,259,OPTIMAL,14.829,3636,251,10,True,True
c_pat,1.10,5,259,OPTIMAL,15.23,3636,251,10,True,True
c_pat,1.25,1,294,OPTIMAL,18.978,3484,282,10,True,True
c_pat,1.25,2,294,OPTIMAL,18.474,3484,282,10,True,True
c_pat,1.25,3,294,OPTIMAL,17.194,3484,282,10,True,True
c_pat,1.25,4,294,OPTIMAL,20.028,3484,282,10,True,True
c_pat,1.25,5,294,OPTIMAL,20.052,3484,282,10,True,True
c_pat,1.50,1,353,OPTIMAL,23.25,3473,319,9,True,True
c_pat,1.50,2,353,OPTIMAL,20.181,3473,319,9,True,True
c_pat,1.50,3,353,OPTIMAL,24.733,3473,326,9,True,True
c_pat,1.50,4,353,OPTIMAL,22.06,3473,340,9,True,True
c_pat,1.50,5,353,OPTIMAL,22.535,3473,326,9,True,True
c_pat,2.00,1,470,OPTIMAL,22.027,3400,449,7,True,True
c_pat,2.00,2,470,OPTIMAL,18.844,3400,449,7,True,True
c_pat,2.00,3,470,OPTIMAL,18.63,3400,464,7,True,True
c_pat,2.00,4,470,OPTIMAL,21.301,3400,449,7,True,True
c_pat,2.00,5,470,OPTIMAL,17.916,3400,449,7,True,True
pc_sobel,none,1,100000,OPTIMAL,2.967,1401,480,3,True,True
pc_sobel,none,2,100000,OPTIMAL,3.047,1401,499,3,True,True
pc_sobel,none,3,100000,OPTIMAL,3.011,1401,480,3,True,True
pc_sobel,none,4,100000,OPTIMAL,2.989,1401,768,3,True,True
pc_sobel,none,5,100000,OPTIMAL,2.989,1401,499,3,True,True
pc_sobel,1.00,1,333,OPTIMAL,2.376,1411,333,3,True,True
pc_sobel,1.00,2,333,OPTIMAL,2.373,1411,333,3,True,True
pc_sobel,1.00,3,333,OPTIMAL,2.441,1411,333,3,True,True
pc_sobel,1.00,4,333,OPTIMAL,2.432,1411,333,3,True,True
pc_sobel,1.00,5,333,OPTIMAL,2.381,1411,333,3,True,True
pc_sobel,1.10,1,367,OPTIMAL,2.869,1405,352,3,True,True
pc_sobel,1.10,2,367,OPTIMAL,2.899,1405,352,3,True,True
pc_sobel,1.10,3,367,OPTIMAL,2.905,1405,352,3,True,True
pc_sobel,1.10,4,367,OPTIMAL,2.865,1405,352,3,True,True
pc_sobel,1.10,5,367,OPTIMAL,2.881,1405,352,3,True,True
pc_sobel,1.25,1,417,OPTIMAL,2.875,1403,416,3,True,True
pc_sobel,1.25,2,417,OPTIMAL,2.832,1403,416,3,True,True
pc_sobel,1.25,3,417,OPTIMAL,2.826,1403,416,3,True,True
pc_sobel,1.25,4,417,OPTIMAL,2.854,1403,416,3,True,True
pc_sobel,1.25,5,417,OPTIMAL,2.867,1403,416,3,True,True
pc_sobel,1.50,1,500,OPTIMAL,3.057,1401,499,3,True,True
pc_sobel,1.50,2,500,OPTIMAL,2.87,1401,480,3,True,True
pc_sobel,1.50,3,500,OPTIMAL,3.035,1401,499,3,True,True
pc_sobel,1.50,4,500,OPTIMAL,3.001,1401,499,3,True,True
pc_sobel,1.50,5,500,OPTIMAL,2.999,1401,499,3,True,True
pc_sobel,2.00,1,666,OPTIMAL,3.23,1401,480,3,True,True
pc_sobel,2.00,2,666,OPTIMAL,3.258,1401,499,3,True,True
pc_sobel,2.00,3,666,OPTIMAL,3.251,1401,499,3,True,True
pc_sobel,2.00,4,666,OPTIMAL,3.254,1401,480,3,True,True
pc_sobel,2.00,5,666,OPTIMAL,3.285,1401,499,3,True,True
v_nvp,none,1,,OPTIMAL,4.927,5680,1185,6,True,True
v_nvp,none,2,,OPTIMAL,4.978,5680,1180,6,True,True
v_nvp,none,3,,OPTIMAL,4.935,5680,1185,6,True,True
v_nvp,none,4,,OPTIMAL,4.928,5680,1180,6,True,True
v_nvp,none,5,,OPTIMAL,4.833,5680,1185,6,True,True
v_nvp,1.00,1,235,OPTIMAL,4.592,5992,235,12,True,True
v_nvp,1.00,2,235,OPTIMAL,4.591,5992,235,12,True,True
v_nvp,1.00,3,235,OPTIMAL,4.531,5992,235,12,True,True
v_nvp,1.00,4,235,OPTIMAL,4.534,5992,235,12,True,True
v_nvp,1.00,5,235,OPTIMAL,4.698,5992,235,12,True,True
v_nvp,1.10,1,259,OPTIMAL,4.55,5992,253,12,True,True
v_nvp,1.10,2,259,OPTIMAL,4.534,5992,237,12,True,True
v_nvp,1.10,3,259,OPTIMAL,4.609,5992,253,12,True,True
v_nvp,1.10,4,259,OPTIMAL,4.632,5992,254,12,True,True
v_nvp,1.10,5,259,OPTIMAL,4.546,5992,253,12,True,True
v_nvp,1.25,1,294,OPTIMAL,8.252,5984,266,11,True,True
v_nvp,1.25,2,294,OPTIMAL,8.328,5984,266,11,True,True
v_nvp,1.25,3,294,OPTIMAL,9.629,5984,266,11,True,True
v_nvp,1.25,4,294,OPTIMAL,11.683,5984,266,11,True,True
v_nvp,1.25,5,294,OPTIMAL,10.993,5984,266,11,True,True
v_nvp,1.50,1,353,OPTIMAL,9.012,5952,319,11,True,True
v_nvp,1.50,2,353,OPTIMAL,8.926,5952,319,11,True,True
v_nvp,1.50,3,353,OPTIMAL,9.433,5952,319,11,True,True
v_nvp,1.50,4,353,OPTIMAL,8.993,5952,319,11,True,True
v_nvp,1.50,5,353,OPTIMAL,9.115,5952,319,11,True,True
v_nvp,2.00,1,470,OPTIMAL,15.104,5944,449,10,True,True
v_nvp,2.00,2,470,OPTIMAL,11.046,5944,449,10,True,True
v_nvp,2.00,3,470,OPTIMAL,15.109,5944,449,10,True,True
v_nvp,2.00,4,470,OPTIMAL,12.378,5944,449,10,True,True
v_nvp,2.00,5,470,OPTIMAL,11.765,5944,449,10,True,True
