variant,instance,flow,aliases,status,seconds,total_cost,mu_max,mu_list,nprocs,hw_cost,dev_cost,promotion_cost,partition_total,pattern_cost,power,patterns,verify_ok,fix_ok,period_ub,step1_status,step1_seconds,step1_total_cost,step1_verify_ok,mu_solver,pin_status,pin_seconds,pin_ok
base,p_rasta,joint,,OPTIMAL,10.448,6381,235,[235],11,752,5528,1810,90,11,1408,frontEnd=mixed_sil_doer_checker;rasta=low_sil_diverse_doer_checker;powspec=none;audspec=none;compJah=high_sil_isolated_checker;rastaFilter=one_of_two_failover;backEnd=low_sil_doer_checker,True,,,,,,,235,,,
base,p_rasta,PFmin,,OPTIMAL,10.429,4501,340,[340],8,722,3698,724,75,6,1224,frontEnd=two_of_two_high_sil;rasta=none;powspec=none;audspec=none;compJah=two_of_two_high_sil;rastaFilter=none;backEnd=low_sil_doer_checker,True,True,,,,,,340,,,
base,p_rasta,PFmax,,OPTIMAL,4.76,6840,340,[340],7,708,6051,3077,75,6,1120,frontEnd=two_of_two_high_sil;rasta=none;powspec=none;audspec=none;compJah=two_of_two_high_sil;rastaFilter=none;backEnd=low_sil_diverse_doer_checker,True,True,,,,,,340,,,
base,p_rasta,PFlight,,OPTIMAL,5.235,4939,235,[235],9,733,4155,1181,45,6,1296,frontEnd=high_sil_isolated_checker;rasta=none;powspec=none;audspec=none;compJah=high_sil_isolated_checker;rastaFilter=none;backEnd=low_sil_doer_checker,True,True,,,,,,235,,,
base,p_rasta,PFcheap,,OPTIMAL,6.434,5678,235,[235],9,733,4879,1905,60,6,1296,frontEnd=high_sil_isolated_checker;rasta=none;powspec=none;audspec=none;compJah=high_sil_isolated_checker;rastaFilter=none;backEnd=low_sil_doer_checker,True,True,,,,,,235,,,
base,p_rasta,NP,,OPTIMAL,8.279,4689,235,[235],11,755,3831,0,90,13,1440,frontEnd=mixed_sil_doer_checker;rasta=one_of_two_failover;powspec=none;audspec=low_sil_doer_checker;compJah=high_sil_isolated_checker;rastaFilter=one_of_two_failover;backEnd=low_sil_doer_checker,True,,,,,,,235,,,
tok2,p_rasta,joint,,OPTIMAL,10.919,6019,235,[235],10,744,5218,1905,45,12,1368,frontEnd=two_of_two_high_sil;rasta=one_of_two_failover;powspec=low_sil_doer_checker;audspec=low_sil_doer_checker;compJah=high_sil_isolated_checker;rastaFilter=none;backEnd=low_sil_doer_checker,True,,,,,,,235,,,
tok2,p_rasta,PFmin,,OPTIMAL,6.523,4947,235,[235],10,741,4155,1181,45,6,1336,frontEnd=two_of_two_high_sil;rasta=none;powspec=none;audspec=none;compJah=two_of_two_high_sil;rastaFilter=none;backEnd=low_sil_doer_checker,True,True,,,,,,235,,,
tok2,p_rasta,PFmax,,OPTIMAL,16.972,5081,235,[235],9,733,4267,1293,75,6,1296,frontEnd=two_of_two_high_sil;rasta=none;powspec=none;audspec=none;compJah=two_of_two_high_sil;rastaFilter=none;backEnd=low_sil_diverse_doer_checker,True,True,,,,,,235,,,
tok2,p_rasta,PFlight,,OPTIMAL,7.206,5175,235,[235],9,730,4379,1405,60,6,1264,frontEnd=high_sil_isolated_checker;rasta=none;powspec=none;audspec=none;compJah=high_sil_isolated_checker;rastaFilter=none;backEnd=low_sil_doer_checker,True,True,,,,,,235,,,
tok2,p_rasta,PFcheap,,OPTIMAL,6.009,5866,235,[235],7,708,5077,2103,75,6,1120,frontEnd=high_sil_isolated_checker;rasta=none;powspec=none;audspec=none;compJah=high_sil_isolated_checker;rastaFilter=none;backEnd=low_sil_doer_checker,True,True,,,,,,235,,,
tok2,p_rasta,NP,,OPTIMAL,9.047,4142,235,[235],9,727,3313,0,90,12,1147,frontEnd=high_sil_isolated_checker;rasta=low_sil_doer_checker;powspec=none;audspec=low_sil_diverse_doer_checker;compJah=two_of_two_high_sil;rastaFilter=low_sil_diverse_doer_checker;backEnd=low_sil_doer_checker,True,,,,,,,235,,,
base,f_random_hw,joint,p_rasta_noiso,OPTIMAL,14.875,5799,235,[235],9,730,5061,1974,0,8,1264,frontEnd=high_sil_isolated_checker;rasta=one_of_two_failover;powspec=none;audspec=none;compJah=high_sil_isolated_checker;rastaFilter=none;backEnd=low_sil_doer_checker,True,,,,,,,235,,,
base,f_random_hw,PFmin,p_rasta_noiso,OPTIMAL,4.899,6371,340,[340],8,719,5646,2672,0,6,1192,frontEnd=two_of_two_high_sil;rasta=none;powspec=none;audspec=none;compJah=two_of_two_high_sil;rastaFilter=none;backEnd=low_sil_doer_checker,True,True,,,,,,340,,,
base,f_random_hw,PFmax,p_rasta_noiso,OPTIMAL,4.89,5512,340,[340],8,722,4784,1810,0,6,1224,frontEnd=two_of_two_high_sil;rasta=none;powspec=none;audspec=none;compJah=two_of_two_high_sil;rastaFilter=none;backEnd=low_sil_diverse_doer_checker,True,True,,,,,,340,,,
base,f_random_hw,PFlight,p_rasta_noiso,OPTIMAL,4.854,4494,235,[235],10,738,3750,776,0,6,1304,frontEnd=high_sil_isolated_checker;rasta=none;powspec=none;audspec=none;compJah=high_sil_isolated_checker;rastaFilter=none;backEnd=low_sil_doer_checker,True,True,,,,,,235,,,
base,f_random_hw,PFcheap,p_rasta_noiso,OPTIMAL,6.279,6848,235,[235],9,730,6112,3138,0,6,1264,frontEnd=high_sil_isolated_checker;rasta=none;powspec=none;audspec=none;compJah=high_sil_isolated_checker;rastaFilter=none;backEnd=low_sil_doer_checker,True,True,,,,,,235,,,
base,f_random_hw,NP,p_rasta_noiso,OPTIMAL,7.044,4612,235,[235],13,768,3831,0,0,13,1488,frontEnd=mixed_sil_doer_checker;rasta=low_sil_doer_checker;powspec=none;audspec=low_sil_diverse_doer_checker;compJah=high_sil_isolated_checker;rastaFilter=one_of_two_failover;backEnd=low_sil_doer_checker,True,,,,,,,235,,,
base,d_random_hw,joint,,OPTIMAL,6.647,5591,235,[235],11,752,4829,2801,0,10,1408,frontEnd=low_sil_doer_checker;rasta=one_of_two_failover;powspec=none;audspec=none;compJah=low_sil_doer_checker;rastaFilter=one_of_two_failover;backEnd=low_sil_doer_checker,True,,,,,,,235,,,
base,d_random_hw,PFmin,,OPTIMAL,3.333,3575,235,[235],9,733,2836,1034,0,6,1296,frontEnd=low_sil_doer_checker;rasta=none;powspec=none;audspec=none;compJah=low_sil_doer_checker;rastaFilter=none;backEnd=low_sil_doer_checker,True,True,,,,,,235,,,
base,d_random_hw,PFmax,,OPTIMAL,3.238,2848,235,[235],9,704,2138,336,0,6,1188,frontEnd=low_sil_diverse_doer_checker;rasta=none;powspec=none;audspec=none;compJah=low_sil_diverse_doer_checker;rastaFilter=none;backEnd=low_sil_diverse_doer_checker,True,True,,,,,,235,,,
base,d_random_hw,PFlight,,OPTIMAL,3.537,2877,235,[235],9,733,2138,336,0,6,1296,frontEnd=low_sil_doer_checker;rasta=none;powspec=none;audspec=none;compJah=low_sil_doer_checker;rastaFilter=none;backEnd=low_sil_doer_checker,True,True,,,,,,235,,,
base,d_random_hw,PFcheap,,OPTIMAL,5.639,2986,235,[235],9,730,2250,448,0,6,1264,frontEnd=low_sil_doer_checker;rasta=none;powspec=none;audspec=none;compJah=low_sil_doer_checker;rastaFilter=none;backEnd=low_sil_doer_checker,True,True,,,,,,235,,,
base,d_random_hw,NP,,OPTIMAL,8.727,2916,235,[235],12,763,2141,0,0,12,1480,frontEnd=low_sil_doer_checker;rasta=one_of_two_failover;powspec=none;audspec=low_sil_doer_checker;compJah=low_sil_doer_checker;rastaFilter=one_of_two_failover;backEnd=low_sil_doer_checker,True,,,,,,,235,,,
base,d_systematic_sw,joint,p_sw,OPTIMAL,5.51,2617,235,[235],6,700,1914,112,0,3,1080,frontEnd=same_cpu_doer_checker;rasta=none;powspec=none;audspec=none;compJah=same_cpu_doer_checker;rastaFilter=none;backEnd=same_cpu_doer_checker,True,,,,,,,235,,,
base,d_systematic_sw,PFmin,p_sw,OPTIMAL,3.068,3326,235,[235],7,711,2612,810,0,3,1152,frontEnd=same_cpu_doer_checker;rasta=none;powspec=none;audspec=none;compJah=same_cpu_doer_checker;rastaFilter=none;backEnd=same_cpu_doer_checker,True,True,,,,,,235,,,
base,d_systematic_sw,PFmax,p_sw,OPTIMAL,3.995,3474,235,[235],10,744,2724,922,0,6,1368,frontEnd=low_sil_diverse_doer_checker;rasta=none;powspec=none;audspec=none;compJah=low_sil_diverse_doer_checker;rastaFilter=none;backEnd=low_sil_diverse_doer_checker,True,True,,,,,,235,,,
base,d_systematic_sw,PFlight,p_sw,OPTIMAL,2.531,2617,235,[235],6,700,1914,112,0,3,1080,frontEnd=same_cpu_doer_checker;rasta=none;powspec=none;audspec=none;compJah=same_cpu_doer_checker;rastaFilter=none;backEnd=same_cpu_doer_checker,True,True,,,,,,235,,,
base,d_systematic_sw,PFcheap,p_sw,OPTIMAL,1.862,2570,235,[235],7,653,1914,112,0,3,766,frontEnd=same_cpu_doer_checker;rasta=none;powspec=none;audspec=none;compJah=same_cpu_doer_checker;rastaFilter=none;backEnd=same_cpu_doer_checker,True,True,,,,,,235,,,
base,d_systematic_sw,NP,p_sw,OPTIMAL,2.502,2516,235,[235],7,711,1802,0,0,3,1152,frontEnd=same_cpu_doer_checker;rasta=none;powspec=none;audspec=none;compJah=same_cpu_doer_checker;rastaFilter=none;backEnd=same_cpu_doer_checker,True,,,,,,,235,,,
base,f_sw3,joint,,OPTIMAL,6.302,8449,235,[235],10,1237,7201,2965,0,11,1494,frontEnd=mixed_sil_doer_checker;rasta=low_sil_diverse_doer_checker;powspec=none;audspec=low_sil_diverse_doer_checker;compJah=mixed_sil_doer_checker;rastaFilter=none;backEnd=same_cpu_doer_checker,True,,,,,,,235,,,
base,f_sw3,PFmin,,OPTIMAL,3.288,5795,365,[365],8,1196,4594,1620,0,5,1182,frontEnd=two_of_two_high_sil;rasta=none;powspec=none;audspec=none;compJah=two_of_two_high_sil;rastaFilter=none;backEnd=same_cpu_doer_checker,True,True,,,,,,365,,,
base,f_sw3,PFmax,,OPTIMAL,3.524,6153,365,[365],9,1260,4887,1913,0,6,1415,frontEnd=two_of_two_high_sil;rasta=none;powspec=none;audspec=none;compJah=two_of_two_high_sil;rastaFilter=none;backEnd=low_sil_diverse_doer_checker,True,True,,,,,,365,,,
base,f_sw3,PFlight,,OPTIMAL,3.839,6413,235,[235],8,1181,5225,1215,0,7,1272,frontEnd=mixed_sil_doer_checker;rasta=none;powspec=none;audspec=none;compJah=mixed_sil_doer_checker;rastaFilter=none;backEnd=same_cpu_doer_checker,True,True,,,,,,235,,,
base,f_sw3,PFcheap,,OPTIMAL,3.186,7574,365,[365],8,1225,6344,3370,0,5,1290,frontEnd=two_of_two_high_sil;rasta=none;powspec=none;audspec=none;compJah=two_of_two_high_sil;rastaFilter=none;backEnd=same_cpu_doer_checker,True,True,,,,,,365,,,
base,f_sw3,NP,,OPTIMAL,3.938,5460,235,[235],12,1327,4123,0,0,10,1794,frontEnd=mixed_sil_doer_checker;rasta=none;powspec=none;audspec=low_sil_diverse_doer_checker;compJah=mixed_sil_doer_checker;rastaFilter=none;backEnd=low_sil_diverse_doer_checker,True,,,,,,,235,,,
base,f_both3,joint,,OPTIMAL,7.295,6743,235,[235],10,1234,5501,1491,0,8,1462,frontEnd=mixed_sil_doer_checker;rasta=none;powspec=none;audspec=none;compJah=mixed_sil_doer_checker;rastaFilter=none;backEnd=low_sil_diverse_doer_checker,True,,,,,,,235,,,
base,f_both3,PFmin,,OPTIMAL,3.729,5522,365,[365],8,1215,4301,1327,0,6,1350,frontEnd=two_of_two_high_sil;rasta=none;powspec=none;audspec=none;compJah=two_of_two_high_sil;rastaFilter=none;backEnd=low_sil_diverse_doer_checker,True,True,,,,,,365,,,
base,f_both3,PFmax,,OPTIMAL,3.732,6158,365,[365],9,1265,4887,1913,0,6,1470,frontEnd=two_of_two_high_sil;rasta=none;powspec=none;audspec=none;compJah=two_of_two_high_sil;rastaFilter=none;backEnd=low_sil_diverse_doer_checker,True,True,,,,,,365,,,
base,f_both3,PFlight,,OPTIMAL,4.694,7610,235,[235],11,1308,6294,2284,0,8,1720,frontEnd=mixed_sil_doer_checker;rasta=none;powspec=none;audspec=none;compJah=mixed_sil_doer_checker;rastaFilter=none;backEnd=low_sil_diverse_doer_checker,True,True,,,,,,235,,,
base,f_both3,PFcheap,,OPTIMAL,3.839,6148,365,[365],9,1255,4887,1913,0,6,1530,frontEnd=two_of_two_high_sil;rasta=none;powspec=none;audspec=none;compJah=two_of_two_high_sil;rastaFilter=none;backEnd=low_sil_diverse_doer_checker,True,True,,,,,,365,,,
base,f_both3,NP,,OPTIMAL,4.125,5379,235,[235],12,1361,4010,0,0,8,1702,frontEnd=mixed_sil_doer_checker;rasta=none;powspec=none;audspec=none;compJah=mixed_sil_doer_checker;rastaFilter=none;backEnd=low_sil_diverse_doer_checker,True,,,,,,,235,,,
base,c_pat,joint,,OPTIMAL,20.998,4829,235,[235],12,763,4054,741,0,12,1480,frontEnd=high_sil_isolated_checker;rasta=one_of_two_failover;powspec=none;audspec=one_of_two_failover;compJah=high_sil_isolated_checker;rastaFilter=one_of_two_failover;backEnd=low_sil_doer_checker,True,,,,,,,235,,,
base,c_pat,PFmin,,OPTIMAL,10.238,4517,340,[340],9,727,3784,810,0,6,1232,frontEnd=two_of_two_high_sil;rasta=none;powspec=none;audspec=none;compJah=two_of_two_high_sil;rastaFilter=none;backEnd=low_sil_doer_checker,True,True,,,,,,340,,,
base,c_pat,PFmax,,OPTIMAL,9.831,5601,340,[340],7,708,4887,1913,0,6,1120,frontEnd=two_of_two_high_sil;rasta=none;powspec=none;audspec=none;compJah=two_of_two_high_sil;rastaFilter=none;backEnd=low_sil_diverse_doer_checker,True,True,,,,,,340,,,
base,c_pat,PFlight,,OPTIMAL,10.806,5028,235,[235],10,738,4284,1310,0,6,1304,frontEnd=high_sil_isolated_checker;rasta=none;powspec=none;audspec=none;compJah=high_sil_isolated_checker;rastaFilter=none;backEnd=low_sil_doer_checker,True,True,,,,,,235,,,
base,c_pat,PFcheap,,OPTIMAL,15.824,6195,235,[235],10,741,5448,2474,0,6,1336,frontEnd=high_sil_isolated_checker;rasta=none;powspec=none;audspec=none;compJah=high_sil_isolated_checker;rastaFilter=none;backEnd=low_sil_doer_checker,True,True,,,,,,235,,,
base,c_pat,NP,,OPTIMAL,17.279,4492,235,[235],12,763,3718,0,0,11,1480,frontEnd=high_sil_isolated_checker;rasta=none;powspec=none;audspec=one_of_two_failover;compJah=mixed_sil_doer_checker;rastaFilter=one_of_two_failover;backEnd=low_sil_doer_checker,True,,,,,,,235,,,
base,pc_sobel,joint,,OPTIMAL,3.121,3664,333,[333],3,32,3626,2025,0,6,397,get_pixel=high_sil_isolated_checker;gx=one_of_two_failover;gy=one_of_two_failover;abs=none,True,,100000,,,,,333,,,
base,pc_sobel,PFmin,,OPTIMAL,2.373,3404,512,[512],3,36,3366,1991,0,2,519,get_pixel=two_of_two_high_sil;gx=none;gy=none;abs=none,True,True,100000,,,,,512,,,
base,pc_sobel,PFmax,,OPTIMAL,2.22,3400,512,[512],3,32,3366,1991,0,2,397,get_pixel=two_of_two_high_sil;gx=none;gy=none;abs=none,True,True,100000,,,,,512,,,
base,pc_sobel,PFlight,,OPTIMAL,2.536,2628,333,[333],3,36,2590,1215,0,2,519,get_pixel=high_sil_isolated_checker;gx=none;gy=none;abs=none,True,True,100000,,,,,333,,,
base,pc_sobel,PFcheap,,OPTIMAL,2.302,2628,333,[333],3,36,2590,1215,0,2,519,get_pixel=high_sil_isolated_checker;gx=none;gy=none;abs=none,True,True,100000,,,,,333,,,
base,pc_sobel,NP,,OPTIMAL,2.482,2309,333,[333],7,68,2232,0,0,9,723,get_pixel=mixed_sil_doer_checker;gx=one_of_two_failover;gy=one_of_two_failover;abs=low_sil_diverse_doer_checker,True,,100000,,,,,333,,,
base,v_nvp,joint,,OPTIMAL,10.442,9764,235,[235],15,1953,7797,2525,0,14,2392,frontEnd=nvp_three_version;rasta=low_sil_diverse_doer_checker;powspec=none;audspec=low_sil_diverse_doer_checker;compJah=nvp_three_version;rastaFilter=none;backEnd=low_sil_diverse_doer_checker,True,,,,,,,235,,,
base,v_nvp,PFmin,,OPTIMAL,4.284,8860,235,[235],14,1908,6942,1896,0,10,2242,frontEnd=nvp_three_version;rasta=none;powspec=none;audspec=none;compJah=nvp_three_version;rastaFilter=none;backEnd=low_sil_diverse_doer_checker,True,True,,,,,,235,,,
base,v_nvp,PFmax,,OPTIMAL,4.919,7662,235,[235],13,1796,5856,810,0,10,1824,frontEnd=nvp_three_version;rasta=none;powspec=none;audspec=none;compJah=nvp_three_version;rastaFilter=none;backEnd=low_sil_diverse_doer_checker,True,True,,,,,,235,,,
base,v_nvp,PFlight,,OPTIMAL,4.66,8838,235,[235],12,1791,7037,1991,0,10,1794,frontEnd=nvp_three_version;rasta=none;powspec=none;audspec=none;compJah=nvp_three_version;rastaFilter=none;backEnd=low_sil_diverse_doer_checker,True,True,,,,,,235,,,
base,v_nvp,PFcheap,,OPTIMAL,5.462,8761,235,[235],12,1809,6942,1896,0,10,1635,frontEnd=nvp_three_version;rasta=none;powspec=none;audspec=none;compJah=nvp_three_version;rastaFilter=none;backEnd=low_sil_diverse_doer_checker,True,True,,,,,,235,,,
base,v_nvp,NP,,OPTIMAL,4.451,7154,235,[235],14,1868,5272,0,0,14,2100,frontEnd=nvp_three_version;rasta=low_sil_diverse_doer_checker;powspec=none;audspec=low_sil_diverse_doer_checker;compJah=nvp_three_version;rastaFilter=none;backEnd=low_sil_diverse_doer_checker,True,,,,,,,235,,,
tok2,f_random_hw,joint,p_rasta_noiso,OPTIMAL,14.029,7908,235,[235],9,733,7165,3965,0,10,1296,frontEnd=high_sil_isolated_checker;rasta=one_of_two_failover;powspec=none;audspec=one_of_two_failover;compJah=two_of_two_high_sil;rastaFilter=none;backEnd=low_sil_doer_checker,True,,,,,,,235,,,
tok2,f_random_hw,PFmin,p_rasta_noiso,OPTIMAL,12.397,6167,235,[235],9,730,5431,2457,0,6,1264,frontEnd=two_of_two_high_sil;rasta=none;powspec=none;audspec=none;compJah=two_of_two_high_sil;rastaFilter=none;backEnd=low_sil_doer_checker,True,True,,,,,,235,,,
tok2,f_random_hw,PFmax,p_rasta_noiso,OPTIMAL,7.608,4517,235,[235],9,727,3784,810,0,6,1232,frontEnd=two_of_two_high_sil;rasta=none;powspec=none;audspec=none;compJah=two_of_two_high_sil;rastaFilter=none;backEnd=low_sil_diverse_doer_checker,True,True,,,,,,235,,,
tok2,f_random_hw,PFlight,p_rasta_noiso,OPTIMAL,39.388,5196,235,[235],7,708,4482,1508,0,6,1120,frontEnd=high_sil_isolated_checker;rasta=none;powspec=none;audspec=none;compJah=high_sil_isolated_checker;rastaFilter=none;backEnd=low_sil_doer_checker,True,True,,,,,,235,,,
tok2,f_random_hw,PFcheap,p_rasta_noiso,OPTIMAL,13.649,6075,235,[235],9,733,5336,2362,0,6,1296,frontEnd=high_sil_isolated_checker;rasta=none;powspec=none;audspec=none;compJah=high_sil_isolated_checker;rastaFilter=none;backEnd=low_sil_doer_checker,True,True,,,,,,235,,,
tok2,f_random_hw,NP,p_rasta_noiso,OPTIMAL,8.506,4615,235,[235],13,771,3831,0,0,13,1520,frontEnd=mixed_sil_doer_checker;rasta=low_sil_doer_checker;powspec=none;audspec=one_of_two_failover;compJah=two_of_two_high_sil;rastaFilter=low_sil_doer_checker;backEnd=low_sil_doer_checker,True,,,,,,,235,,,
tok2,d_random_hw,joint,,OPTIMAL,6.451,4402,235,[235],10,741,3649,1508,0,12,1336,frontEnd=low_sil_doer_checker;rasta=one_of_two_failover;powspec=none;audspec=low_sil_doer_checker;compJah=low_sil_doer_checker;rastaFilter=low_sil_doer_checker;backEnd=low_sil_doer_checker,True,,,,,,,235,,,
tok2,d_random_hw,PFmin,,OPTIMAL,4.272,2884,235,[235],10,628,2250,448,0,6,936,frontEnd=low_sil_doer_checker;rasta=none;powspec=none;audspec=none;compJah=low_sil_doer_checker;rastaFilter=none;backEnd=low_sil_doer_checker,True,True,,,,,,235,,,
tok2,d_random_hw,PFmax,,OPTIMAL,4.299,3290,235,[235],10,741,2543,741,0,6,1336,frontEnd=low_sil_diverse_doer_checker;rasta=none;powspec=none;audspec=none;compJah=low_sil_diverse_doer_checker;rastaFilter=none;backEnd=low_sil_diverse_doer_checker,True,True,,,,,,235,,,
tok2,d_random_hw,PFlight,,OPTIMAL,3.935,2866,235,[235],8,722,2138,336,0,6,1224,frontEnd=low_sil_doer_checker;rasta=none;powspec=none;audspec=none;compJah=low_sil_doer_checker;rastaFilter=none;backEnd=low_sil_doer_checker,True,True,,,,,,235,,,
tok2,d_random_hw,PFcheap,,OPTIMAL,4.081,2879,235,[235],10,735,2138,336,0,6,1272,frontEnd=low_sil_doer_checker;rasta=none;powspec=none;audspec=none;compJah=low_sil_doer_checker;rastaFilter=none;backEnd=low_sil_doer_checker,True,True,,,,,,235,,,
tok2,d_random_hw,NP,,OPTIMAL,4.708,2804,235,[235],12,766,2028,0,0,10,1512,frontEnd=low_sil_doer_checker;rasta=none;powspec=one_of_two_failover;audspec=one_of_two_failover;compJah=low_sil_doer_checker;rastaFilter=none;backEnd=low_sil_doer_checker,True,,,,,,,235,,,
tok2,d_systematic_sw,joint,p_sw,OPTIMAL,4.026,4493,235,[235],10,744,3736,1482,0,13,1198,frontEnd=low_sil_diverse_doer_checker;rasta=low_sil_diverse_doer_checker;powspec=low_sil_diverse_doer_checker;audspec=low_sil_diverse_doer_checker;compJah=low_sil_diverse_doer_checker;rastaFilter=low_sil_diverse_doer_checker;backEnd=same_cpu_doer_checker,True,,,,,,,235,,,
tok2,d_systematic_sw,PFmin,p_sw,OPTIMAL,1.593,2458,235,[235],7,653,1802,0,0,3,851,frontEnd=same_cpu_doer_checker;rasta=none;powspec=none;audspec=none;compJah=same_cpu_doer_checker;rastaFilter=none;backEnd=same_cpu_doer_checker,True,True,,,,,,235,,,
tok2,d_systematic_sw,PFmax,p_sw,OPTIMAL,3.004,3546,235,[235],9,704,2836,1034,0,6,1103,frontEnd=low_sil_diverse_doer_checker;rasta=none;powspec=none;audspec=none;compJah=low_sil_diverse_doer_checker;rastaFilter=none;backEnd=low_sil_diverse_doer_checker,True,True,,,,,,235,,,
tok2,d_systematic_sw,PFlight,p_sw,OPTIMAL,1.719,2458,235,[235],7,653,1802,0,0,3,851,frontEnd=same_cpu_doer_checker;rasta=none;powspec=none;audspec=none;compJah=same_cpu_doer_checker;rastaFilter=none;backEnd=same_cpu_doer_checker,True,True,,,,,,235,,,
tok2,d_systematic_sw,PFcheap,p_sw,OPTIMAL,1.663,2458,235,[235],7,653,1802,0,0,3,851,frontEnd=same_cpu_doer_checker;rasta=none;powspec=none;audspec=none;compJah=same_cpu_doer_checker;rastaFilter=none;backEnd=same_cpu_doer_checker,True,True,,,,,,235,,,
tok2,d_systematic_sw,NP,p_sw,OPTIMAL,2.813,2772,235,[235],10,735,2028,0,0,9,1187,frontEnd=low_sil_diverse_doer_checker;rasta=none;powspec=none;audspec=same_cpu_doer_checker;compJah=low_sil_diverse_doer_checker;rastaFilter=low_sil_diverse_doer_checker;backEnd=low_sil_diverse_doer_checker,True,,,,,,,235,,,
tok2,f_sw3,joint,,OPTIMAL,6.334,7651,235,[235],10,1266,6373,2542,0,12,1432,frontEnd=mixed_sil_doer_checker;rasta=same_cpu_doer_checker;powspec=none;audspec=low_sil_diverse_doer_checker;compJah=two_of_two_high_sil;rastaFilter=low_sil_diverse_doer_checker;backEnd=low_sil_diverse_doer_checker,True,,,,,,,235,,,
tok2,f_sw3,PFmin,,OPTIMAL,3.814,5508,235,[235],9,1202,4301,1327,0,5,1284,frontEnd=two_of_two_high_sil;rasta=none;powspec=none;audspec=none;compJah=two_of_two_high_sil;rastaFilter=none;backEnd=same_cpu_doer_checker,True,True,,,,,,235,,,
tok2,f_sw3,PFmax,,OPTIMAL,4.093,6895,235,[235],9,1226,5663,2689,0,6,1422,frontEnd=two_of_two_high_sil;rasta=none;powspec=none;audspec=none;compJah=two_of_two_high_sil;rastaFilter=none;backEnd=low_sil_diverse_doer_checker,True,True,,,,,,235,,,
tok2,f_sw3,PFlight,,OPTIMAL,4.17,7049,235,[235],9,1231,5811,1801,0,7,1392,frontEnd=mixed_sil_doer_checker;rasta=none;powspec=none;audspec=none;compJah=mixed_sil_doer_checker;rastaFilter=none;backEnd=same_cpu_doer_checker,True,True,,,,,,235,,,
tok2,f_sw3,PFcheap,,OPTIMAL,4.008,6450,235,[235],9,1265,5180,2206,0,5,1470,frontEnd=two_of_two_high_sil;rasta=none;powspec=none;audspec=none;compJah=two_of_two_high_sil;rastaFilter=none;backEnd=same_cpu_doer_checker,True,True,,,,,,235,,,
tok2,f_sw3,NP,,OPTIMAL,5.113,5706,235,[235],14,1344,4349,0,0,13,1798,frontEnd=mixed_sil_doer_checker;rasta=low_sil_diverse_doer_checker;powspec=low_sil_diverse_doer_checker;audspec=low_sil_diverse_doer_checker;compJah=mixed_sil_doer_checker;rastaFilter=none;backEnd=same_cpu_doer_checker,True,,,,,,,235,,,
tok2,f_both3,joint,,OPTIMAL,7.254,8118,235,[235],12,1358,6745,2801,0,15,1755,frontEnd=mixed_sil_doer_checker;rasta=low_sil_diverse_doer_checker;powspec=low_sil_diverse_doer_checker;audspec=low_sil_diverse_doer_checker;compJah=two_of_two_high_sil;rastaFilter=low_sil_diverse_doer_checker;backEnd=low_sil_diverse_doer_checker,True,,,,,,,235,,,
tok2,f_both3,PFmin,,OPTIMAL,5.062,6147,235,[235],10,1271,4870,1896,0,6,1487,frontEnd=two_of_two_high_sil;rasta=none;powspec=none;audspec=none;compJah=two_of_two_high_sil;rastaFilter=none;backEnd=low_sil_diverse_doer_checker,True,True,,,,,,235,,,
tok2,f_both3,PFmax,,OPTIMAL,4.107,5873,235,[235],10,1273,4594,1620,0,6,1425,frontEnd=two_of_two_high_sil;rasta=none;powspec=none;audspec=none;compJah=two_of_two_high_sil;rastaFilter=none;backEnd=low_sil_diverse_doer_checker,True,True,,,,,,235,,,
tok2,f_both3,PFlight,,OPTIMAL,4.833,6870,235,[235],10,1232,5630,1620,0,8,1524,frontEnd=mixed_sil_doer_checker;rasta=none;powspec=none;audspec=none;compJah=mixed_sil_doer_checker;rastaFilter=none;backEnd=low_sil_diverse_doer_checker,True,True,,,,,,235,,,
tok2,f_both3,PFcheap,,OPTIMAL,4.158,5900,235,[235],10,1300,4594,1620,0,6,1680,frontEnd=two_of_two_high_sil;rasta=none;powspec=none;audspec=none;compJah=two_of_two_high_sil;rastaFilter=none;backEnd=low_sil_diverse_doer_checker,True,True,,,,,,235,,,
tok2,f_both3,NP,,OPTIMAL,4.652,4778,235,[235],11,1279,3492,0,0,7,1527,frontEnd=mixed_sil_doer_checker;rasta=none;powspec=none;audspec=none;compJah=two_of_two_high_sil;rastaFilter=none;backEnd=low_sil_diverse_doer_checker,True,,,,,,,235,,,
tok2,c_pat,joint,,OPTIMAL,19.531,6576,235,[235],12,760,5804,2491,0,12,1448,frontEnd=high_sil_isolated_checker;rasta=one_of_two_failover;powspec=none;audspec=one_of_two_failover;compJah=two_of_two_high_sil;rastaFilter=one_of_two_failover;backEnd=low_sil_doer_checker,True,,,,,,,235,,,
tok2,c_pat,PFmin,,OPTIMAL,16.874,4534,235,[235],10,744,3784,810,0,6,1198,frontEnd=two_of_two_high_sil;rasta=none;powspec=none;audspec=none;compJah=two_of_two_high_sil;rastaFilter=none;backEnd=low_sil_doer_checker,True,True,,,,,,235,,,
tok2,c_pat,PFmax,,OPTIMAL,15.957,6474,235,[235],9,727,5741,2767,0,6,1062,frontEnd=two_of_two_high_sil;rasta=none;powspec=none;audspec=none;compJah=two_of_two_high_sil;rastaFilter=none;backEnd=low_sil_diverse_doer_checker,True,True,,,,,,235,,,
tok2,c_pat,PFlight,,OPTIMAL,13.984,5311,235,[235],7,711,4594,1620,0,6,1152,frontEnd=high_sil_isolated_checker;rasta=none;powspec=none;audspec=none;compJah=high_sil_isolated_checker;rastaFilter=none;backEnd=low_sil_doer_checker,True,True,,,,,,235,,,
tok2,c_pat,PFcheap,,OPTIMAL,14.067,5199,235,[235],7,711,4482,1508,0,6,1152,frontEnd=high_sil_isolated_checker;rasta=none;powspec=none;audspec=none;compJah=high_sil_isolated_checker;rastaFilter=none;backEnd=low_sil_doer_checker,True,True,,,,,,235,,,
tok2,c_pat,NP,,OPTIMAL,18.21,4082,235,[235],12,757,3313,0,0,12,1416,frontEnd=two_of_two_high_sil;rasta=low_sil_diverse_doer_checker;powspec=none;audspec=one_of_two_failover;compJah=high_sil_isolated_checker;rastaFilter=low_sil_doer_checker;backEnd=low_sil_doer_checker,True,,,,,,,235,,,
tok2,pc_sobel,joint,,OPTIMAL,3.524,4579,256,[256],4,40,4532,2413,0,7,437,get_pixel=mixed_sil_doer_checker;gx=none;gy=one_of_two_failover;abs=low_sil_doer_checker,True,,100000,,,,,256,,,
tok2,pc_sobel,PFmin,,OPTIMAL,2.531,2640,256,[256],4,48,2590,1215,0,2,692,get_pixel=two_of_two_high_sil;gx=none;gy=none;abs=none,True,True,100000,,,,,256,,,
tok2,pc_sobel,PFmax,,OPTIMAL,2.525,1809,256,[256],4,44,1763,388,0,2,570,get_pixel=two_of_two_high_sil;gx=none;gy=none;abs=none,True,True,100000,,,,,256,,,
tok2,pc_sobel,PFlight,,OPTIMAL,2.478,4180,256,[256],3,36,4142,2767,0,2,519,get_pixel=high_sil_isolated_checker;gx=none;gy=none;abs=none,True,True,100000,,,,,256,,,
tok2,pc_sobel,PFcheap,,OPTIMAL,2.516,3016,256,[256],3,36,2978,1603,0,2,519,get_pixel=high_sil_isolated_checker;gx=none;gy=none;abs=none,True,True,100000,,,,,256,,,
tok2,pc_sobel,NP,,OPTIMAL,2.603,1948,256,[256],5,52,1893,0,0,3,621,get_pixel=mixed_sil_doer_checker;gx=none;gy=none;abs=none,True,,100000,,,,,256,,,
tok2,v_nvp,joint,,OPTIMAL,5.683,12598,235,[235],12,1812,10772,5500,0,14,1922,frontEnd=nvp_three_version;rasta=none;powspec=low_sil_diverse_doer_checker;audspec=none;compJah=nvp_three_version;rastaFilter=low_sil_diverse_doer_checker;backEnd=low_sil_diverse_doer_checker,True,,,,,,,235,,,
tok2,v_nvp,PFmin,,OPTIMAL,4.552,8242,235,[235],13,1859,6373,1327,0,10,2010,frontEnd=nvp_three_version;rasta=none;powspec=none;audspec=none;compJah=nvp_three_version;rastaFilter=none;backEnd=low_sil_diverse_doer_checker,True,True,,,,,,235,,,
tok2,v_nvp,PFmax,,OPTIMAL,5.715,9143,235,[235],13,1820,7313,2267,0,10,1855,frontEnd=nvp_three_version;rasta=none;powspec=none;audspec=none;compJah=nvp_three_version;rastaFilter=none;backEnd=low_sil_diverse_doer_checker,True,True,,,,,,235,,,
tok2,v_nvp,PFlight,,OPTIMAL,3.916,8530,235,[235],13,1854,6666,1620,0,10,1955,frontEnd=nvp_three_version;rasta=none;powspec=none;audspec=none;compJah=nvp_three_version;rastaFilter=none;backEnd=low_sil_diverse_doer_checker,True,True,,,,,,235,,,
tok2,v_nvp,PFcheap,,OPTIMAL,5.771,10803,235,[235],13,1894,8899,3853,0,10,2160,frontEnd=nvp_three_version;rasta=none;powspec=none;audspec=none;compJah=nvp_three_version;rastaFilter=none;backEnd=low_sil_diverse_doer_checker,True,True,,,,,,235,,,
tok2,v_nvp,NP,,OPTIMAL,5.181,7133,235,[235],15,1847,5272,0,0,14,1799,frontEnd=nvp_three_version;rasta=none;powspec=low_sil_diverse_doer_checker;audspec=low_sil_diverse_doer_checker;compJah=nvp_three_version;rastaFilter=none;backEnd=low_sil_diverse_doer_checker,True,,,,,,,235,,,
chk10,p_rasta,joint,,OPTIMAL,11.654,6984,235,[235],11,755,6141,2310,75,13,1440,frontEnd=mixed_sil_doer_checker;rasta=one_of_two_failover;powspec=none;audspec=one_of_two_failover;compJah=high_sil_isolated_checker;rastaFilter=low_sil_doer_checker;backEnd=low_sil_doer_checker,True,,,,,,,235,,,
chk10,p_rasta,PFmin,,OPTIMAL,5.004,6950,340,[340],7,708,6146,3172,90,6,1120,frontEnd=two_of_two_high_sil;rasta=none;powspec=none;audspec=none;compJah=two_of_two_high_sil;rastaFilter=none;backEnd=low_sil_doer_checker,True,True,,,,,,340,,,
chk10,p_rasta,PFmax,,OPTIMAL,5.635,5162,340,[340],6,700,4396,1422,60,6,1080,frontEnd=two_of_two_high_sil;rasta=none;powspec=none;audspec=none;compJah=two_of_two_high_sil;rastaFilter=none;backEnd=low_sil_diverse_doer_checker,True,True,,,,,,340,,,
chk10,p_rasta,PFlight,,OPTIMAL,5.552,5149,235,[235],8,719,4379,1405,45,6,1192,frontEnd=high_sil_isolated_checker;rasta=none;powspec=none;audspec=none;compJah=high_sil_isolated_checker;rastaFilter=none;backEnd=low_sil_doer_checker,True,True,,,,,,235,,,
chk10,p_rasta,PFcheap,,OPTIMAL,5.483,5047,235,[235],9,727,4284,1310,30,6,1147,frontEnd=high_sil_isolated_checker;rasta=none;powspec=none;audspec=none;compJah=high_sil_isolated_checker;rastaFilter=none;backEnd=low_sil_doer_checker,True,True,,,,,,235,,,
chk10,p_rasta,NP,,OPTIMAL,10.61,4445,235,[235],10,741,3605,0,90,9,1336,frontEnd=mixed_sil_doer_checker;rasta=none;powspec=none;audspec=low_sil_doer_checker;compJah=high_sil_isolated_checker;rastaFilter=none;backEnd=low_sil_doer_checker,True,,,,,,,235,,,
chk10,f_random_hw,joint,p_rasta_noiso,OPTIMAL,13.821,6655,235,[235],9,727,5916,2603,0,12,1232,frontEnd=high_sil_isolated_checker;rasta=low_sil_doer_checker;powspec=none;audspec=one_of_two_failover;compJah=high_sil_isolated_checker;rastaFilter=low_sil_doer_checker;backEnd=low_sil_doer_checker,True,,,,,,,235,,,
chk10,f_random_hw,PFmin,p_rasta_noiso,OPTIMAL,6.38,7392,340,[340],6,671,6715,3741,0,6,972,frontEnd=two_of_two_high_sil;rasta=none;powspec=none;audspec=none;compJah=two_of_two_high_sil;rastaFilter=none;backEnd=low_sil_doer_checker,True,True,,,,,,340,,,
chk10,f_random_hw,PFmax,p_rasta_noiso,OPTIMAL,5.953,5383,340,[340],8,722,4655,1681,0,6,1224,frontEnd=two_of_two_high_sil;rasta=none;powspec=none;audspec=none;compJah=two_of_two_high_sil;rastaFilter=none;backEnd=low_sil_diverse_doer_checker,True,True,,,,,,340,,,
chk10,f_random_hw,PFlight,p_rasta_noiso,OPTIMAL,5.363,6756,235,[235],8,716,6034,3060,0,6,1160,frontEnd=high_sil_isolated_checker;rasta=none;powspec=none;audspec=none;compJah=high_sil_isolated_checker;rastaFilter=none;backEnd=low_sil_doer_checker,True,True,,,,,,235,,,
chk10,f_random_hw,PFcheap,p_rasta_noiso,OPTIMAL,6.197,5704,235,[235],8,716,4982,2008,0,6,1160,frontEnd=high_sil_isolated_checker;rasta=none;powspec=none;audspec=none;compJah=high_sil_isolated_checker;rastaFilter=none;backEnd=low_sil_doer_checker,True,True,,,,,,235,,,
chk10,f_random_hw,NP,p_rasta_noiso,OPTIMAL,6.977,4102,235,[235],13,777,3313,0,0,12,1499,frontEnd=high_sil_isolated_checker;rasta=low_sil_diverse_doer_checker;powspec=none;audspec=one_of_two_failover;compJah=high_sil_isolated_checker;rastaFilter=one_of_two_failover;backEnd=low_sil_doer_checker,True,,,,,,,235,,,
chk10,d_random_hw,joint,,OPTIMAL,6.03,3215,235,[235],11,726,2477,336,0,12,1332,frontEnd=low_sil_doer_checker;rasta=one_of_two_failover;powspec=one_of_two_failover;audspec=one_of_two_failover;compJah=low_sil_doer_checker;rastaFilter=none;backEnd=low_sil_doer_checker,True,,,,,,,235,,,
chk10,d_random_hw,PFmin,,OPTIMAL,3.772,4434,235,[235],9,730,3698,1896,0,6,1264,frontEnd=low_sil_doer_checker;rasta=none;powspec=none;audspec=none;compJah=low_sil_doer_checker;rastaFilter=none;backEnd=low_sil_doer_checker,True,True,,,,,,235,,,
chk10,d_random_hw,PFmax,,OPTIMAL,3.377,4236,235,[235],9,730,3500,1698,0,6,1264,frontEnd=low_sil_diverse_doer_checker;rasta=none;powspec=none;audspec=none;compJah=low_sil_diverse_doer_checker;rastaFilter=none;backEnd=low_sil_diverse_doer_checker,True,True,,,,,,235,,,
chk10,d_random_hw,PFlight,,OPTIMAL,3.308,3279,235,[235],9,730,2543,741,0,6,1264,frontEnd=low_sil_doer_checker;rasta=none;powspec=none;audspec=none;compJah=low_sil_doer_checker;rastaFilter=none;backEnd=low_sil_doer_checker,True,True,,,,,,235,,,
chk10,d_random_hw,PFcheap,,OPTIMAL,3.155,3170,235,[235],9,733,2431,629,0,6,1126,frontEnd=low_sil_doer_checker;rasta=none;powspec=none;audspec=none;compJah=low_sil_doer_checker;rastaFilter=none;backEnd=low_sil_doer_checker,True,True,,,,,,235,,,
chk10,d_random_hw,NP,,OPTIMAL,4.922,2989,235,[235],14,721,2254,0,0,14,1344,frontEnd=low_sil_doer_checker;rasta=low_sil_diverse_doer_checker;powspec=one_of_two_failover;audspec=one_of_two_failover;compJah=low_sil_doer_checker;rastaFilter=one_of_two_failover;backEnd=low_sil_doer_checker,True,,,,,,,235,,,
chk10,d_systematic_sw,joint,p_sw,OPTIMAL,3.446,5969,235,[235],8,693,5269,3128,0,7,1116,frontEnd=same_cpu_doer_checker;rasta=same_cpu_doer_checker;powspec=none;audspec=same_cpu_doer_checker;compJah=low_sil_diverse_doer_checker;rastaFilter=same_cpu_doer_checker;backEnd=same_cpu_doer_checker,True,,,,,,,235,,,
chk10,d_systematic_sw,PFmin,p_sw,OPTIMAL,2.2,2650,235,[235],7,621,2026,224,0,3,626,frontEnd=same_cpu_doer_checker;rasta=none;powspec=none;audspec=none;compJah=same_cpu_doer_checker;rastaFilter=none;backEnd=same_cpu_doer_checker,True,True,,,,,,235,,,
chk10,d_systematic_sw,PFmax,p_sw,OPTIMAL,2.557,3123,235,[235],10,686,2431,629,0,6,982,frontEnd=low_sil_diverse_doer_checker;rasta=none;powspec=none;audspec=none;compJah=low_sil_diverse_doer_checker;rastaFilter=none;backEnd=low_sil_diverse_doer_checker,True,True,,,,,,235,,,
chk10,d_systematic_sw,PFlight,p_sw,OPTIMAL,2.232,2530,235,[235],6,613,1914,112,0,3,671,frontEnd=same_cpu_doer_checker;rasta=none;powspec=none;audspec=none;compJah=same_cpu_doer_checker;rastaFilter=none;backEnd=same_cpu_doer_checker,True,True,,,,,,235,,,
chk10,d_systematic_sw,PFcheap,p_sw,OPTIMAL,2.226,2530,235,[235],6,613,1914,112,0,3,671,frontEnd=same_cpu_doer_checker;rasta=none;powspec=none;audspec=none;compJah=same_cpu_doer_checker;rastaFilter=none;backEnd=same_cpu_doer_checker,True,True,,,,,,235,,,
chk10,d_systematic_sw,NP,p_sw,OPTIMAL,2.653,2789,235,[235],11,752,2028,0,0,9,1408,frontEnd=low_sil_diverse_doer_checker;rasta=low_sil_diverse_doer_checker;powspec=none;audspec=low_sil_diverse_doer_checker;compJah=low_sil_diverse_doer_checker;rastaFilter=none;backEnd=same_cpu_doer_checker,True,,,,,,,235,,,
chk10,f_sw3,joint,,OPTIMAL,6.356,8257,235,[235],11,1274,6969,2620,0,14,1557,frontEnd=mixed_sil_doer_checker;rasta=low_sil_diverse_doer_checker;powspec=none;audspec=low_sil_diverse_doer_checker;compJah=mixed_sil_doer_checker;rastaFilter=low_sil_diverse_doer_checker;backEnd=low_sil_diverse_doer_checker,True,,,,,,,235,,,
chk10,f_sw3,PFmin,,OPTIMAL,3.487,5531,365,[365],8,1225,4301,1327,0,5,1290,frontEnd=two_of_two_high_sil;rasta=none;powspec=none;audspec=none;compJah=two_of_two_high_sil;rastaFilter=none;backEnd=same_cpu_doer_checker,True,True,,,,,,365,,,
chk10,f_sw3,PFmax,,OPTIMAL,3.464,6213,365,[365],8,1225,4982,2008,0,6,1205,frontEnd=two_of_two_high_sil;rasta=none;powspec=none;audspec=none;compJah=two_of_two_high_sil;rastaFilter=none;backEnd=low_sil_diverse_doer_checker,True,True,,,,,,365,,,
chk10,f_sw3,PFlight,,OPTIMAL,3.216,7911,235,[235],10,1300,6604,2594,0,7,1510,frontEnd=mixed_sil_doer_checker;rasta=none;powspec=none;audspec=none;compJah=mixed_sil_doer_checker;rastaFilter=none;backEnd=same_cpu_doer_checker,True,True,,,,,,235,,,
chk10,f_sw3,PFcheap,,OPTIMAL,3.36,5809,365,[365],8,1210,4594,1620,0,5,1295,frontEnd=two_of_two_high_sil;rasta=none;powspec=none;audspec=none;compJah=two_of_two_high_sil;rastaFilter=none;backEnd=same_cpu_doer_checker,True,True,,,,,,365,,,
chk10,f_sw3,NP,,OPTIMAL,4.432,5533,235,[235],12,1285,4236,0,0,12,1714,frontEnd=mixed_sil_doer_checker;rasta=none;powspec=none;audspec=low_sil_diverse_doer_checker;compJah=mixed_sil_doer_checker;rastaFilter=low_sil_diverse_doer_checker;backEnd=low_sil_diverse_doer_checker,True,,,,,,,235,,,
chk10,f_both3,joint,,OPTIMAL,6.104,8437,235,[235],12,1293,7132,2896,0,12,1546,frontEnd=mixed_sil_doer_checker;rasta=low_sil_diverse_doer_checker;powspec=none;audspec=low_sil_diverse_doer_checker;compJah=mixed_sil_doer_checker;rastaFilter=none;backEnd=low_sil_diverse_doer_checker,True,,,,,,,235,,,
chk10,f_both3,PFmin,,OPTIMAL,4.122,5543,365,[365],9,1236,4301,1327,0,6,1277,frontEnd=two_of_two_high_sil;rasta=none;powspec=none;audspec=none;compJah=two_of_two_high_sil;rastaFilter=none;backEnd=low_sil_diverse_doer_checker,True,True,,,,,,365,,,
chk10,f_both3,PFmax,,OPTIMAL,3.62,5428,365,[365],9,1233,4189,1215,0,6,1330,frontEnd=two_of_two_high_sil;rasta=none;powspec=none;audspec=none;compJah=two_of_two_high_sil;rastaFilter=none;backEnd=low_sil_diverse_doer_checker,True,True,,,,,,365,,,
chk10,f_both3,PFlight,,OPTIMAL,3.853,6792,235,[235],10,1266,5518,1508,0,8,1602,frontEnd=mixed_sil_doer_checker;rasta=none;powspec=none;audspec=none;compJah=mixed_sil_doer_checker;rastaFilter=none;backEnd=low_sil_diverse_doer_checker,True,True,,,,,,235,,,
chk10,f_both3,PFcheap,,OPTIMAL,3.315,6163,365,[365],9,1270,4887,1913,0,6,1440,frontEnd=two_of_two_high_sil;rasta=none;powspec=none;audspec=none;compJah=two_of_two_high_sil;rastaFilter=none;backEnd=low_sil_diverse_doer_checker,True,True,,,,,,365,,,
chk10,f_both3,NP,,OPTIMAL,3.757,5602,235,[235],14,1354,4236,0,0,12,1823,frontEnd=mixed_sil_doer_checker;rasta=low_sil_diverse_doer_checker;powspec=none;audspec=low_sil_diverse_doer_checker;compJah=mixed_sil_doer_checker;rastaFilter=none;backEnd=low_sil_diverse_doer_checker,True,,,,,,,235,,,
chk10,c_pat,joint,,OPTIMAL,21.673,8226,235,[235],12,760,7452,3103,0,14,1448,frontEnd=mixed_sil_doer_checker;rasta=low_sil_doer_checker;powspec=none;audspec=one_of_two_failover;compJah=mixed_sil_doer_checker;rastaFilter=one_of_two_failover;backEnd=low_sil_doer_checker,True,,,,,,,235,,,
chk10,c_pat,PFmin,,OPTIMAL,9.408,4610,340,[340],7,708,3896,922,0,6,1035,frontEnd=two_of_two_high_sil;rasta=none;powspec=none;audspec=none;compJah=two_of_two_high_sil;rastaFilter=none;backEnd=low_sil_doer_checker,True,True,,,,,,340,,,
chk10,c_pat,PFmax,,OPTIMAL,9.667,5285,340,[340],8,719,4560,1586,0,6,1107,frontEnd=two_of_two_high_sil;rasta=none;powspec=none;audspec=none;compJah=two_of_two_high_sil;rastaFilter=none;backEnd=low_sil_diverse_doer_checker,True,True,,,,,,340,,,
chk10,c_pat,PFlight,,OPTIMAL,13.502,5566,235,[235],10,741,4819,1845,0,6,1336,frontEnd=high_sil_isolated_checker;rasta=none;powspec=none;audspec=none;compJah=high_sil_isolated_checker;rastaFilter=none;backEnd=low_sil_doer_checker,True,True,,,,,,235,,,
chk10,c_pat,PFcheap,,OPTIMAL,10.725,5011,235,[235],10,738,4267,1293,0,6,1304,frontEnd=high_sil_isolated_checker;rasta=none;powspec=none;audspec=none;compJah=high_sil_isolated_checker;rastaFilter=none;backEnd=low_sil_doer_checker,True,True,,,,,,235,,,
chk10,c_pat,NP,,OPTIMAL,17.197,4615,235,[235],13,771,3831,0,0,13,1520,frontEnd=mixed_sil_doer_checker;rasta=none;powspec=one_of_two_failover;audspec=low_sil_doer_checker;compJah=high_sil_isolated_checker;rastaFilter=one_of_two_failover;backEnd=low_sil_doer_checker,True,,,,,,,235,,,
chk10,pc_sobel,joint,,OPTIMAL,2.822,4187,282,[282],3,36,4144,2025,0,7,519,get_pixel=mixed_sil_doer_checker;gx=low_sil_diverse_doer_checker;gy=low_sil_doer_checker;abs=none,True,,100000,,,,,282,,,
chk10,pc_sobel,PFmin,,OPTIMAL,1.93,3400,512,[512],3,32,3366,1991,0,2,397,get_pixel=two_of_two_high_sil;gx=none;gy=none;abs=none,True,True,100000,,,,,512,,,
chk10,pc_sobel,PFmax,,OPTIMAL,1.918,3400,512,[512],3,32,3366,1991,0,2,397,get_pixel=two_of_two_high_sil;gx=none;gy=none;abs=none,True,True,100000,,,,,512,,,
chk10,pc_sobel,PFlight,,OPTIMAL,2.086,2628,282,[282],3,36,2590,1215,0,2,519,get_pixel=high_sil_isolated_checker;gx=none;gy=none;abs=none,True,True,100000,,,,,282,,,
chk10,pc_sobel,PFcheap,,OPTIMAL,2.045,2628,282,[282],3,36,2590,1215,0,2,519,get_pixel=high_sil_isolated_checker;gx=none;gy=none;abs=none,True,True,100000,,,,,282,,,
chk10,pc_sobel,NP,,OPTIMAL,2.081,2055,282,[282],4,44,2006,0,0,5,570,get_pixel=mixed_sil_doer_checker;gx=one_of_two_failover;gy=none;abs=none,True,,100000,,,,,282,,,
chk10,v_nvp,joint,,OPTIMAL,5.152,10345,235,[235],12,1812,8521,3362,0,12,1900,frontEnd=nvp_three_version;rasta=low_sil_diverse_doer_checker;powspec=none;audspec=none;compJah=nvp_three_version;rastaFilter=none;backEnd=low_sil_diverse_doer_checker,True,,,,,,,235,,,
chk10,v_nvp,PFmin,,OPTIMAL,3.89,8864,235,[235],12,1817,7037,1991,0,10,1892,frontEnd=nvp_three_version;rasta=none;powspec=none;audspec=none;compJah=nvp_three_version;rastaFilter=none;backEnd=low_sil_diverse_doer_checker,True,True,,,,,,235,,,
chk10,v_nvp,PFmax,,OPTIMAL,4.164,8088,235,[235],11,1817,6261,1215,0,10,1810,frontEnd=nvp_three_version;rasta=none;powspec=none;audspec=none;compJah=nvp_three_version;rastaFilter=none;backEnd=low_sil_diverse_doer_checker,True,True,,,,,,235,,,
chk10,v_nvp,PFlight,,OPTIMAL,3.838,8472,235,[235],14,1908,6554,1508,0,10,2242,frontEnd=nvp_three_version;rasta=none;powspec=none;audspec=none;compJah=nvp_three_version;rastaFilter=none;backEnd=low_sil_diverse_doer_checker,True,True,,,,,,235,,,
chk10,v_nvp,PFcheap,,OPTIMAL,4.622,10027,235,[235],13,1833,8184,3138,0,10,1934,frontEnd=nvp_three_version;rasta=none;powspec=none;audspec=none;compJah=nvp_three_version;rastaFilter=none;backEnd=low_sil_diverse_doer_checker,True,True,,,,,,235,,,
chk10,v_nvp,NP,,OPTIMAL,4.683,7247,235,[235],16,1961,5272,0,0,14,2410,frontEnd=nvp_three_version;rasta=low_sil_diverse_doer_checker;powspec=none;audspec=low_sil_diverse_doer_checker;compJah=nvp_three_version;rastaFilter=none;backEnd=low_sil_diverse_doer_checker,True,,,,,,,235,,,
chk50,p_rasta,joint,,OPTIMAL,13.028,7538,255,[255],11,755,6710,2879,60,13,1440,frontEnd=high_sil_isolated_checker;rasta=one_of_two_failover;powspec=none;audspec=one_of_two_failover;compJah=mixed_sil_doer_checker;rastaFilter=one_of_two_failover;backEnd=low_sil_doer_checker,True,,,,,,,255,,,
chk50,p_rasta,PFmin,,OPTIMAL,5.213,4933,340,[340],7,708,4189,1215,30,6,1120,frontEnd=two_of_two_high_sil;rasta=none;powspec=none;audspec=none;compJah=two_of_two_high_sil;rastaFilter=none;backEnd=low_sil_doer_checker,True,True,,,,,,340,,,
chk50,p_rasta,PFmax,,OPTIMAL,5.268,5147,340,[340],8,687,4379,1405,75,6,1052,frontEnd=two_of_two_high_sil;rasta=none;powspec=none;audspec=none;compJah=two_of_two_high_sil;rastaFilter=none;backEnd=low_sil_diverse_doer_checker,True,True,,,,,,340,,,
chk50,p_rasta,PFlight,,OPTIMAL,4.841,4583,255,[255],9,733,3784,810,60,6,1296,frontEnd=high_sil_isolated_checker;rasta=none;powspec=none;audspec=none;compJah=high_sil_isolated_checker;rastaFilter=none;backEnd=low_sil_doer_checker,True,True,,,,,,255,,,
chk50,p_rasta,PFcheap,,OPTIMAL,5.23,4660,255,[255],9,730,3879,905,45,6,1264,frontEnd=high_sil_isolated_checker;rasta=none;powspec=none;audspec=none;compJah=high_sil_isolated_checker;rastaFilter=none;backEnd=low_sil_doer_checker,True,True,,,,,,255,,,
chk50,p_rasta,NP,,OPTIMAL,9.609,4181,255,[255],12,766,3313,0,90,12,1512,frontEnd=high_sil_isolated_checker;rasta=low_sil_diverse_doer_checker;powspec=one_of_two_failover;audspec=low_sil_doer_checker;compJah=high_sil_isolated_checker;rastaFilter=none;backEnd=low_sil_doer_checker,True,,,,,,,255,,,
chk50,f_random_hw,joint,p_rasta_noiso,OPTIMAL,11.71,6141,255,[255],9,733,5398,2198,0,10,1296,frontEnd=high_sil_isolated_checker;rasta=low_sil_doer_checker;powspec=none;audspec=one_of_two_failover;compJah=high_sil_isolated_checker;rastaFilter=none;backEnd=low_sil_doer_checker,True,,,,,,,255,,,
chk50,f_random_hw,PFmin,p_rasta_noiso,OPTIMAL,5.091,8317,340,[340],7,708,7603,4629,0,6,1120,frontEnd=two_of_two_high_sil;rasta=none;powspec=none;audspec=none;compJah=two_of_two_high_sil;rastaFilter=none;backEnd=low_sil_doer_checker,True,True,,,,,,340,,,
chk50,f_random_hw,PFmax,p_rasta_noiso,OPTIMAL,5.276,4498,340,[340],7,708,3784,810,0,6,1120,frontEnd=two_of_two_high_sil;rasta=none;powspec=none;audspec=none;compJah=two_of_two_high_sil;rastaFilter=none;backEnd=low_sil_diverse_doer_checker,True,True,,,,,,340,,,
chk50,f_random_hw,PFlight,p_rasta_noiso,OPTIMAL,5.074,4603,255,[255],9,701,3896,922,0,6,1156,frontEnd=high_sil_isolated_checker;rasta=none;powspec=none;audspec=none;compJah=high_sil_isolated_checker;rastaFilter=none;backEnd=low_sil_doer_checker,True,True,,,,,,255,,,
chk50,f_random_hw,PFcheap,p_rasta_noiso,OPTIMAL,4.863,5293,255,[255],9,727,4560,1586,0,6,1232,frontEnd=high_sil_isolated_checker;rasta=none;powspec=none;audspec=none;compJah=high_sil_isolated_checker;rastaFilter=none;backEnd=low_sil_doer_checker,True,True,,,,,,255,,,
chk50,f_random_hw,NP,p_rasta_noiso,OPTIMAL,6.682,5014,255,[255],12,766,4236,0,0,12,1512,frontEnd=mixed_sil_doer_checker;rasta=none;powspec=none;audspec=low_sil_doer_checker;compJah=mixed_sil_doer_checker;rastaFilter=one_of_two_failover;backEnd=low_sil_doer_checker,True,,,,,,,255,,,
chk50,d_random_hw,joint,,OPTIMAL,6.305,3942,255,[255],11,755,3175,1034,0,12,1440,frontEnd=low_sil_doer_checker;rasta=one_of_two_failover;powspec=none;audspec=low_sil_doer_checker;compJah=low_sil_doer_checker;rastaFilter=one_of_two_failover;backEnd=low_sil_doer_checker,True,,,,,,,255,,,
chk50,d_random_hw,PFmin,,OPTIMAL,3.404,2762,255,[255],9,730,2026,224,0,6,1264,frontEnd=low_sil_doer_checker;rasta=none;powspec=none;audspec=none;compJah=low_sil_doer_checker;rastaFilter=none;backEnd=low_sil_doer_checker,True,True,,,,,,255,,,
chk50,d_random_hw,PFmax,,OPTIMAL,3.429,2773,255,[255],10,741,2026,224,0,6,1336,frontEnd=low_sil_diverse_doer_checker;rasta=none;powspec=none;audspec=none;compJah=low_sil_diverse_doer_checker;rastaFilter=none;backEnd=low_sil_diverse_doer_checker,True,True,,,,,,255,,,
chk50,d_random_hw,PFlight,,OPTIMAL,3.856,3868,255,[255],9,733,3129,1327,0,6,1296,frontEnd=low_sil_doer_checker;rasta=none;powspec=none;audspec=none;compJah=low_sil_doer_checker;rastaFilter=none;backEnd=low_sil_doer_checker,True,True,,,,,,255,,,
chk50,d_random_hw,PFcheap,,OPTIMAL,3.215,3181,255,[255],10,744,2431,629,0,6,1368,frontEnd=low_sil_doer_checker;rasta=none;powspec=none;audspec=none;compJah=low_sil_doer_checker;rastaFilter=none;backEnd=low_sil_doer_checker,True,True,,,,,,255,,,
chk50,d_random_hw,NP,,OPTIMAL,5.117,2772,255,[255],12,734,2028,0,0,10,1202,frontEnd=low_sil_doer_checker;rasta=one_of_two_failover;powspec=none;audspec=low_sil_diverse_doer_checker;compJah=low_sil_doer_checker;rastaFilter=none;backEnd=low_sil_doer_checker,True,,,,,,,255,,,
chk50,d_systematic_sw,joint,p_sw,OPTIMAL,3.488,5212,255,[255],7,682,4526,2611,0,4,1044,frontEnd=same_cpu_doer_checker;rasta=same_cpu_doer_checker;powspec=none;audspec=none;compJah=same_cpu_doer_checker;rastaFilter=none;backEnd=same_cpu_doer_checker,True,,,,,,,255,,,
chk50,d_systematic_sw,PFmin,p_sw,OPTIMAL,2.221,2711,255,[255],7,682,2026,224,0,3,1044,frontEnd=same_cpu_doer_checker;rasta=none;powspec=none;audspec=none;compJah=same_cpu_doer_checker;rastaFilter=none;backEnd=same_cpu_doer_checker,True,True,,,,,,255,,,
chk50,d_systematic_sw,PFmax,p_sw,OPTIMAL,2.469,4836,272,[272],10,744,4086,2284,0,6,1198,frontEnd=low_sil_diverse_doer_checker;rasta=none;powspec=none;audspec=none;compJah=low_sil_diverse_doer_checker;rastaFilter=none;backEnd=low_sil_diverse_doer_checker,True,True,,,,,,272,,,
chk50,d_systematic_sw,PFlight,p_sw,OPTIMAL,2.159,2671,255,[255],6,642,2026,224,0,3,864,frontEnd=same_cpu_doer_checker;rasta=none;powspec=none;audspec=none;compJah=same_cpu_doer_checker;rastaFilter=none;backEnd=same_cpu_doer_checker,True,True,,,,,,255,,,
chk50,d_systematic_sw,PFcheap,p_sw,OPTIMAL,2.189,2711,255,[255],7,682,2026,224,0,3,1044,frontEnd=same_cpu_doer_checker;rasta=none;powspec=none;audspec=none;compJah=same_cpu_doer_checker;rastaFilter=none;backEnd=same_cpu_doer_checker,True,True,,,,,,255,,,
chk50,d_systematic_sw,NP,p_sw,OPTIMAL,2.532,2602,255,[255],7,682,1915,0,0,5,1044,frontEnd=same_cpu_doer_checker;rasta=low_sil_diverse_doer_checker;powspec=none;audspec=none;compJah=same_cpu_doer_checker;rastaFilter=none;backEnd=same_cpu_doer_checker,True,,,,,,,255,,,
chk50,f_sw3,joint,,OPTIMAL,6.833,5727,255,[255],10,1208,4511,388,0,8,1386,frontEnd=mixed_sil_doer_checker;rasta=none;powspec=none;audspec=same_cpu_doer_checker;compJah=mixed_sil_doer_checker;rastaFilter=none;backEnd=same_cpu_doer_checker,True,,,,,,,255,,,
chk50,f_sw3,PFmin,,OPTIMAL,3.225,6028,365,[365],7,1170,4853,1879,0,5,1200,frontEnd=two_of_two_high_sil;rasta=none;powspec=none;audspec=none;compJah=two_of_two_high_sil;rastaFilter=none;backEnd=same_cpu_doer_checker,True,True,,,,,,365,,,
chk50,f_sw3,PFmax,,OPTIMAL,3.173,6411,365,[365],8,1225,5180,2206,0,6,1290,frontEnd=two_of_two_high_sil;rasta=none;powspec=none;audspec=none;compJah=two_of_two_high_sil;rastaFilter=none;backEnd=low_sil_diverse_doer_checker,True,True,,,,,,365,,,
chk50,f_sw3,PFlight,,OPTIMAL,3.298,5163,365,[365],9,1260,3897,405,0,6,1500,frontEnd=mixed_sil_doer_checker;rasta=none;powspec=none;audspec=none;compJah=two_of_two_high_sil;rastaFilter=none;backEnd=same_cpu_doer_checker,True,True,,,,,,365,,,
chk50,f_sw3,PFcheap,,OPTIMAL,3.267,5497,365,[365],8,1191,4301,1327,0,5,1127,frontEnd=two_of_two_high_sil;rasta=none;powspec=none;audspec=none;compJah=two_of_two_high_sil;rastaFilter=none;backEnd=same_cpu_doer_checker,True,True,,,,,,365,,,
chk50,f_sw3,NP,,OPTIMAL,3.605,5443,255,[255],11,1311,4123,0,0,9,1752,frontEnd=mixed_sil_doer_checker;rasta=same_cpu_doer_checker;powspec=none;audspec=none;compJah=mixed_sil_doer_checker;rastaFilter=none;backEnd=low_sil_diverse_doer_checker,True,,,,,,,255,,,
chk50,f_both3,joint,,OPTIMAL,6.632,8017,255,[255],12,1356,6649,2413,0,12,1902,frontEnd=mixed_sil_doer_checker;rasta=low_sil_diverse_doer_checker;powspec=none;audspec=low_sil_diverse_doer_checker;compJah=mixed_sil_doer_checker;rastaFilter=none;backEnd=low_sil_diverse_doer_checker,True,,,,,,,255,,,
chk50,f_both3,PFmin,,OPTIMAL,3.526,5905,365,[365],10,1305,4594,1620,0,6,1480,frontEnd=two_of_two_high_sil;rasta=none;powspec=none;audspec=none;compJah=two_of_two_high_sil;rastaFilter=none;backEnd=low_sil_diverse_doer_checker,True,True,,,,,,365,,,
chk50,f_both3,PFmax,,OPTIMAL,3.557,5533,365,[365],9,1226,4301,1327,0,6,1337,frontEnd=two_of_two_high_sil;rasta=none;powspec=none;audspec=none;compJah=two_of_two_high_sil;rastaFilter=none;backEnd=low_sil_diverse_doer_checker,True,True,,,,,,365,,,
chk50,f_both3,PFlight,,OPTIMAL,3.474,6807,365,[365],10,1300,5500,2008,0,7,1595,frontEnd=mixed_sil_doer_checker;rasta=none;powspec=none;audspec=none;compJah=two_of_two_high_sil;rastaFilter=none;backEnd=low_sil_diverse_doer_checker,True,True,,,,,,365,,,
chk50,f_both3,PFcheap,,OPTIMAL,3.467,6839,365,[365],9,1265,5568,2594,0,6,1470,frontEnd=two_of_two_high_sil;rasta=none;powspec=none;audspec=none;compJah=two_of_two_high_sil;rastaFilter=none;backEnd=low_sil_diverse_doer_checker,True,True,,,,,,365,,,
chk50,f_both3,NP,,OPTIMAL,3.847,5489,255,[255],12,1356,4123,0,0,10,1817,frontEnd=mixed_sil_doer_checker;rasta=low_sil_diverse_doer_checker;powspec=none;audspec=none;compJah=mixed_sil_doer_checker;rastaFilter=none;backEnd=low_sil_diverse_doer_checker,True,,,,,,,255,,,
chk50,c_pat,joint,,OPTIMAL,19.102,7584,255,[255],11,752,6821,3103,0,11,1408,frontEnd=mixed_sil_doer_checker;rasta=low_sil_diverse_doer_checker;powspec=none;audspec=low_sil_doer_checker;compJah=high_sil_isolated_checker;rastaFilter=none;backEnd=low_sil_doer_checker,True,,,,,,,255,,,
chk50,c_pat,PFmin,,OPTIMAL,10.121,5014,340,[340],9,724,4284,1310,0,6,1115,frontEnd=two_of_two_high_sil;rasta=none;powspec=none;audspec=none;compJah=two_of_two_high_sil;rastaFilter=none;backEnd=low_sil_doer_checker,True,True,,,,,,340,,,
chk50,c_pat,PFmax,,OPTIMAL,9.403,5980,340,[340],8,716,5258,2284,0,6,990,frontEnd=two_of_two_high_sil;rasta=none;powspec=none;audspec=none;compJah=two_of_two_high_sil;rastaFilter=none;backEnd=low_sil_diverse_doer_checker,True,True,,,,,,340,,,
chk50,c_pat,PFlight,,OPTIMAL,11.175,6181,255,[255],10,744,5431,2457,0,6,1368,frontEnd=high_sil_isolated_checker;rasta=none;powspec=none;audspec=none;compJah=high_sil_isolated_checker;rastaFilter=none;backEnd=low_sil_doer_checker,True,True,,,,,,255,,,
chk50,c_pat,PFcheap,,OPTIMAL,10.024,4635,255,[255],9,733,3896,922,0,6,1296,frontEnd=high_sil_isolated_checker;rasta=none;powspec=none;audspec=none;compJah=high_sil_isolated_checker;rastaFilter=none;backEnd=low_sil_doer_checker,True,True,,,,,,255,,,
chk50,c_pat,NP,,OPTIMAL,13.345,4618,255,[255],13,774,3831,0,0,13,1552,frontEnd=mixed_sil_doer_checker;rasta=low_sil_doer_checker;powspec=none;audspec=one_of_two_failover;compJah=high_sil_isolated_checker;rastaFilter=one_of_two_failover;backEnd=low_sil_doer_checker,True,,,,,,,255,,,
chk50,pc_sobel,joint,,OPTIMAL,2.725,6133,384,[384],4,42,6084,3965,0,7,497,get_pixel=mixed_sil_doer_checker;gx=one_of_two_failover;gy=one_of_two_failover;abs=none,True,,100000,,,,,384,,,
chk50,pc_sobel,PFmin,,OPTIMAL,1.957,3404,512,[512],3,36,3366,1991,0,2,519,get_pixel=two_of_two_high_sil;gx=none;gy=none;abs=none,True,True,100000,,,,,512,,,
chk50,pc_sobel,PFmax,,OPTIMAL,1.938,2628,512,[512],3,36,2590,1215,0,2,519,get_pixel=two_of_two_high_sil;gx=none;gy=none;abs=none,True,True,100000,,,,,512,,,
chk50,pc_sobel,PFlight,,OPTIMAL,2.049,2628,384,[384],3,36,2590,1215,0,2,519,get_pixel=high_sil_isolated_checker;gx=none;gy=none;abs=none,True,True,100000,,,,,384,,,
chk50,pc_sobel,PFcheap,,OPTIMAL,2.014,2628,384,[384],3,36,2590,1215,0,2,519,get_pixel=high_sil_isolated_checker;gx=none;gy=none;abs=none,True,True,100000,,,,,384,,,
chk50,pc_sobel,NP,,OPTIMAL,1.987,1790,384,[384],7,68,1714,0,0,8,712,get_pixel=high_sil_isolated_checker;gx=low_sil_diverse_doer_checker;gy=low_sil_diverse_doer_checker;abs=low_sil_diverse_doer_checker,True,,100000,,,,,384,,,
chk50,v_nvp,joint,,OPTIMAL,5.978,8331,235,[235],14,1945,6374,1215,0,12,2245,frontEnd=nvp_three_version;rasta=none;powspec=none;audspec=low_sil_diverse_doer_checker;compJah=nvp_three_version;rastaFilter=none;backEnd=low_sil_diverse_doer_checker,True,,,,,,,235,,,
chk50,v_nvp,PFmin,,OPTIMAL,4.764,7824,235,[235],12,1846,5968,922,0,10,2000,frontEnd=nvp_three_version;rasta=none;powspec=none;audspec=none;compJah=nvp_three_version;rastaFilter=none;backEnd=low_sil_diverse_doer_checker,True,True,,,,,,235,,,
chk50,v_nvp,PFmax,,OPTIMAL,3.865,11845,235,[235],11,1772,10063,5017,0,10,1742,frontEnd=nvp_three_version;rasta=none;powspec=none;audspec=none;compJah=nvp_three_version;rastaFilter=none;backEnd=low_sil_diverse_doer_checker,True,True,,,,,,235,,,
chk50,v_nvp,PFlight,,OPTIMAL,3.975,6955,235,[235],13,1899,5046,0,0,10,1960,frontEnd=nvp_three_version;rasta=none;powspec=none;audspec=none;compJah=nvp_three_version;rastaFilter=none;backEnd=low_sil_diverse_doer_checker,True,True,,,,,,235,,,
chk50,v_nvp,PFcheap,,OPTIMAL,5.163,8151,235,[235],13,1897,6244,1198,0,10,2170,frontEnd=nvp_three_version;rasta=none;powspec=none;audspec=none;compJah=nvp_three_version;rastaFilter=none;backEnd=low_sil_diverse_doer_checker,True,True,,,,,,235,,,
chk50,v_nvp,NP,,OPTIMAL,3.93,7239,235,[235],15,1953,5272,0,0,14,2307,frontEnd=nvp_three_version;rasta=low_sil_diverse_doer_checker;powspec=none;audspec=low_sil_diverse_doer_checker;compJah=nvp_three_version;rastaFilter=none;backEnd=low_sil_diverse_doer_checker,True,,,,,,,235,,,
base,p_rasta,SL,,OPTIMAL,8.464,5947,235,[235],12,766,5140,1422,30,11,1512,frontEnd=high_sil_isolated_checker;rasta=one_of_two_failover;powspec=none;audspec=low_sil_doer_checker;compJah=mixed_sil_doer_checker;rastaFilter=none;backEnd=low_sil_diverse_doer_checker,True,True,,OPTIMAL,2.614,2133,True,235,,,
base,f_random_hw,SL,p_rasta_noiso,OPTIMAL,9.024,6683,235,[235],11,755,5916,2603,0,12,1440,frontEnd=high_sil_isolated_checker;rasta=one_of_two_failover;powspec=none;audspec=one_of_two_failover;compJah=high_sil_isolated_checker;rastaFilter=one_of_two_failover;backEnd=low_sil_diverse_doer_checker,True,True,,OPTIMAL,2.741,2133,True,235,,,
base,d_random_hw,SL,,OPTIMAL,7.357,3194,255,[255],12,708,2476,448,0,10,1296,frontEnd=low_sil_diverse_doer_checker;rasta=none;powspec=none;audspec=one_of_two_failover;compJah=low_sil_diverse_doer_checker;rastaFilter=one_of_two_failover;backEnd=low_sil_diverse_doer_checker,True,True,,OPTIMAL,2.95,1391,True,255,,,
base,d_systematic_sw,SL,p_sw,OPTIMAL,3.972,2565,255,[255],9,646,1914,112,0,5,972,frontEnd=low_sil_diverse_doer_checker;rasta=none;powspec=none;audspec=none;compJah=low_sil_diverse_doer_checker;rastaFilter=none;backEnd=same_cpu_doer_checker,True,True,,OPTIMAL,2.994,1391,True,255,,,
base,f_sw3,SL,,OPTIMAL,5.665,8562,235,[235],12,1254,7296,3060,0,12,1583,frontEnd=mixed_sil_doer_checker;rasta=low_sil_diverse_doer_checker;powspec=none;audspec=low_sil_diverse_doer_checker;compJah=mixed_sil_doer_checker;rastaFilter=none;backEnd=low_sil_diverse_doer_checker,True,True,,OPTIMAL,3.599,2133,True,235,,,
base,f_both3,SL,,OPTIMAL,4.527,5935,235,[235],11,1219,4708,698,0,8,1458,frontEnd=mixed_sil_doer_checker;rasta=none;powspec=none;audspec=none;compJah=mixed_sil_doer_checker;rastaFilter=none;backEnd=low_sil_diverse_doer_checker,True,True,,OPTIMAL,3.025,2133,True,235,,,
base,c_pat,SL,,OPTIMAL,15.421,7571,235,[235],11,755,6804,3491,0,12,1440,frontEnd=high_sil_isolated_checker;rasta=one_of_two_failover;powspec=none;audspec=low_sil_doer_checker;compJah=high_sil_isolated_checker;rastaFilter=one_of_two_failover;backEnd=low_sil_doer_checker,True,True,,OPTIMAL,6.825,2133,True,235,,,
base,pc_sobel,SL,,OPTIMAL,4.651,3136,333,[333],2,24,3108,1620,0,4,346,get_pixel=high_sil_isolated_checker;gx=one_of_two_failover;gy=none;abs=none,True,True,100000,OPTIMAL,2.711,881,True,333,,,
base,v_nvp,SL,,OPTIMAL,4.683,7895,235,[235],13,1770,6115,1069,0,10,1748,frontEnd=nvp_three_version;rasta=none;powspec=none;audspec=none;compJah=nvp_three_version;rastaFilter=none;backEnd=low_sil_diverse_doer_checker,True,True,,OPTIMAL,3.222,2133,True,235,,,
tok2,p_rasta,SL,,OPTIMAL,9.775,6080,235,[235],11,755,5236,1810,75,14,1440,frontEnd=two_of_two_high_sil;rasta=one_of_two_failover;powspec=low_sil_doer_checker;audspec=low_sil_doer_checker;compJah=two_of_two_high_sil;rastaFilter=low_sil_doer_checker;backEnd=low_sil_diverse_doer_checker,True,True,,OPTIMAL,2.626,2133,True,235,,,
tok2,f_random_hw,SL,p_rasta_noiso,OPTIMAL,8.995,7032,235,[235],12,763,6254,2310,0,15,1480,frontEnd=two_of_two_high_sil;rasta=low_sil_doer_checker;powspec=low_sil_doer_checker;audspec=low_sil_doer_checker;compJah=mixed_sil_doer_checker;rastaFilter=low_sil_doer_checker;backEnd=low_sil_diverse_doer_checker,True,True,,OPTIMAL,2.912,2133,True,235,,,
tok2,d_random_hw,SL,,OPTIMAL,5.072,3237,235,[235],13,748,2477,336,0,12,1221,frontEnd=low_sil_diverse_doer_checker;rasta=low_sil_doer_checker;powspec=none;audspec=low_sil_doer_checker;compJah=low_sil_diverse_doer_checker;rastaFilter=low_sil_doer_checker;backEnd=low_sil_diverse_doer_checker,True,True,,OPTIMAL,2.958,1391,True,235,,,
tok2,d_systematic_sw,SL,p_sw,OPTIMAL,3.91,5435,235,[235],12,737,4684,2430,0,14,1404,frontEnd=low_sil_diverse_doer_checker;rasta=low_sil_diverse_doer_checker;powspec=low_sil_diverse_doer_checker;audspec=low_sil_diverse_doer_checker;compJah=low_sil_diverse_doer_checker;rastaFilter=low_sil_diverse_doer_checker;backEnd=low_sil_diverse_doer_checker,True,True,,OPTIMAL,2.893,1391,True,235,,,
tok2,f_sw3,SL,,OPTIMAL,4.379,5224,235,[235],11,1224,3992,905,0,8,1428,frontEnd=two_of_two_high_sil;rasta=low_sil_diverse_doer_checker;powspec=none;audspec=none;compJah=two_of_two_high_sil;rastaFilter=none;backEnd=low_sil_diverse_doer_checker,True,True,,OPTIMAL,2.901,2133,True,235,,,
tok2,f_both3,SL,,OPTIMAL,4.305,6280,235,[235],12,1259,5011,888,0,10,1638,frontEnd=mixed_sil_doer_checker;rasta=low_sil_diverse_doer_checker;powspec=none;audspec=none;compJah=mixed_sil_doer_checker;rastaFilter=none;backEnd=low_sil_diverse_doer_checker,True,True,,OPTIMAL,2.838,2133,True,235,,,
tok2,c_pat,SL,,OPTIMAL,15.135,5671,235,[235],12,760,4899,1586,0,12,1363,frontEnd=two_of_two_high_sil;rasta=one_of_two_failover;powspec=none;audspec=low_sil_doer_checker;compJah=high_sil_isolated_checker;rastaFilter=low_sil_doer_checker;backEnd=low_sil_doer_checker,True,True,,OPTIMAL,6.502,2133,True,235,,,
tok2,pc_sobel,SL,,OPTIMAL,5.202,6538,256,[256],5,58,6472,4758,0,8,792,get_pixel=two_of_two_high_sil;gx=low_sil_diverse_doer_checker;gy=one_of_two_failover;abs=one_of_two_failover,True,True,100000,OPTIMAL,2.608,881,True,256,,,
tok2,v_nvp,SL,,OPTIMAL,4.977,8654,235,[235],14,1802,6840,1681,0,12,1926,frontEnd=nvp_three_version;rasta=low_sil_diverse_doer_checker;powspec=none;audspec=none;compJah=nvp_three_version;rastaFilter=none;backEnd=low_sil_diverse_doer_checker,True,True,,OPTIMAL,3.138,2133,True,235,,,
chk10,p_rasta,SL,,OPTIMAL,7.963,5365,235,[235],11,755,4510,1310,90,10,1440,frontEnd=high_sil_isolated_checker;rasta=low_sil_doer_checker;powspec=none;audspec=low_sil_doer_checker;compJah=high_sil_isolated_checker;rastaFilter=none;backEnd=low_sil_diverse_doer_checker,True,True,,OPTIMAL,2.442,2133,True,235,,,
chk10,f_random_hw,SL,p_rasta_noiso,OPTIMAL,8.46,6951,235,[235],13,777,6159,2215,0,15,1584,frontEnd=mixed_sil_doer_checker;rasta=low_sil_doer_checker;powspec=one_of_two_failover;audspec=low_sil_doer_checker;compJah=high_sil_isolated_checker;rastaFilter=one_of_two_failover;backEnd=low_sil_diverse_doer_checker,True,True,,OPTIMAL,2.472,2133,True,235,,,
chk10,d_random_hw,SL,,OPTIMAL,5.564,3191,235,[235],12,705,2476,448,0,10,1264,frontEnd=low_sil_diverse_doer_checker;rasta=one_of_two_failover;powspec=none;audspec=low_sil_doer_checker;compJah=low_sil_diverse_doer_checker;rastaFilter=none;backEnd=low_sil_diverse_doer_checker,True,True,,OPTIMAL,2.695,1391,True,235,,,
chk10,d_systematic_sw,SL,p_sw,OPTIMAL,3.467,2595,235,[235],7,566,2026,224,0,3,612,frontEnd=same_cpu_doer_checker;rasta=none;powspec=none;audspec=none;compJah=same_cpu_doer_checker;rastaFilter=none;backEnd=same_cpu_doer_checker,True,True,,OPTIMAL,2.654,1391,True,235,,,
chk10,f_sw3,SL,,OPTIMAL,4.544,6223,235,[235],10,1165,5046,810,0,12,1212,frontEnd=mixed_sil_doer_checker;rasta=low_sil_diverse_doer_checker;powspec=none;audspec=low_sil_diverse_doer_checker;compJah=mixed_sil_doer_checker;rastaFilter=none;backEnd=low_sil_diverse_doer_checker,True,True,,OPTIMAL,2.857,2133,True,235,,,
chk10,f_both3,SL,,OPTIMAL,4.236,5274,235,[235],12,1256,4010,0,0,8,1606,frontEnd=mixed_sil_doer_checker;rasta=none;powspec=none;audspec=none;compJah=mixed_sil_doer_checker;rastaFilter=none;backEnd=low_sil_diverse_doer_checker,True,True,,OPTIMAL,2.787,2133,True,235,,,
chk10,c_pat,SL,,OPTIMAL,14.591,5503,235,[235],13,774,4718,1000,0,11,1552,frontEnd=mixed_sil_doer_checker;rasta=low_sil_doer_checker;powspec=none;audspec=low_sil_doer_checker;compJah=high_sil_isolated_checker;rastaFilter=none;backEnd=low_sil_doer_checker,True,True,,OPTIMAL,6.136,2133,True,235,,,
chk10,pc_sobel,SL,,OPTIMAL,4.952,4586,282,[282],4,46,4532,2818,0,8,619,get_pixel=high_sil_isolated_checker;gx=low_sil_diverse_doer_checker;gy=low_sil_diverse_doer_checker;abs=one_of_two_failover,True,True,100000,OPTIMAL,2.643,881,True,282,,,
chk10,v_nvp,SL,,OPTIMAL,4.834,7890,235,[235],14,1794,6082,810,0,14,1924,frontEnd=nvp_three_version;rasta=low_sil_diverse_doer_checker;powspec=none;audspec=low_sil_diverse_doer_checker;compJah=nvp_three_version;rastaFilter=none;backEnd=low_sil_diverse_doer_checker,True,True,,OPTIMAL,3.212,2133,True,235,,,
chk50,p_rasta,SL,,OPTIMAL,7.459,5550,255,[255],11,726,4769,1569,45,10,1332,frontEnd=high_sil_isolated_checker;rasta=one_of_two_failover;powspec=none;audspec=low_sil_doer_checker;compJah=high_sil_isolated_checker;rastaFilter=none;backEnd=low_sil_diverse_doer_checker,True,True,,OPTIMAL,2.385,2133,True,255,,,
chk50,f_random_hw,SL,p_rasta_noiso,OPTIMAL,7.795,6125,255,[255],12,766,5347,2034,0,12,1512,frontEnd=high_sil_isolated_checker;rasta=low_sil_doer_checker;powspec=none;audspec=low_sil_doer_checker;compJah=high_sil_isolated_checker;rastaFilter=one_of_two_failover;backEnd=low_sil_diverse_doer_checker,True,True,,OPTIMAL,2.482,2133,True,255,,,
chk50,d_random_hw,SL,,OPTIMAL,5.643,5260,289,[289],12,734,4512,2258,0,14,1287,frontEnd=low_sil_diverse_doer_checker;rasta=one_of_two_failover;powspec=one_of_two_failover;audspec=one_of_two_failover;compJah=low_sil_diverse_doer_checker;rastaFilter=one_of_two_failover;backEnd=low_sil_diverse_doer_checker,True,True,,OPTIMAL,2.623,1391,True,289,,,
chk50,d_systematic_sw,SL,p_sw,OPTIMAL,3.535,3057,289,[289],11,726,2321,293,0,10,1162,frontEnd=low_sil_diverse_doer_checker;rasta=low_sil_diverse_doer_checker;powspec=none;audspec=low_sil_diverse_doer_checker;compJah=low_sil_diverse_doer_checker;rastaFilter=none;backEnd=low_sil_diverse_doer_checker,True,True,,OPTIMAL,2.633,1391,True,289,,,
chk50,f_sw3,SL,,OPTIMAL,4.569,7605,255,[255],12,1254,6339,2103,0,12,1498,frontEnd=mixed_sil_doer_checker;rasta=low_sil_diverse_doer_checker;powspec=none;audspec=low_sil_diverse_doer_checker;compJah=mixed_sil_doer_checker;rastaFilter=none;backEnd=low_sil_diverse_doer_checker,True,True,,OPTIMAL,2.802,2133,True,255,,,
chk50,f_both3,SL,,OPTIMAL,4.501,7521,255,[255],13,1299,6210,1974,0,12,1818,frontEnd=mixed_sil_doer_checker;rasta=low_sil_diverse_doer_checker;powspec=none;audspec=low_sil_diverse_doer_checker;compJah=mixed_sil_doer_checker;rastaFilter=none;backEnd=low_sil_diverse_doer_checker,True,True,,OPTIMAL,2.731,2133,True,255,,,
chk50,c_pat,SL,,OPTIMAL,13.629,7359,255,[255],13,771,6573,2629,0,15,1520,frontEnd=high_sil_isolated_checker;rasta=low_sil_doer_checker;powspec=one_of_two_failover;audspec=low_sil_doer_checker;compJah=mixed_sil_doer_checker;rastaFilter=one_of_two_failover;backEnd=low_sil_doer_checker,True,True,,OPTIMAL,6.155,2133,True,255,,,
chk50,pc_sobel,SL,,OPTIMAL,4.718,3613,384,[384],3,32,3575,1974,0,6,397,get_pixel=high_sil_isolated_checker;gx=none;gy=one_of_two_failover;abs=one_of_two_failover,True,True,100000,OPTIMAL,2.552,881,True,384,,,
chk50,v_nvp,SL,,OPTIMAL,4.716,8728,235,[235],15,1856,6858,1586,0,14,2128,frontEnd=nvp_three_version;rasta=low_sil_diverse_doer_checker;powspec=none;audspec=low_sil_diverse_doer_checker;compJah=nvp_three_version;rastaFilter=none;backEnd=low_sil_diverse_doer_checker,True,True,,OPTIMAL,3.18,2133,True,235,,,
