set,tag,param,index,stage,status,seconds,max_rss_mb,fzn_bytes,fzn_vars,fzn_constraints
rq3,actorsweep_n24_i1,24,1,THROUGHPUT,OK,8.42,171.3,20335822,43195,63815
rq3,actorsweep_n24_i1,24,1,TOTALCOST,OK,8.41,171.3,20337482,43196,63816
rq3,actorsweep_n24_i2,24,2,THROUGHPUT,OK,7.53,148.0,17394557,38432,56634
rq3,actorsweep_n24_i2,24,2,TOTALCOST,OK,7.21,148.1,17396126,38433,56635
rq3,actorsweep_n24_i3,24,3,THROUGHPUT,OK,8.32,173.0,20342216,43219,63868
rq3,actorsweep_n24_i3,24,3,TOTALCOST,OK,8.43,172.7,20343875,43220,63869
rq3,actorsweep_n24_i4,24,4,THROUGHPUT,OK,8.51,171.2,20331353,43194,63787
rq3,actorsweep_n24_i4,24,4,TOTALCOST,OK,8.52,172.7,20333013,43195,63788
rq3,actorsweep_n32_i0,32,0,THROUGHPUT,OK,9.61,196.6,23573930,48193,71325
rq3,actorsweep_n32_i0,32,0,TOTALCOST,OK,10.01,197.0,23575680,48194,71326
rq3,actorsweep_n32_i1,32,1,THROUGHPUT,OK,27.21,304.7,40934916,72419,107963
rq3,actorsweep_n32_i1,32,1,TOTALCOST,OK,27.16,304.6,40937055,72420,107964
rq3,actorsweep_n32_i2,32,2,THROUGHPUT,OK,15.84,274.2,36204460,66209,98585
rq3,actorsweep_n32_i2,32,2,TOTALCOST,OK,15.5,271.9,36206498,66210,98586
rq3,actorsweep_n32_i3,32,3,THROUGHPUT,OK,16.87,292.2,38997503,69910,104206
rq3,actorsweep_n32_i4,32,4,THROUGHPUT,OK,13.91,242.4,31878138,60287,89626
rq3,actorsweep_n32_i4,32,4,TOTALCOST,OK,13.78,244.2,31880086,60288,89627
rq3,actorsweep_n48_i0,48,0,THROUGHPUT,OK,61.91,736.1,115741044,149448,225180
rq3,actorsweep_n48_i1,48,1,THROUGHPUT,OK,62.76,736.0,115746654,149455,225221
rq3,actorsweep_n48_i2,48,2,THROUGHPUT,OK,56.84,711.9,109945760,144097,217001
rq3,actorsweep_n48_i3,48,3,THROUGHPUT,OK,43.32,613.6,95283476,130172,195725
rq3,actorsweep_n48_i4,48,4,THROUGHPUT,OK,62.57,735.9,115749517,149460,225239
rq3,actorsweep_n64_i0,64,0,THROUGHPUT,OK,138.99,1543.6,251789177,258810,392226
rq3,actorsweep_n64_i1,64,1,THROUGHPUT,OK,138.69,1543.6,251797129,258817,392288
rq3,actorsweep_n64_i2,64,2,THROUGHPUT,OK,142.18,1587.9,258470275,263641,399570
rq3,actorsweep_n64_i3,64,3,THROUGHPUT,OK,142.21,1587.9,258477797,263654,399642
rq3,actorsweep_n64_i4,64,4,THROUGHPUT,OK,118.69,1340.0,217103403,233209,353086
rq3,catsweep_k3_i0,3,0,THROUGHPUT,OK,1.52,59.1,3866205,12030,17000
rq3,catsweep_k3_i0,3,0,TOTALCOST,OK,1.49,58.7,3866380,12031,17001
rq3,catsweep_k3_i1,3,1,THROUGHPUT,OK,1.94,68.9,5026527,14772,21035
rq3,catsweep_k3_i1,3,1,TOTALCOST,OK,1.91,63.9,5029947,14785,21054
rq3,catsweep_k3_i2,3,2,THROUGHPUT,OK,1.88,68.7,5026029,14773,21034
rq3,catsweep_k3_i2,3,2,TOTALCOST,OK,1.99,64.0,5029449,14786,21053
rq3,catsweep_k3_i3,3,3,THROUGHPUT,OK,1.88,68.8,5026642,14773,21035
rq3,catsweep_k3_i3,3,3,TOTALCOST,OK,1.91,64.1,5030062,14786,21054
rq3,catsweep_k3_i4,3,4,THROUGHPUT,OK,1.96,63.9,5028809,14785,21047
rq3,catsweep_k3_i4,3,4,TOTALCOST,OK,1.9,64.0,5028980,14786,21048
rq3,catsweep_k5_i0,5,0,THROUGHPUT,OK,2.95,88.5,8364822,22023,31946
rq3,catsweep_k5_i0,5,0,TOTALCOST,OK,2.96,88.4,8366016,22024,31947
rq3,catsweep_k5_i1,5,1,THROUGHPUT,OK,2.13,70.9,5850002,16695,23849
rq3,catsweep_k5_i1,5,1,TOTALCOST,OK,2.29,70.7,5851044,16696,23850
rq3,catsweep_k5_i2,5,2,THROUGHPUT,OK,3.14,91.3,8715783,22734,32999
rq3,catsweep_k5_i2,5,2,TOTALCOST,OK,3.12,91.4,8716997,22735,33000
rq3,catsweep_k5_i3,5,3,THROUGHPUT,OK,3.17,91.2,8712908,22735,32975
rq3,catsweep_k5_i3,5,3,TOTALCOST,OK,3.11,91.4,8714121,22736,32976
rq3,catsweep_k5_i4,5,4,THROUGHPUT,OK,2.98,88.7,8367727,22025,31965
rq3,catsweep_k5_i4,5,4,TOTALCOST,OK,2.94,88.5,8368921,22026,31966
rq3,catsweep_k9_i0,9,0,THROUGHPUT,OK,8.57,172.8,20331723,43189,63783
rq3,catsweep_k9_i0,9,0,TOTALCOST,OK,8.48,171.4,20333383,43190,63784
rq3,catsweep_k9_i1,9,1,THROUGHPUT,OK,8.43,171.2,20331923,43197,63790
rq3,catsweep_k9_i1,9,1,TOTALCOST,OK,8.43,172.6,20333583,43198,63791
rq3,catsweep_k9_i2,9,2,THROUGHPUT,OK,7.84,161.6,19118082,41251,60849
rq3,catsweep_k9_i2,9,2,TOTALCOST,OK,7.78,161.8,19119705,41252,60850
rq3,catsweep_k9_i3,9,3,THROUGHPUT,OK,3.46,101.2,9846239,25011,36417
rq3,catsweep_k9_i3,9,3,TOTALCOST,OK,3.6,101.9,9847509,25012,36418
rq3,catsweep_k9_i4,9,4,THROUGHPUT,OK,5.15,132.2,14733094,33954,49912
rq3,catsweep_k9_i4,9,4,TOTALCOST,OK,5.11,132.3,14734573,33955,49913
table,p_rasta,,,TOTALCOST,OK,1.03,49.6,2722221,10627,14131
table,f_random_hw,,,TOTALCOST,OK,1.11,49.7,2720544,10614,14124
table,d_random_hw,,,TOTALCOST,OK,0.78,40.9,1548257,6646,8678
table,d_systematic_sw,,,TOTALCOST,OK,0.61,39.7,1109646,4952,6395
table,f_sw3,,,TOTALCOST,OK,0.82,43.1,1798706,7857,10153
table,f_both3,,,TOTALCOST,OK,0.83,43.0,1795853,7841,10143
table,c_pat,,,TOTALCOST,OK,1.89,81.9,4146355,15336,21802
table,pc_sobel,,,TOTALCOST,OK,1.13,57.0,1438778,5456,7915
table,v_nvp,,,TOTALCOST,OK,0.87,43.6,1988814,8768,11313
table,m_3app,,,TOTALCOST,OK,2.44,79.7,6983066,22147,31510
rq3,actorsweep_n8_i0,8,0,THROUGHPUT,OK,0.79,41.7,1680702,6213,8566
rq3,actorsweep_n8_i0,8,0,TOTALCOST,OK,0.84,41.6,1680868,6214,8567
rq3,actorsweep_n8_i1,8,1,THROUGHPUT,OK,0.97,43.7,1941649,7008,9703
rq3,actorsweep_n8_i1,8,1,TOTALCOST,OK,0.87,43.9,1966549,7090,9870
rq3,actorsweep_n8_i2,8,2,THROUGHPUT,OK,0.85,41.7,1679592,6213,8555
rq3,actorsweep_n8_i2,8,2,TOTALCOST,OK,0.84,41.9,1679758,6214,8556
rq3,actorsweep_n8_i3,8,3,THROUGHPUT,OK,0.75,41.5,1328619,5102,6964
rq3,actorsweep_n8_i3,8,3,TOTALCOST,OK,0.69,41.5,1328785,5103,6965
rq3,actorsweep_n8_i4,8,4,THROUGHPUT,OK,0.85,41.7,1680008,6213,8560
rq3,actorsweep_n8_i4,8,4,TOTALCOST,OK,0.84,41.6,1680174,6214,8561
rq3,actorsweep_n16_i0,16,0,THROUGHPUT,OK,2.9,86.4,8042127,21390,31030
rq3,actorsweep_n16_i0,16,0,TOTALCOST,OK,2.92,86.3,8043302,21391,31031
rq3,actorsweep_n16_i1,16,1,THROUGHPUT,OK,2.7,81.4,7380769,20012,28954
rq3,actorsweep_n16_i1,16,1,TOTALCOST,OK,2.71,81.6,7381906,20013,28955
rq3,actorsweep_n16_i2,16,2,THROUGHPUT,OK,2.94,86.0,8041173,21389,31018
rq3,actorsweep_n16_i2,16,2,TOTALCOST,OK,2.97,86.1,8042348,21390,31019
rq3,actorsweep_n16_i3,16,3,THROUGHPUT,OK,2.98,86.5,8039070,21388,31007
rq3,actorsweep_n16_i3,16,3,TOTALCOST,OK,2.91,86.3,8040245,21389,31008
rq3,actorsweep_n16_i4,16,4,THROUGHPUT,OK,2.72,81.7,7381695,20013,28960
rq3,actorsweep_n16_i4,16,4,TOTALCOST,OK,2.68,81.7,7382832,20014,28961
rq3,actorsweep_n24_i0,24,0,THROUGHPUT,OK,5.28,132.3,14730612,33944,49891
rq3,actorsweep_n24_i0,24,0,TOTALCOST,OK,5.12,132.3,14732092,33945,49892
