instance,variant,metric,n,status,seconds,total_cost,mu_max,mu_list,nprocs,hw_cost,dev_cost,promotion_cost,partition_total,pattern_cost,power,patterns,verify_ok,mu_solver,pin_status,pin_seconds,pin_ok
c_pat,tdma,TOTALCOST,71,OPTIMAL,15.111,3349,1137,[1137],5,369,2974,0,0,6,395,frontEnd=high_sil_isolated_checker;rasta=none;powspec=none;audspec=none;compJah=high_sil_isolated_checker;rastaFilter=none;backEnd=low_sil_doer_checker,True,1903,OPTIMAL,1.257,True
c_pat,tdma,THROUGHPUT,71,OPTIMAL,17.968,5476,235,[235],11,749,4717,1517,0,10,1291,frontEnd=high_sil_isolated_checker;rasta=one_of_two_failover;powspec=none;audspec=one_of_two_failover;compJah=high_sil_isolated_checker;rastaFilter=none;backEnd=low_sil_doer_checker,True,235,,,
c_pat,ideal,TOTALCOST,26,OPTIMAL,8.792,3349,1079,[1079],5,369,2974,0,0,6,480,frontEnd=high_sil_isolated_checker;rasta=none;powspec=none;audspec=none;compJah=high_sil_isolated_checker;rastaFilter=none;backEnd=low_sil_doer_checker,True,4655,OPTIMAL,0.55,True
c_pat,ideal,THROUGHPUT,26,OPTIMAL,10.848,5815,235,[235],9,730,5078,1586,0,7,1264,frontEnd=mixed_sil_doer_checker;rasta=none;powspec=none;audspec=none;compJah=high_sil_isolated_checker;rastaFilter=none;backEnd=low_sil_doer_checker,True,235,,,
c_pat,sil_inherit,TOTALCOST,71,OPTIMAL,12.477,5246,1012,[1012],3,353,4887,1913,0,6,400,frontEnd=two_of_two_high_sil;rasta=none;powspec=none;audspec=none;compJah=high_sil_isolated_checker;rastaFilter=none;backEnd=low_sil_doer_checker,True,4655,OPTIMAL,1.196,True
c_pat,sil_inherit,THROUGHPUT,71,OPTIMAL,23.5,8846,277,[277],7,711,8123,3887,0,12,1152,frontEnd=mixed_sil_doer_checker;rasta=low_sil_diverse_doer_checker;powspec=none;audspec=low_sil_doer_checker;compJah=mixed_sil_doer_checker;rastaFilter=none;backEnd=low_sil_doer_checker,True,277,,,
c_pat,sil_core,TOTALCOST,71,OPTIMAL,18.106,3349,1180,[1180],5,369,2974,0,0,6,480,frontEnd=high_sil_isolated_checker;rasta=none;powspec=none;audspec=none;compJah=two_of_two_high_sil;rastaFilter=none;backEnd=low_sil_doer_checker,True,4655,OPTIMAL,1.173,True
c_pat,sil_core,THROUGHPUT,71,OPTIMAL,24.269,6079,235,[235],9,730,5338,1620,0,11,1264,frontEnd=mixed_sil_doer_checker;rasta=low_sil_diverse_doer_checker;powspec=none;audspec=low_sil_doer_checker;compJah=high_sil_isolated_checker;rastaFilter=none;backEnd=low_sil_doer_checker,True,235,,,
c_pat,scope_all,TOTALCOST,392,OPTIMAL,111.947,3349,1272,[1272],5,369,2974,0,0,6,480,frontEnd=high_sil_isolated_checker;rasta=none;powspec=none;audspec=none;compJah=two_of_two_high_sil;rastaFilter=none;backEnd=low_sil_doer_checker,True,1627,OPTIMAL,26.167,True
c_pat,scope_all,THROUGHPUT,392,OPTIMAL,204.956,6467,279,[279],9,730,5726,2008,0,11,1264,frontEnd=mixed_sil_doer_checker;rasta=low_sil_diverse_doer_checker;powspec=none;audspec=low_sil_doer_checker;compJah=high_sil_isolated_checker;rastaFilter=none;backEnd=low_sil_doer_checker,True,279,,,
pc_sobel,tdma,TOTALCOST,57,OPTIMAL,3.269,1401,480,[480],3,24,1375,0,0,2,142,get_pixel=high_sil_isolated_checker;gx=none;gy=none;abs=none,True,480,OPTIMAL,0.841,True
pc_sobel,tdma,THROUGHPUT,57,OPTIMAL,3.063,4297,333,[333],5,48,4240,2008,0,9,499,get_pixel=mixed_sil_doer_checker;gx=one_of_two_failover;gy=one_of_two_failover;abs=one_of_two_failover,True,333,,,
pc_sobel,ideal,TOTALCOST,15,OPTIMAL,1.951,1401,480,[480],3,24,1375,0,0,2,142,get_pixel=high_sil_isolated_checker;gx=none;gy=none;abs=none,True,5760,OPTIMAL,0.456,True
pc_sobel,ideal,THROUGHPUT,15,OPTIMAL,1.477,4975,333,[333],4,48,4920,2801,0,7,692,get_pixel=mixed_sil_doer_checker;gx=one_of_two_failover;gy=one_of_two_failover;abs=none,True,333,,,
pc_sobel,sil_inherit,TOTALCOST,57,OPTIMAL,2.81,2608,718,[718],2,16,2590,1215,0,2,102,get_pixel=high_sil_isolated_checker;gx=none;gy=none;abs=none,True,718,OPTIMAL,0.833,True
pc_sobel,sil_inherit,THROUGHPUT,57,OPTIMAL,3.271,4193,333,[333],4,42,4144,2025,0,7,497,get_pixel=mixed_sil_doer_checker;gx=none;gy=one_of_two_failover;abs=one_of_two_failover,True,333,,,
pc_sobel,sil_core,TOTALCOST,57,OPTIMAL,3.332,1401,480,[480],3,24,1375,0,0,2,142,get_pixel=high_sil_isolated_checker;gx=none;gy=none;abs=none,True,480,OPTIMAL,0.862,True
pc_sobel,sil_core,THROUGHPUT,57,OPTIMAL,3.18,5220,333,[333],3,36,5178,3577,0,6,519,get_pixel=high_sil_isolated_checker;gx=one_of_two_failover;gy=one_of_two_failover;abs=none,True,333,,,
pc_sobel,scope_all,TOTALCOST,270,OPTIMAL,27.155,1401,535,[535],3,24,1375,0,0,2,153,get_pixel=high_sil_isolated_checker;gx=none;gy=none;abs=none,True,535,OPTIMAL,11.387,True
pc_sobel,scope_all,THROUGHPUT,270,OPTIMAL,27.356,3663,369,[369],3,32,3626,1620,0,5,397,get_pixel=mixed_sil_doer_checker;gx=none;gy=one_of_two_failover;abs=none,True,369,,,
