instance,baseline,k,cores_opt,status,seconds,total_cost,mu_max,mu_list,nprocs,hw_cost,dev_cost,promotion_cost,partition_total,pattern_cost,power,patterns,verify_ok,mu_solver,pin_status,pin_seconds,pin_ok
p_rasta,joint,1,2,UNSAT,1.543,,,,,,,,,,,,,,,,
p_rasta,NP,1,2,UNSAT,1.456,,,,,,,,,,,,,,,,
f_random_hw,joint,4,5,OPTIMAL,9.063,3634,1079,[1079],4,361,3267,293,0,6,440,frontEnd=high_sil_isolated_checker;rasta=none;powspec=none;audspec=none;compJah=two_of_two_high_sil;rastaFilter=none;backEnd=low_sil_doer_checker,True,4655,OPTIMAL,0.608,True
f_random_hw,NP,4,5,UNSAT,3.543,,,,,,,,,,,,,,,,
f_random_hw,joint,3,5,OPTIMAL,7.141,3919,1353,[1353],3,353,3560,586,0,6,400,frontEnd=high_sil_isolated_checker;rasta=none;powspec=none;audspec=none;compJah=high_sil_isolated_checker;rastaFilter=none;backEnd=low_sil_doer_checker,True,4655,OPTIMAL,0.562,True
f_random_hw,NP,3,5,UNSAT,1.535,,,,,,,,,,,,,,,,
f_random_hw,joint,2,5,OPTIMAL,2.895,5506,1012,[1012],2,320,5180,2206,0,6,360,frontEnd=high_sil_isolated_checker;rasta=none;powspec=none;audspec=none;compJah=high_sil_isolated_checker;rastaFilter=none;backEnd=low_sil_doer_checker,True,4655,OPTIMAL,0.588,True
f_random_hw,NP,2,5,UNSAT,1.506,,,,,,,,,,,,,,,,
f_random_hw,joint,1,5,UNSAT,1.516,,,,,,,,,,,,,,,,
f_random_hw,NP,1,5,UNSAT,1.518,,,,,,,,,,,,,,,,
d_random_hw,joint,2,3,OPTIMAL,3.379,2297,1620,[1620],2,41,2250,448,0,6,80,frontEnd=low_sil_doer_checker;rasta=none;powspec=none;audspec=none;compJah=low_sil_doer_checker;rastaFilter=none;backEnd=low_sil_doer_checker,True,3012,OPTIMAL,0.473,True
d_random_hw,NP,2,3,UNSAT,1.239,,,,,,,,,,,,,,,,
d_random_hw,joint,1,3,UNSAT,1.014,,,,,,,,,,,,,,,,
d_random_hw,NP,1,3,UNSAT,0.969,,,,,,,,,,,,,,,,
d_systematic_sw,joint,1,2,OPTIMAL,1.256,2286,1833,[1833],1,33,2250,448,0,3,40,frontEnd=same_cpu_doer_checker;rasta=none;powspec=none;audspec=none;compJah=same_cpu_doer_checker;rastaFilter=none;backEnd=same_cpu_doer_checker,True,2103,OPTIMAL,0.464,True
d_systematic_sw,NP,1,2,UNSAT,0.794,,,,,,,,,,,,,,,,
f_sw3,joint,3,4,OPTIMAL,4.061,3805,1356,[1356],3,378,3422,448,0,5,370,frontEnd=two_of_two_high_sil;rasta=none;powspec=none;audspec=none;compJah=two_of_two_high_sil;rastaFilter=none;backEnd=same_cpu_doer_checker,True,2750,OPTIMAL,0.482,True
f_sw3,NP,3,4,UNSAT,1.195,,,,,,,,,,,,,,,,
f_sw3,joint,2,4,OPTIMAL,1.785,5530,1052,[1052],2,345,5180,2206,0,5,330,frontEnd=two_of_two_high_sil;rasta=none;powspec=none;audspec=none;compJah=two_of_two_high_sil;rastaFilter=none;backEnd=same_cpu_doer_checker,True,2750,OPTIMAL,0.497,True
f_sw3,NP,2,4,UNSAT,1.074,,,,,,,,,,,,,,,,
f_sw3,joint,1,4,UNSAT,1.093,,,,,,,,,,,,,,,,
f_sw3,NP,1,4,UNSAT,1.085,,,,,,,,,,,,,,,,
f_both3,joint,4,5,OPTIMAL,6.783,3659,1525,[1525],4,386,3267,293,0,6,410,frontEnd=two_of_two_high_sil;rasta=none;powspec=none;audspec=none;compJah=two_of_two_high_sil;rastaFilter=none;backEnd=low_sil_diverse_doer_checker,True,2750,OPTIMAL,0.505,True
f_both3,NP,4,5,UNSAT,1.999,,,,,,,,,,,,,,,,
f_both3,joint,3,5,OPTIMAL,4.022,3944,1460,[1460],3,378,3560,586,0,6,370,frontEnd=two_of_two_high_sil;rasta=none;powspec=none;audspec=none;compJah=two_of_two_high_sil;rastaFilter=none;backEnd=low_sil_diverse_doer_checker,True,2750,OPTIMAL,0.487,True
f_both3,NP,3,5,UNSAT,1.168,,,,,,,,,,,,,,,,
f_both3,joint,2,5,OPTIMAL,1.865,5531,1229,[1229],2,345,5180,2206,0,6,245,frontEnd=two_of_two_high_sil;rasta=none;powspec=none;audspec=none;compJah=two_of_two_high_sil;rastaFilter=none;backEnd=low_sil_diverse_doer_checker,True,2750,OPTIMAL,0.488,True
f_both3,NP,2,5,UNSAT,1.121,,,,,,,,,,,,,,,,
f_both3,joint,1,5,UNSAT,1.067,,,,,,,,,,,,,,,,
f_both3,NP,1,5,UNSAT,1.037,,,,,,,,,,,,,,,,
c_pat,joint,4,5,OPTIMAL,14.533,3634,1793,[1793],4,361,3267,293,0,6,440,frontEnd=high_sil_isolated_checker;rasta=none;powspec=none;audspec=none;compJah=high_sil_isolated_checker;rastaFilter=none;backEnd=low_sil_doer_checker,True,1793,OPTIMAL,1.203,True
c_pat,NP,4,5,UNSAT,7.419,,,,,,,,,,,,,,,,
c_pat,joint,3,5,OPTIMAL,13.904,3919,1704,[1704],3,353,3560,586,0,6,230,frontEnd=high_sil_isolated_checker;rasta=none;powspec=none;audspec=none;compJah=high_sil_isolated_checker;rastaFilter=none;backEnd=low_sil_doer_checker,True,1704,OPTIMAL,1.238,True
c_pat,NP,3,5,UNSAT,4.083,,,,,,,,,,,,,,,,
c_pat,joint,2,5,OPTIMAL,7.031,5506,1233,[1233],2,320,5180,2206,0,6,360,frontEnd=two_of_two_high_sil;rasta=none;powspec=none;audspec=none;compJah=two_of_two_high_sil;rastaFilter=none;backEnd=low_sil_doer_checker,True,1275,OPTIMAL,1.231,True
c_pat,NP,2,5,UNSAT,3.922,,,,,,,,,,,,,,,,
c_pat,joint,1,5,UNSAT,3.876,,,,,,,,,,,,,,,,
c_pat,NP,1,5,UNSAT,3.848,,,,,,,,,,,,,,,,
pc_sobel,joint,2,3,OPTIMAL,2.265,2608,768,[768],2,16,2590,1215,0,2,102,get_pixel=two_of_two_high_sil;gx=none;gy=none;abs=none,True,768,OPTIMAL,0.846,True
pc_sobel,NP,2,3,UNSAT,1.269,,,,,,,,,,,,,,,,
pc_sobel,joint,1,3,UNSAT,1.189,,,,,,,,,,,,,,,,
pc_sobel,NP,1,3,UNSAT,1.292,,,,,,,,,,,,,,,,
v_nvp,joint,5,6,OPTIMAL,5.692,5933,1507,[1507],5,584,5339,293,0,10,570,frontEnd=nvp_three_version;rasta=none;powspec=none;audspec=none;compJah=nvp_three_version;rastaFilter=none;backEnd=low_sil_diverse_doer_checker,True,3099,OPTIMAL,0.491,True
v_nvp,NP,5,6,UNSAT,2.774,,,,,,,,,,,,,,,,
v_nvp,joint,4,6,OPTIMAL,4.332,6218,1591,[1591],4,576,5632,586,0,10,530,frontEnd=nvp_three_version;rasta=none;powspec=none;audspec=none;compJah=nvp_three_version;rastaFilter=none;backEnd=low_sil_diverse_doer_checker,True,3099,OPTIMAL,0.489,True
v_nvp,NP,4,6,UNSAT,2.403,,,,,,,,,,,,,,,,
v_nvp,joint,3,6,OPTIMAL,2.66,7805,1228,[1228],3,543,7252,2206,0,10,490,frontEnd=nvp_three_version;rasta=none;powspec=none;audspec=none;compJah=nvp_three_version;rastaFilter=none;backEnd=low_sil_diverse_doer_checker,True,3099,OPTIMAL,0.497,True
v_nvp,NP,3,6,UNSAT,2.075,,,,,,,,,,,,,,,,
v_nvp,joint,2,6,UNSAT,1.868,,,,,,,,,,,,,,,,
v_nvp,NP,2,6,UNSAT,1.75,,,,,,,,,,,,,,,,
m_3app,joint,5,6,OPTIMAL,196.402,6108,3323,"[1207, 3323, 1207]",5,372,5722,448,0,14,512,get_pixel=low_sil_doer_checker;gx=low_sil_doer_checker;gy=low_sil_doer_checker;abs=low_sil_doer_checker;getImage=none;usan=none;direction=none;thin=none;putImage=none;frontEnd=two_of_two_high_sil;rasta=none;powspec=none;audspec=none;compJah=high_sil_isolated_checker;rastaFilter=none;backEnd=low_sil_doer_checker,True,4655,OPTIMAL,0.824,True
m_3app,NP,5,6,UNSAT,12.516,,,,,,,,,,,,,,,,
m_3app,joint,4,6,SAT,300.596,9945,3013,"[1023, 3013, 3013]",4,361,9570,4296,0,14,440,get_pixel=low_sil_doer_checker;gx=low_sil_doer_checker;gy=low_sil_doer_checker;abs=low_sil_doer_checker;getImage=none;usan=none;direction=none;thin=none;putImage=none;frontEnd=high_sil_isolated_checker;rasta=none;powspec=none;audspec=none;compJah=high_sil_isolated_checker;rastaFilter=none;backEnd=low_sil_doer_checker,False,4655,OPTIMAL,0.997,True
m_3app,NP,4,6,UNSAT,10.477,,,,,,,,,,,,,,,,
m_3app,joint,3,6,OPTIMAL,91.324,10191,3323,"[1240, 3323, 1240]",3,353,9824,4550,0,14,400,get_pixel=low_sil_diverse_doer_checker;gx=low_sil_doer_checker;gy=low_sil_doer_checker;abs=low_sil_doer_checker;getImage=none;usan=none;direction=none;thin=none;putImage=none;frontEnd=two_of_two_high_sil;rasta=none;powspec=none;audspec=none;compJah=high_sil_isolated_checker;rastaFilter=none;backEnd=low_sil_doer_checker,True,3323,OPTIMAL,0.827,True
m_3app,NP,3,6,UNSAT,6.34,,,,,,,,,,,,,,,,
m_3app,joint,2,6,UNSAT,4.487,,,,,,,,,,,,,,,,
m_3app,NP,2,6,UNSAT,4.463,,,,,,,,,,,,,,,,
