factor,profile,k,status,seconds,total_cost,mu_max,mu_list,nprocs,hw_cost,dev_cost,promotion_cost,partition_total,pattern_cost,power,patterns,verify_ok,mu_solver,pin_status,pin_seconds,pin_ok
4,klosterman,none,OPTIMAL,0.875,1719,1079,[1079],3,804,915,0,0,0,260,,True,1620,OPTIMAL,0.401,True
4,klosterman,3,OPTIMAL,0.743,1719,1079,[1079],3,804,915,0,0,0,260,,True,1620,OPTIMAL,0.41,True
4,klosterman,2,OPTIMAL,0.67,1727,1292,[1292],2,772,955,40,0,0,220,,True,1620,OPTIMAL,0.397,True
4,klosterman,1,OPTIMAL,0.557,1830,1012,[1012],1,640,1190,275,0,0,180,,True,1620,OPTIMAL,0.393,True
1,klosterman_low,none,OPTIMAL,0.758,1056,1079,[1079],3,201,855,0,0,0,260,,True,1620,OPTIMAL,0.414,True
1,klosterman_low,3,OPTIMAL,0.782,1056,1079,[1079],3,201,855,0,0,0,260,,True,1620,OPTIMAL,0.427,True
1,klosterman_low,2,OPTIMAL,0.673,1065,1486,[1486],2,193,872,17,0,0,135,,True,1620,OPTIMAL,0.377,True
1,klosterman_low,1,OPTIMAL,0.543,1140,1012,[1012],1,160,980,125,0,0,180,,True,1620,OPTIMAL,0.397,True
1,myklebust2015,none,OPTIMAL,0.897,1914,1079,[1079],3,201,1713,0,0,0,260,,True,1620,OPTIMAL,0.398,True
1,myklebust2015,3,OPTIMAL,0.799,1914,1079,[1079],3,201,1713,0,0,0,260,,True,1620,OPTIMAL,0.382,True
1,myklebust2015,2,OPTIMAL,0.664,2199,1353,[1353],2,193,2006,293,0,0,220,,True,1620,OPTIMAL,0.395,True
1,myklebust2015,1,OPTIMAL,0.599,3786,1012,[1012],1,160,3626,1913,0,0,180,,True,1620,OPTIMAL,0.418,True
1,klosterman,none,OPTIMAL,0.887,1116,1079,[1079],3,201,915,0,0,0,260,,True,1620,OPTIMAL,0.408,True
1,klosterman,3,OPTIMAL,0.802,1116,1079,[1079],3,201,915,0,0,0,260,,True,1620,OPTIMAL,0.413,True
1,klosterman,2,OPTIMAL,0.701,1148,1292,[1292],2,193,955,40,0,0,220,,True,1620,OPTIMAL,0.407,True
1,klosterman,1,OPTIMAL,0.551,1350,1012,[1012],1,160,1190,275,0,0,180,,True,1620,OPTIMAL,0.38,True
1,do178b,none,OPTIMAL,0.893,2301,1079,[1079],3,201,2100,0,0,0,260,,True,1620,OPTIMAL,0.414,True
1,do178b,3,OPTIMAL,0.791,2301,1079,[1079],3,201,2100,0,0,0,260,,True,1620,OPTIMAL,0.414,True
1,do178b,2,OPTIMAL,0.698,2493,1353,[1353],2,193,2300,200,0,0,220,,True,1620,OPTIMAL,0.402,True
1,do178b,1,OPTIMAL,0.556,3660,1012,[1012],1,160,3500,1400,0,0,180,,True,1620,OPTIMAL,0.401,True
2,myklebust2015,none,OPTIMAL,0.839,2115,1079,[1079],3,402,1713,0,0,0,260,,True,1620,OPTIMAL,0.404,True
2,myklebust2015,3,OPTIMAL,0.793,2115,1079,[1079],3,402,1713,0,0,0,260,,True,1620,OPTIMAL,0.412,True
2,myklebust2015,2,OPTIMAL,0.661,2392,1353,[1353],2,386,2006,293,0,0,220,,True,1620,OPTIMAL,0.376,True
2,myklebust2015,1,OPTIMAL,0.565,3946,1012,[1012],1,320,3626,1913,0,0,180,,True,1620,OPTIMAL,0.434,True
2,klosterman,none,OPTIMAL,0.905,1317,1079,[1079],3,402,915,0,0,0,260,,True,1620,OPTIMAL,0.408,True
2,klosterman,3,OPTIMAL,0.755,1317,1079,[1079],3,402,915,0,0,0,260,,True,1620,OPTIMAL,0.422,True
2,klosterman,2,OPTIMAL,0.692,1341,1343,[1343],2,386,955,40,0,0,135,,True,1620,OPTIMAL,0.393,True
2,klosterman,1,OPTIMAL,0.533,1510,1012,[1012],1,320,1190,275,0,0,180,,True,1620,OPTIMAL,0.406,True
2,do178b,none,OPTIMAL,0.881,2502,1079,[1079],3,402,2100,0,0,0,260,,True,1620,OPTIMAL,0.411,True
2,do178b,3,OPTIMAL,0.825,2502,1079,[1079],3,402,2100,0,0,0,260,,True,1620,OPTIMAL,0.417,True
2,do178b,2,OPTIMAL,0.767,2686,1353,[1353],2,386,2300,200,0,0,220,,True,1620,OPTIMAL,0.389,True
2,do178b,1,OPTIMAL,0.533,3820,1012,[1012],1,320,3500,1400,0,0,180,,True,1620,OPTIMAL,0.424,True
2,klosterman_low,none,OPTIMAL,0.847,1257,1079,[1079],3,402,855,0,0,0,260,,True,1620,OPTIMAL,0.414,True
2,klosterman_low,3,OPTIMAL,0.753,1257,1079,[1079],3,402,855,0,0,0,260,,True,1620,OPTIMAL,0.408,True
2,klosterman_low,2,OPTIMAL,0.676,1258,1353,[1353],2,386,872,17,0,0,220,,True,1620,OPTIMAL,0.422,True
2,klosterman_low,1,OPTIMAL,0.573,1300,1012,[1012],1,320,980,125,0,0,180,,True,1620,OPTIMAL,0.396,True
4,myklebust2015,none,OPTIMAL,0.859,2517,1079,[1079],3,804,1713,0,0,0,260,,True,1620,OPTIMAL,0.395,True
4,myklebust2015,3,OPTIMAL,0.796,2517,1079,[1079],3,804,1713,0,0,0,260,,True,1620,OPTIMAL,0.412,True
4,myklebust2015,2,OPTIMAL,0.698,2778,1486,[1486],2,772,2006,293,0,0,135,,True,1620,OPTIMAL,0.395,True
4,myklebust2015,1,OPTIMAL,0.551,4266,1012,[1012],1,640,3626,1913,0,0,180,,True,1620,OPTIMAL,0.393,True
4,do178b,none,OPTIMAL,0.891,2904,1079,[1079],3,804,2100,0,0,0,260,,True,1620,OPTIMAL,0.454,True
4,do178b,3,OPTIMAL,0.805,2904,1079,[1079],3,804,2100,0,0,0,260,,True,1620,OPTIMAL,0.401,True
4,do178b,2,OPTIMAL,0.69,3072,1486,[1486],2,772,2300,200,0,0,135,,True,1620,OPTIMAL,0.401,True
4,do178b,1,OPTIMAL,0.587,4140,1012,[1012],1,640,3500,1400,0,0,180,,True,1620,OPTIMAL,0.385,True
4,klosterman_low,none,OPTIMAL,0.762,1620,1012,[1012],1,640,980,125,0,0,180,,True,1620,OPTIMAL,0.401,True
4,klosterman_low,3,OPTIMAL,0.72,1620,1012,[1012],1,640,980,125,0,0,180,,True,1620,OPTIMAL,0.393,True
4,klosterman_low,2,OPTIMAL,0.62,1620,1012,[1012],1,640,980,125,0,0,180,,True,1620,OPTIMAL,0.394,True
4,klosterman_low,1,OPTIMAL,0.573,1620,1012,[1012],1,640,980,125,0,0,180,,True,1620,OPTIMAL,0.409,True
8,myklebust2015,none,OPTIMAL,0.868,3321,1079,[1079],3,1608,1713,0,0,0,260,,True,1620,OPTIMAL,0.381,True
8,myklebust2015,3,OPTIMAL,0.78,3321,1079,[1079],3,1608,1713,0,0,0,260,,True,1620,OPTIMAL,0.398,True
8,myklebust2015,2,OPTIMAL,0.706,3550,1353,[1353],2,1544,2006,293,0,0,220,,True,1620,OPTIMAL,0.417,True
8,myklebust2015,1,OPTIMAL,0.539,4906,1012,[1012],1,1280,3626,1913,0,0,180,,True,1620,OPTIMAL,0.395,True
8,klosterman,none,OPTIMAL,0.786,2470,1012,[1012],1,1280,1190,275,0,0,180,,True,1620,OPTIMAL,0.427,True
8,klosterman,3,OPTIMAL,0.736,2470,1012,[1012],1,1280,1190,275,0,0,180,,True,1620,OPTIMAL,0.408,True
8,klosterman,2,OPTIMAL,0.668,2470,1012,[1012],1,1280,1190,275,0,0,180,,True,1620,OPTIMAL,0.443,True
8,klosterman,1,OPTIMAL,0.555,2470,1012,[1012],1,1280,1190,275,0,0,180,,True,1620,OPTIMAL,0.402,True
8,do178b,none,OPTIMAL,0.842,3708,1079,[1079],3,1608,2100,0,0,0,260,,True,1620,OPTIMAL,0.388,True
8,do178b,3,OPTIMAL,0.749,3708,1079,[1079],3,1608,2100,0,0,0,260,,True,1620,OPTIMAL,0.422,True
8,do178b,2,OPTIMAL,0.682,3844,1353,[1353],2,1544,2300,200,0,0,220,,True,1620,OPTIMAL,0.396,True
8,do178b,1,OPTIMAL,0.576,4780,1012,[1012],1,1280,3500,1400,0,0,180,,True,1620,OPTIMAL,0.405,True
8,klosterman_low,none,OPTIMAL,0.798,2260,1012,[1012],1,1280,980,125,0,0,180,,True,1620,OPTIMAL,0.377,True
8,klosterman_low,3,OPTIMAL,0.721,2260,1012,[1012],1,1280,980,125,0,0,180,,True,1620,OPTIMAL,0.397,True
8,klosterman_low,2,OPTIMAL,0.654,2260,1012,[1012],1,1280,980,125,0,0,180,,True,1620,OPTIMAL,0.401,True
8,klosterman_low,1,OPTIMAL,0.531,2260,1012,[1012],1,1280,980,125,0,0,180,,True,1620,OPTIMAL,0.401,True
16,myklebust2015,none,OPTIMAL,0.825,4929,1079,[1079],3,3216,1713,0,0,0,260,,True,1620,OPTIMAL,0.424,True
16,myklebust2015,3,OPTIMAL,0.758,4929,1079,[1079],3,3216,1713,0,0,0,260,,True,1620,OPTIMAL,0.373,True
16,myklebust2015,2,OPTIMAL,0.691,5094,1353,[1353],2,3088,2006,293,0,0,220,,True,1620,OPTIMAL,0.412,True
16,myklebust2015,1,OPTIMAL,0.564,6186,1012,[1012],1,2560,3626,1913,0,0,180,,True,1620,OPTIMAL,0.407,True
16,klosterman,none,OPTIMAL,0.75,3750,1012,[1012],1,2560,1190,275,0,0,180,,True,1620,OPTIMAL,0.422,True
16,klosterman,3,OPTIMAL,0.742,3750,1012,[1012],1,2560,1190,275,0,0,180,,True,1620,OPTIMAL,0.402,True
16,klosterman,2,OPTIMAL,0.651,3750,1012,[1012],1,2560,1190,275,0,0,180,,True,1620,OPTIMAL,0.38,True
16,klosterman,1,OPTIMAL,0.563,3750,1012,[1012],1,2560,1190,275,0,0,180,,True,1620,OPTIMAL,0.4,True
16,do178b,none,OPTIMAL,0.931,5316,1079,[1079],3,3216,2100,0,0,0,260,,True,1620,OPTIMAL,0.379,True
16,do178b,3,OPTIMAL,0.729,5316,1079,[1079],3,3216,2100,0,0,0,260,,True,1620,OPTIMAL,0.396,True
16,do178b,2,OPTIMAL,0.687,5388,1353,[1353],2,3088,2300,200,0,0,220,,True,1620,OPTIMAL,0.401,True
16,do178b,1,OPTIMAL,0.56,6060,1012,[1012],1,2560,3500,1400,0,0,180,,True,1620,OPTIMAL,0.423,True
16,klosterman_low,none,OPTIMAL,0.779,3540,1012,[1012],1,2560,980,125,0,0,180,,True,1620,OPTIMAL,0.41,True
16,klosterman_low,3,OPTIMAL,0.719,3540,1012,[1012],1,2560,980,125,0,0,180,,True,1620,OPTIMAL,0.41,True
16,klosterman_low,2,OPTIMAL,0.636,3540,1012,[1012],1,2560,980,125,0,0,180,,True,1620,OPTIMAL,0.393,True
16,klosterman_low,1,OPTIMAL,0.551,3540,1012,[1012],1,2560,980,125,0,0,180,,True,1620,OPTIMAL,0.403,True
