group,instance,metric,bound_name,bound_value,status,seconds,mu_max,mu_list,nprocs,hw_cost,dev_cost,promotion_cost,power,verify_ok,mu_solver,pin_status,pin_seconds,pin_ok,total_cost,partition_total,pattern_cost
cost_profile,x_myklebust2015,TOTALCOST,,,OPTIMAL,0.828,1079,[1079],3,804,1713,0,260,True,1620,OPTIMAL,0.368,True,2517,0,0
cost_profile,x_klosterman,TOTALCOST,,,OPTIMAL,0.788,1079,[1079],3,804,915,0,260,True,1620,OPTIMAL,0.369,True,1719,0,0
cost_profile,x_do178b,TOTALCOST,,,OPTIMAL,0.824,1079,[1079],3,804,2100,0,260,True,1620,OPTIMAL,0.374,True,2904,0,0
profile_consolidation,x_myklebust2015,TOTALCOST,NPROCS,3,OPTIMAL,0.713,1079,[1079],3,804,1713,0,260,True,1620,OPTIMAL,0.394,True,2517,0,0
profile_consolidation,x_myklebust2015,TOTALCOST,NPROCS,2,OPTIMAL,0.644,1353,[1353],2,772,2006,293,220,True,1620,OPTIMAL,0.382,True,2778,0,0
profile_consolidation,x_myklebust2015,TOTALCOST,NPROCS,1,OPTIMAL,0.504,1012,[1012],1,640,3626,1913,180,True,1620,OPTIMAL,0.373,True,4266,0,0
profile_consolidation,x_klosterman,TOTALCOST,NPROCS,3,OPTIMAL,0.698,1130,[1130],3,804,915,0,175,True,1620,OPTIMAL,0.369,True,1719,0,0
profile_consolidation,x_klosterman,TOTALCOST,NPROCS,2,OPTIMAL,0.632,1292,[1292],2,772,955,40,220,True,1620,OPTIMAL,0.37,True,1727,0,0
profile_consolidation,x_klosterman,TOTALCOST,NPROCS,1,OPTIMAL,0.541,1012,[1012],1,640,1190,275,180,True,1620,OPTIMAL,0.391,True,1830,0,0
profile_consolidation,x_do178b,TOTALCOST,NPROCS,3,OPTIMAL,0.72,1079,[1079],3,804,2100,0,260,True,1620,OPTIMAL,0.374,True,2904,0,0
profile_consolidation,x_do178b,TOTALCOST,NPROCS,2,OPTIMAL,0.691,1353,[1353],2,772,2300,200,220,True,1620,OPTIMAL,0.386,True,3072,0,0
profile_consolidation,x_do178b,TOTALCOST,NPROCS,1,OPTIMAL,0.546,1012,[1012],1,640,3500,1400,180,True,1620,OPTIMAL,0.37,True,4140,0,0
fault_model,d_random_hw,TOTALCOST,,,OPTIMAL,7.923,1620,[1620],3,49,1802,0,120,True,3012,OPTIMAL,0.581,True,1857,0,6
consolidation,s_myklebust2015,TOTALCOST,NPROCS,3,OPTIMAL,0.892,1079,[1079],3,201,1713,0,260,True,1620,OPTIMAL,0.401,True,1914,0,0
consolidation,s_myklebust2015,TOTALCOST,NPROCS,2,OPTIMAL,0.771,1353,[1353],2,193,2006,293,220,True,1620,OPTIMAL,0.394,True,2199,0,0
consolidation,s_myklebust2015,TOTALCOST,NPROCS,1,OPTIMAL,0.532,1012,[1012],1,160,3626,1913,180,True,1620,OPTIMAL,0.406,True,3786,0,0
comm_model,pc_sobel,THROUGHPUT,period_ub,100000,OPTIMAL,2.956,333,[333],4,40,5792,3560,448,True,333,,,,5841,0,9
nvp,v_nvp,TOTALCOST,,,OPTIMAL,5.455,1185,[1185],6,624,5046,0,750,True,3099,OPTIMAL,0.498,True,5680,0,10
fault_model,d_systematic_sw,TOTALCOST,,,OPTIMAL,3.374,1751,[1751],2,41,1802,0,80,True,2103,OPTIMAL,0.464,True,1846,0,3
