factor,baseline,old_status,old_total_cost,status,seconds,total_cost,mu_max,mu_list,nprocs,hw_cost,dev_cost,promotion_cost,partition_total,pattern_cost,power,patterns,verify_ok,mu_solver,pin_status,pin_seconds,pin_ok,agree
1.00,joint,UNSAT,,UNSAT,54.717,,,,,,,,,,,,,,,,,True
1.00,PFmin,UNSAT,,UNSAT,5.618,,,,,,,,,,,get_pixel=low_sil_doer_checker;gx=low_sil_doer_checker;gy=low_sil_doer_checker;abs=low_sil_doer_checker;getImage=none;usan=none;direction=none;thin=none;putImage=none;frontEnd=two_of_two_high_sil;rasta=none;powspec=none;audspec=none;compJah=two_of_two_high_sil;rastaFilter=none;backEnd=low_sil_doer_checker,,,,,,True
1.00,PFmax,UNSAT,,UNSAT,5.501,,,,,,,,,,,get_pixel=low_sil_diverse_doer_checker;gx=low_sil_diverse_doer_checker;gy=low_sil_diverse_doer_checker;abs=low_sil_diverse_doer_checker;getImage=none;usan=none;direction=none;thin=none;putImage=none;frontEnd=two_of_two_high_sil;rasta=none;powspec=none;audspec=none;compJah=two_of_two_high_sil;rastaFilter=none;backEnd=low_sil_diverse_doer_checker,,,,,,True
1.00,NP,UNSAT,,UNSAT,22.172,,,,,,,,,,,,,,,,,True
1.00,PFlight,UNSAT,,UNSAT,30.373,,,,,,,,,,,get_pixel=low_sil_doer_checker;gx=low_sil_doer_checker;gy=low_sil_doer_checker;abs=low_sil_doer_checker;getImage=none;usan=none;direction=none;thin=none;putImage=none;frontEnd=high_sil_isolated_checker;rasta=none;powspec=none;audspec=none;compJah=high_sil_isolated_checker;rastaFilter=none;backEnd=low_sil_doer_checker,,,,,,True
1.00,PFcheap,UNSAT,,UNSAT,29.167,,,,,,,,,,,get_pixel=low_sil_doer_checker;gx=low_sil_doer_checker;gy=low_sil_doer_checker;abs=low_sil_doer_checker;getImage=none;usan=none;direction=none;thin=none;putImage=none;frontEnd=high_sil_isolated_checker;rasta=none;powspec=none;audspec=none;compJah=high_sil_isolated_checker;rastaFilter=none;backEnd=low_sil_doer_checker,,,,,,True
1.10,joint,UNSAT,,UNKNOWN,300.592,,,,,,,,,,,,,,,,,
1.10,PFmin,UNSAT,,UNSAT,6.29,,,,,,,,,,,get_pixel=low_sil_doer_checker;gx=low_sil_doer_checker;gy=low_sil_doer_checker;abs=low_sil_doer_checker;getImage=none;usan=none;direction=none;thin=none;putImage=none;frontEnd=two_of_two_high_sil;rasta=none;powspec=none;audspec=none;compJah=two_of_two_high_sil;rastaFilter=none;backEnd=low_sil_doer_checker,,,,,,True
1.10,PFmax,UNSAT,,UNSAT,6.032,,,,,,,,,,,get_pixel=low_sil_diverse_doer_checker;gx=low_sil_diverse_doer_checker;gy=low_sil_diverse_doer_checker;abs=low_sil_diverse_doer_checker;getImage=none;usan=none;direction=none;thin=none;putImage=none;frontEnd=two_of_two_high_sil;rasta=none;powspec=none;audspec=none;compJah=two_of_two_high_sil;rastaFilter=none;backEnd=low_sil_diverse_doer_checker,,,,,,True
1.10,NP,UNSAT,,UNSAT,51.526,,,,,,,,,,,,,,,,,True
1.10,PFlight,UNSAT,,UNKNOWN,300.599,,,,,,,,,,,get_pixel=low_sil_doer_checker;gx=low_sil_doer_checker;gy=low_sil_doer_checker;abs=low_sil_doer_checker;getImage=none;usan=none;direction=none;thin=none;putImage=none;frontEnd=high_sil_isolated_checker;rasta=none;powspec=none;audspec=none;compJah=high_sil_isolated_checker;rastaFilter=none;backEnd=low_sil_doer_checker,,,,,,
1.10,PFcheap,UNSAT,,UNKNOWN,300.547,,,,,,,,,,,get_pixel=low_sil_doer_checker;gx=low_sil_doer_checker;gy=low_sil_doer_checker;abs=low_sil_doer_checker;getImage=none;usan=none;direction=none;thin=none;putImage=none;frontEnd=high_sil_isolated_checker;rasta=none;powspec=none;audspec=none;compJah=high_sil_isolated_checker;rastaFilter=none;backEnd=low_sil_doer_checker,,,,,,
1.25,joint,OPTIMAL,5866,SAT,300.564,5866,1436,"[499, 1436, 282]",15,578,5274,0,0,14,1320,get_pixel=low_sil_diverse_doer_checker;gx=low_sil_diverse_doer_checker;gy=low_sil_doer_checker;abs=low_sil_doer_checker;getImage=none;usan=none;direction=none;thin=none;putImage=none;frontEnd=two_of_two_high_sil;rasta=none;powspec=none;audspec=none;compJah=high_sil_isolated_checker;rastaFilter=none;backEnd=low_sil_doer_checker,True,1472,OPTIMAL,0.861,True,
1.25,PFmin,UNSAT,,UNSAT,6.165,,,,,,,,,,,get_pixel=low_sil_doer_checker;gx=low_sil_doer_checker;gy=low_sil_doer_checker;abs=low_sil_doer_checker;getImage=none;usan=none;direction=none;thin=none;putImage=none;frontEnd=two_of_two_high_sil;rasta=none;powspec=none;audspec=none;compJah=two_of_two_high_sil;rastaFilter=none;backEnd=low_sil_doer_checker,,,,,,True
1.25,PFmax,UNSAT,,UNSAT,6.293,,,,,,,,,,,get_pixel=low_sil_diverse_doer_checker;gx=low_sil_diverse_doer_checker;gy=low_sil_diverse_doer_checker;abs=low_sil_diverse_doer_checker;getImage=none;usan=none;direction=none;thin=none;putImage=none;frontEnd=two_of_two_high_sil;rasta=none;powspec=none;audspec=none;compJah=two_of_two_high_sil;rastaFilter=none;backEnd=low_sil_diverse_doer_checker,,,,,,True
1.25,NP,OPTIMAL,5866,OPTIMAL,146.357,5866,1436,"[499, 1436, 282]",15,578,5274,0,0,14,1320,get_pixel=low_sil_diverse_doer_checker;gx=low_sil_doer_checker;gy=low_sil_doer_checker;abs=low_sil_doer_checker;getImage=none;usan=none;direction=none;thin=none;putImage=none;frontEnd=two_of_two_high_sil;rasta=none;powspec=none;audspec=none;compJah=high_sil_isolated_checker;rastaFilter=none;backEnd=low_sil_doer_checker,True,1472,OPTIMAL,0.857,True,True
1.25,PFlight,OPTIMAL,5866,OPTIMAL,145.941,5866,1436,"[499, 1436, 282]",15,578,5274,0,0,14,1235,get_pixel=low_sil_doer_checker;gx=low_sil_doer_checker;gy=low_sil_doer_checker;abs=low_sil_doer_checker;getImage=none;usan=none;direction=none;thin=none;putImage=none;frontEnd=high_sil_isolated_checker;rasta=none;powspec=none;audspec=none;compJah=high_sil_isolated_checker;rastaFilter=none;backEnd=low_sil_doer_checker,True,1472,OPTIMAL,0.884,True,True
1.25,PFcheap,OPTIMAL,5866,OPTIMAL,139.928,5866,1436,"[499, 1436, 282]",15,578,5274,0,0,14,1320,get_pixel=low_sil_doer_checker;gx=low_sil_doer_checker;gy=low_sil_doer_checker;abs=low_sil_doer_checker;getImage=none;usan=none;direction=none;thin=none;putImage=none;frontEnd=high_sil_isolated_checker;rasta=none;powspec=none;audspec=none;compJah=high_sil_isolated_checker;rastaFilter=none;backEnd=low_sil_doer_checker,True,1472,OPTIMAL,0.86,True,True
1.50,joint,OPTIMAL,5852,SAT,300.535,6537,1436,"[538, 1436, 310]",16,729,5792,405,0,16,1404,get_pixel=low_sil_diverse_doer_checker;gx=low_sil_diverse_doer_checker;gy=low_sil_doer_checker;abs=low_sil_doer_checker;getImage=none;usan=none;direction=none;thin=none;putImage=none;frontEnd=high_sil_isolated_checker;rasta=low_sil_diverse_doer_checker;powspec=none;audspec=none;compJah=high_sil_isolated_checker;rastaFilter=none;backEnd=low_sil_doer_checker,True,1766,OPTIMAL,0.863,True,
1.50,PFmin,OPTIMAL,5852,SAT,300.46,6743,1412,"[538, 1412, 353]",16,757,5972,698,0,14,1351,get_pixel=low_sil_doer_checker;gx=low_sil_doer_checker;gy=low_sil_doer_checker;abs=low_sil_doer_checker;getImage=none;usan=none;direction=none;thin=none;putImage=none;frontEnd=two_of_two_high_sil;rasta=none;powspec=none;audspec=none;compJah=two_of_two_high_sil;rastaFilter=none;backEnd=low_sil_doer_checker,True,1766,OPTIMAL,0.867,True,
1.50,PFmax,OPTIMAL,5852,UNKNOWN,300.533,,,,,,,,,,,get_pixel=low_sil_diverse_doer_checker;gx=low_sil_diverse_doer_checker;gy=low_sil_diverse_doer_checker;abs=low_sil_diverse_doer_checker;getImage=none;usan=none;direction=none;thin=none;putImage=none;frontEnd=two_of_two_high_sil;rasta=none;powspec=none;audspec=none;compJah=two_of_two_high_sil;rastaFilter=none;backEnd=low_sil_diverse_doer_checker,,,,,,
1.50,NP,OPTIMAL,5852,SAT,300.584,5852,1436,"[570, 1436, 319]",14,564,5274,0,0,14,1216,get_pixel=low_sil_doer_checker;gx=low_sil_doer_checker;gy=low_sil_doer_checker;abs=low_sil_doer_checker;getImage=none;usan=none;direction=none;thin=none;putImage=none;frontEnd=high_sil_isolated_checker;rasta=none;powspec=none;audspec=none;compJah=high_sil_isolated_checker;rastaFilter=none;backEnd=low_sil_doer_checker,True,1766,OPTIMAL,0.88,True,
1.50,PFlight,OPTIMAL,5852,SAT,300.466,6742,1333,"[538, 1333, 327]",15,756,5972,698,0,14,1536,get_pixel=low_sil_doer_checker;gx=low_sil_doer_checker;gy=low_sil_doer_checker;abs=low_sil_doer_checker;getImage=none;usan=none;direction=none;thin=none;putImage=none;frontEnd=high_sil_isolated_checker;rasta=none;powspec=none;audspec=none;compJah=high_sil_isolated_checker;rastaFilter=none;backEnd=low_sil_doer_checker,True,1766,OPTIMAL,0.806,True,
1.50,PFcheap,OPTIMAL,5852,SAT,300.551,5852,1436,"[538, 1436, 319]",14,564,5274,0,0,14,1216,get_pixel=low_sil_doer_checker;gx=low_sil_doer_checker;gy=low_sil_doer_checker;abs=low_sil_doer_checker;getImage=none;usan=none;direction=none;thin=none;putImage=none;frontEnd=high_sil_isolated_checker;rasta=none;powspec=none;audspec=none;compJah=high_sil_isolated_checker;rastaFilter=none;backEnd=low_sil_doer_checker,True,1766,OPTIMAL,0.836,True,
2.00,joint,OPTIMAL,5768,SAT,300.513,5792,1915,"[451, 1915, 451]",10,504,5274,0,0,14,1024,get_pixel=low_sil_diverse_doer_checker;gx=low_sil_diverse_doer_checker;gy=low_sil_doer_checker;abs=low_sil_doer_checker;getImage=none;usan=none;direction=none;thin=none;putImage=none;frontEnd=two_of_two_high_sil;rasta=none;powspec=none;audspec=none;compJah=high_sil_isolated_checker;rastaFilter=none;backEnd=low_sil_doer_checker,True,2354,OPTIMAL,0.851,True,
2.00,PFmin,OPTIMAL,5768,OPTIMAL,99.769,5768,1915,"[806, 1915, 451]",11,480,5274,0,0,14,924,get_pixel=low_sil_doer_checker;gx=low_sil_doer_checker;gy=low_sil_doer_checker;abs=low_sil_doer_checker;getImage=none;usan=none;direction=none;thin=none;putImage=none;frontEnd=two_of_two_high_sil;rasta=none;powspec=none;audspec=none;compJah=two_of_two_high_sil;rastaFilter=none;backEnd=low_sil_doer_checker,True,2354,OPTIMAL,0.846,True,True
2.00,PFmax,OPTIMAL,5768,OPTIMAL,138.537,5768,1915,"[716, 1915, 451]",11,480,5274,0,0,14,924,get_pixel=low_sil_diverse_doer_checker;gx=low_sil_diverse_doer_checker;gy=low_sil_diverse_doer_checker;abs=low_sil_diverse_doer_checker;getImage=none;usan=none;direction=none;thin=none;putImage=none;frontEnd=two_of_two_high_sil;rasta=none;powspec=none;audspec=none;compJah=two_of_two_high_sil;rastaFilter=none;backEnd=low_sil_diverse_doer_checker,True,2354,OPTIMAL,0.833,True,True
2.00,NP,OPTIMAL,5768,SAT,300.526,5806,1915,"[789, 1915, 412]",13,518,5274,0,0,14,972,get_pixel=low_sil_diverse_doer_checker;gx=low_sil_diverse_doer_checker;gy=low_sil_doer_checker;abs=low_sil_doer_checker;getImage=none;usan=none;direction=none;thin=none;putImage=none;frontEnd=high_sil_isolated_checker;rasta=none;powspec=none;audspec=none;compJah=two_of_two_high_sil;rastaFilter=none;backEnd=low_sil_doer_checker,True,2354,OPTIMAL,0.888,True,
2.00,PFlight,OPTIMAL,5768,SAT,300.483,5768,1915,"[775, 1915, 449]",11,480,5274,0,0,14,924,get_pixel=low_sil_doer_checker;gx=low_sil_doer_checker;gy=low_sil_doer_checker;abs=low_sil_doer_checker;getImage=none;usan=none;direction=none;thin=none;putImage=none;frontEnd=high_sil_isolated_checker;rasta=none;powspec=none;audspec=none;compJah=high_sil_isolated_checker;rastaFilter=none;backEnd=low_sil_doer_checker,True,2354,OPTIMAL,0.796,True,
2.00,PFcheap,OPTIMAL,5768,SAT,300.572,5792,1915,"[449, 1915, 449]",10,504,5274,0,0,14,1024,get_pixel=low_sil_doer_checker;gx=low_sil_doer_checker;gy=low_sil_doer_checker;abs=low_sil_doer_checker;getImage=none;usan=none;direction=none;thin=none;putImage=none;frontEnd=high_sil_isolated_checker;rasta=none;powspec=none;audspec=none;compJah=high_sil_isolated_checker;rastaFilter=none;backEnd=low_sil_doer_checker,True,2354,OPTIMAL,0.825,True,
1.00,SL,UNSAT,,UNSAT,10.61,,,,,,,,,,,,,,,,,True
1.10,SL,UNSAT,,UNSAT,10.368,,,,,,,,,,,,,,,,,True
1.25,SL,UNSAT,,UNSAT,18.917,,,,,,,,,,,,,,,,,True
1.50,SL,UNSAT,,UNSAT,13.85,,,,,,,,,,,,,,,,,True
2.00,SL,UNSAT,,UNSAT,11.716,,,,,,,,,,,,,,,,,True
