instance,factor,baseline,rep,app,mu_star,period_ub,status,seconds,total_cost,mu_max,mu_list,nprocs,hw_cost,dev_cost,promotion_cost,partition_total,pattern_cost,power,patterns,verify_ok,mu_solver,pin_status,pin_seconds,pin_ok,fix_ok,step1_status,step1_seconds,step1_total_cost,step1_verify_ok
m_3app,-,min_period_alone,1,a_sobel,,,OPTIMAL,0.95,4277,416,[416],7,711,3558,1758,0,8,1152,get_pixel=low_sil_doer_checker;gx=low_sil_doer_checker;gy=low_sil_doer_checker;abs=low_sil_doer_checker,True,416,,,,,,,,
m_3app,-,min_period_alone,1,b_susan,,,OPTIMAL,1.244,1470,1177,[1177],8,664,800,0,0,6,923,getImage=one_of_two_failover;usan=none;direction=none;thin=one_of_two_failover;putImage=one_of_two_failover,True,1177,,,,,,,,
m_3app,-,min_period_alone,1,c_rasta,,,OPTIMAL,10.044,6567,235,[235],10,738,5820,2215,0,9,1304,frontEnd=high_sil_isolated_checker;rasta=none;powspec=one_of_two_failover;audspec=none;compJah=mixed_sil_doer_checker;rastaFilter=none;backEnd=low_sil_doer_checker,True,235,,,,,,,,
m_3app,none,joint,1,,,,OPTIMAL,41.374,5665,3323,"[1080, 3323, 1080]",6,377,5274,0,0,14,520,get_pixel=low_sil_doer_checker;gx=low_sil_doer_checker;gy=low_sil_doer_checker;abs=low_sil_doer_checker;getImage=none;usan=none;direction=none;thin=none;putImage=none;frontEnd=two_of_two_high_sil;rasta=none;powspec=none;audspec=none;compJah=two_of_two_high_sil;rastaFilter=none;backEnd=low_sil_doer_checker,True,4763,OPTIMAL,0.839,True,,,,,
m_3app,none,PFmin,1,,,,OPTIMAL,22.777,5665,3323,"[1183, 3323, 1183]",6,377,5274,0,0,14,520,get_pixel=low_sil_doer_checker;gx=low_sil_doer_checker;gy=low_sil_doer_checker;abs=low_sil_doer_checker;getImage=none;usan=none;direction=none;thin=none;putImage=none;frontEnd=two_of_two_high_sil;rasta=none;powspec=none;audspec=none;compJah=two_of_two_high_sil;rastaFilter=none;backEnd=low_sil_doer_checker,True,3323,OPTIMAL,0.901,True,True,,,,
m_3app,none,PFmax,1,,,,OPTIMAL,23.827,5690,3323,"[1130, 3323, 1130]",6,402,5274,0,0,14,435,get_pixel=low_sil_diverse_doer_checker;gx=low_sil_diverse_doer_checker;gy=low_sil_diverse_doer_checker;abs=low_sil_diverse_doer_checker;getImage=none;usan=none;direction=none;thin=none;putImage=none;frontEnd=two_of_two_high_sil;rasta=none;powspec=none;audspec=none;compJah=two_of_two_high_sil;rastaFilter=none;backEnd=low_sil_diverse_doer_checker,True,4657,OPTIMAL,0.836,True,True,,,,
m_3app,none,NP,1,,,,OPTIMAL,19.858,5665,3323,"[1224, 3323, 1224]",6,377,5274,0,0,14,350,get_pixel=low_sil_doer_checker;gx=low_sil_doer_checker;gy=low_sil_doer_checker;abs=low_sil_doer_checker;getImage=none;usan=none;direction=none;thin=none;putImage=none;frontEnd=high_sil_isolated_checker;rasta=none;powspec=none;audspec=none;compJah=two_of_two_high_sil;rastaFilter=none;backEnd=low_sil_doer_checker,True,6646,OPTIMAL,0.899,True,,,,,
m_3app,none,PFlight,1,,,,OPTIMAL,19.664,5665,3323,"[1242, 3323, 1242]",6,377,5274,0,0,14,520,get_pixel=low_sil_doer_checker;gx=low_sil_doer_checker;gy=low_sil_doer_checker;abs=low_sil_doer_checker;getImage=none;usan=none;direction=none;thin=none;putImage=none;frontEnd=high_sil_isolated_checker;rasta=none;powspec=none;audspec=none;compJah=high_sil_isolated_checker;rastaFilter=none;backEnd=low_sil_doer_checker,True,3323,OPTIMAL,0.817,True,True,,,,
m_3app,none,PFcheap,1,,,,OPTIMAL,18.92,5665,3323,"[1168, 3323, 1168]",6,377,5274,0,0,14,520,get_pixel=low_sil_doer_checker;gx=low_sil_doer_checker;gy=low_sil_doer_checker;abs=low_sil_doer_checker;getImage=none;usan=none;direction=none;thin=none;putImage=none;frontEnd=high_sil_isolated_checker;rasta=none;powspec=none;audspec=none;compJah=high_sil_isolated_checker;rastaFilter=none;backEnd=low_sil_doer_checker,True,3324,OPTIMAL,0.841,True,True,,,,
m_3app,none,joint,2,,,,OPTIMAL,43.972,5665,3323,"[1168, 3323, 1168]",6,377,5274,0,0,14,520,get_pixel=low_sil_doer_checker;gx=low_sil_doer_checker;gy=low_sil_doer_checker;abs=low_sil_doer_checker;getImage=none;usan=none;direction=none;thin=none;putImage=none;frontEnd=high_sil_isolated_checker;rasta=none;powspec=none;audspec=none;compJah=two_of_two_high_sil;rastaFilter=none;backEnd=low_sil_doer_checker,True,6646,OPTIMAL,0.904,True,,,,,
m_3app,none,joint,3,,,,OPTIMAL,37.477,5665,3323,"[1082, 3323, 1082]",6,377,5274,0,0,14,520,get_pixel=low_sil_doer_checker;gx=low_sil_doer_checker;gy=low_sil_doer_checker;abs=low_sil_doer_checker;getImage=none;usan=none;direction=none;thin=none;putImage=none;frontEnd=high_sil_isolated_checker;rasta=none;powspec=none;audspec=none;compJah=two_of_two_high_sil;rastaFilter=none;backEnd=low_sil_doer_checker,True,6646,OPTIMAL,0.831,True,,,,,
m_3app,none,joint,4,,,,OPTIMAL,63.295,5665,3323,"[1082, 3323, 1082]",6,377,5274,0,0,14,520,get_pixel=low_sil_doer_checker;gx=low_sil_doer_checker;gy=low_sil_doer_checker;abs=low_sil_doer_checker;getImage=none;usan=none;direction=none;thin=none;putImage=none;frontEnd=high_sil_isolated_checker;rasta=none;powspec=none;audspec=none;compJah=two_of_two_high_sil;rastaFilter=none;backEnd=low_sil_doer_checker,True,3323,OPTIMAL,0.84,True,,,,,
m_3app,none,joint,5,,,,OPTIMAL,46.328,5665,3323,"[1146, 3323, 1146]",6,377,5274,0,0,14,520,get_pixel=low_sil_doer_checker;gx=low_sil_doer_checker;gy=low_sil_doer_checker;abs=low_sil_doer_checker;getImage=none;usan=none;direction=none;thin=none;putImage=none;frontEnd=two_of_two_high_sil;rasta=none;powspec=none;audspec=none;compJah=two_of_two_high_sil;rastaFilter=none;backEnd=low_sil_doer_checker,True,3323,OPTIMAL,0.891,True,,,,,
m_3app,1.00,joint,1,,,"{""a_sobel"": 416, ""b_susan"": 1177, ""c_rasta"": 235}",UNSAT,15.858,,,,,,,,,,,,,,,,,,,,,
m_3app,1.00,PFmin,1,,,"{""a_sobel"": 416, ""b_susan"": 1177, ""c_rasta"": 235}",UNSAT,5.709,,,,,,,,,,,get_pixel=low_sil_doer_checker;gx=low_sil_doer_checker;gy=low_sil_doer_checker;abs=low_sil_doer_checker;getImage=none;usan=none;direction=none;thin=none;putImage=none;frontEnd=two_of_two_high_sil;rasta=none;powspec=none;audspec=none;compJah=two_of_two_high_sil;rastaFilter=none;backEnd=low_sil_doer_checker,,,,,,,,,,
m_3app,1.00,PFmax,1,,,"{""a_sobel"": 416, ""b_susan"": 1177, ""c_rasta"": 235}",UNSAT,5.595,,,,,,,,,,,get_pixel=low_sil_diverse_doer_checker;gx=low_sil_diverse_doer_checker;gy=low_sil_diverse_doer_checker;abs=low_sil_diverse_doer_checker;getImage=none;usan=none;direction=none;thin=none;putImage=none;frontEnd=two_of_two_high_sil;rasta=none;powspec=none;audspec=none;compJah=two_of_two_high_sil;rastaFilter=none;backEnd=low_sil_diverse_doer_checker,,,,,,,,,,
m_3app,1.00,NP,1,,,"{""a_sobel"": 416, ""b_susan"": 1177, ""c_rasta"": 235}",UNSAT,12.384,,,,,,,,,,,,,,,,,,,,,
m_3app,1.00,PFlight,1,,,"{""a_sobel"": 416, ""b_susan"": 1177, ""c_rasta"": 235}",UNSAT,11.109,,,,,,,,,,,get_pixel=low_sil_doer_checker;gx=low_sil_doer_checker;gy=low_sil_doer_checker;abs=low_sil_doer_checker;getImage=none;usan=none;direction=none;thin=none;putImage=none;frontEnd=high_sil_isolated_checker;rasta=none;powspec=none;audspec=none;compJah=high_sil_isolated_checker;rastaFilter=none;backEnd=low_sil_doer_checker,,,,,,,,,,
m_3app,1.00,PFcheap,1,,,"{""a_sobel"": 416, ""b_susan"": 1177, ""c_rasta"": 235}",UNSAT,10.776,,,,,,,,,,,get_pixel=low_sil_doer_checker;gx=low_sil_doer_checker;gy=low_sil_doer_checker;abs=low_sil_doer_checker;getImage=none;usan=none;direction=none;thin=none;putImage=none;frontEnd=high_sil_isolated_checker;rasta=none;powspec=none;audspec=none;compJah=high_sil_isolated_checker;rastaFilter=none;backEnd=low_sil_doer_checker,,,,,,,,,,
m_3app,1.10,joint,1,,,"{""a_sobel"": 458, ""b_susan"": 1295, ""c_rasta"": 259}",UNSAT,22.805,,,,,,,,,,,,,,,,,,,,,
m_3app,1.10,PFmin,1,,,"{""a_sobel"": 458, ""b_susan"": 1295, ""c_rasta"": 259}",UNSAT,6.046,,,,,,,,,,,get_pixel=low_sil_doer_checker;gx=low_sil_doer_checker;gy=low_sil_doer_checker;abs=low_sil_doer_checker;getImage=none;usan=none;direction=none;thin=none;putImage=none;frontEnd=two_of_two_high_sil;rasta=none;powspec=none;audspec=none;compJah=two_of_two_high_sil;rastaFilter=none;backEnd=low_sil_doer_checker,,,,,,,,,,
m_3app,1.10,PFmax,1,,,"{""a_sobel"": 458, ""b_susan"": 1295, ""c_rasta"": 259}",UNSAT,6.005,,,,,,,,,,,get_pixel=low_sil_diverse_doer_checker;gx=low_sil_diverse_doer_checker;gy=low_sil_diverse_doer_checker;abs=low_sil_diverse_doer_checker;getImage=none;usan=none;direction=none;thin=none;putImage=none;frontEnd=two_of_two_high_sil;rasta=none;powspec=none;audspec=none;compJah=two_of_two_high_sil;rastaFilter=none;backEnd=low_sil_diverse_doer_checker,,,,,,,,,,
m_3app,1.10,NP,1,,,"{""a_sobel"": 458, ""b_susan"": 1295, ""c_rasta"": 259}",UNSAT,14.315,,,,,,,,,,,,,,,,,,,,,
m_3app,1.10,PFlight,1,,,"{""a_sobel"": 458, ""b_susan"": 1295, ""c_rasta"": 259}",UNSAT,13.093,,,,,,,,,,,get_pixel=low_sil_doer_checker;gx=low_sil_doer_checker;gy=low_sil_doer_checker;abs=low_sil_doer_checker;getImage=none;usan=none;direction=none;thin=none;putImage=none;frontEnd=high_sil_isolated_checker;rasta=none;powspec=none;audspec=none;compJah=high_sil_isolated_checker;rastaFilter=none;backEnd=low_sil_doer_checker,,,,,,,,,,
m_3app,1.10,PFcheap,1,,,"{""a_sobel"": 458, ""b_susan"": 1295, ""c_rasta"": 259}",UNSAT,14.154,,,,,,,,,,,get_pixel=low_sil_doer_checker;gx=low_sil_doer_checker;gy=low_sil_doer_checker;abs=low_sil_doer_checker;getImage=none;usan=none;direction=none;thin=none;putImage=none;frontEnd=high_sil_isolated_checker;rasta=none;powspec=none;audspec=none;compJah=high_sil_isolated_checker;rastaFilter=none;backEnd=low_sil_doer_checker,,,,,,,,,,
m_3app,1.25,joint,1,,,"{""a_sobel"": 520, ""b_susan"": 1472, ""c_rasta"": 294}",OPTIMAL,221.343,5866,1436,"[499, 1436, 282]",15,578,5274,0,0,14,1320,get_pixel=low_sil_diverse_doer_checker;gx=low_sil_doer_checker;gy=low_sil_doer_checker;abs=low_sil_doer_checker;getImage=none;usan=none;direction=none;thin=none;putImage=none;frontEnd=two_of_two_high_sil;rasta=none;powspec=none;audspec=none;compJah=high_sil_isolated_checker;rastaFilter=none;backEnd=low_sil_doer_checker,True,1472,OPTIMAL,0.839,True,,,,,
m_3app,1.25,PFmin,1,,,"{""a_sobel"": 520, ""b_susan"": 1472, ""c_rasta"": 294}",UNSAT,8.901,,,,,,,,,,,get_pixel=low_sil_doer_checker;gx=low_sil_doer_checker;gy=low_sil_doer_checker;abs=low_sil_doer_checker;getImage=none;usan=none;direction=none;thin=none;putImage=none;frontEnd=two_of_two_high_sil;rasta=none;powspec=none;audspec=none;compJah=two_of_two_high_sil;rastaFilter=none;backEnd=low_sil_doer_checker,,,,,,,,,,
m_3app,1.25,PFmax,1,,,"{""a_sobel"": 520, ""b_susan"": 1472, ""c_rasta"": 294}",UNSAT,8.292,,,,,,,,,,,get_pixel=low_sil_diverse_doer_checker;gx=low_sil_diverse_doer_checker;gy=low_sil_diverse_doer_checker;abs=low_sil_diverse_doer_checker;getImage=none;usan=none;direction=none;thin=none;putImage=none;frontEnd=two_of_two_high_sil;rasta=none;powspec=none;audspec=none;compJah=two_of_two_high_sil;rastaFilter=none;backEnd=low_sil_diverse_doer_checker,,,,,,,,,,
m_3app,1.25,NP,1,,,"{""a_sobel"": 520, ""b_susan"": 1472, ""c_rasta"": 294}",OPTIMAL,61.419,5866,1436,"[499, 1436, 287]",15,578,5274,0,0,14,1065,get_pixel=low_sil_doer_checker;gx=low_sil_doer_checker;gy=low_sil_doer_checker;abs=low_sil_doer_checker;getImage=none;usan=none;direction=none;thin=none;putImage=none;frontEnd=high_sil_isolated_checker;rasta=none;powspec=none;audspec=none;compJah=high_sil_isolated_checker;rastaFilter=none;backEnd=low_sil_doer_checker,True,1472,OPTIMAL,0.823,True,,,,,
m_3app,1.25,PFlight,1,,,"{""a_sobel"": 520, ""b_susan"": 1472, ""c_rasta"": 294}",OPTIMAL,51.521,5866,1436,"[499, 1436, 282]",15,578,5274,0,0,14,1235,get_pixel=low_sil_doer_checker;gx=low_sil_doer_checker;gy=low_sil_doer_checker;abs=low_sil_doer_checker;getImage=none;usan=none;direction=none;thin=none;putImage=none;frontEnd=high_sil_isolated_checker;rasta=none;powspec=none;audspec=none;compJah=high_sil_isolated_checker;rastaFilter=none;backEnd=low_sil_doer_checker,True,1472,OPTIMAL,0.888,True,True,,,,
m_3app,1.25,PFcheap,1,,,"{""a_sobel"": 520, ""b_susan"": 1472, ""c_rasta"": 294}",OPTIMAL,56.414,5866,1436,"[499, 1436, 282]",15,578,5274,0,0,14,1320,get_pixel=low_sil_doer_checker;gx=low_sil_doer_checker;gy=low_sil_doer_checker;abs=low_sil_doer_checker;getImage=none;usan=none;direction=none;thin=none;putImage=none;frontEnd=high_sil_isolated_checker;rasta=none;powspec=none;audspec=none;compJah=high_sil_isolated_checker;rastaFilter=none;backEnd=low_sil_doer_checker,True,1472,OPTIMAL,0.945,True,True,,,,
m_3app,1.50,joint,1,,,"{""a_sobel"": 624, ""b_susan"": 1766, ""c_rasta"": 353}",OPTIMAL,152.337,5852,1436,"[607, 1436, 319]",14,564,5274,0,0,14,1216,get_pixel=low_sil_diverse_doer_checker;gx=low_sil_diverse_doer_checker;gy=low_sil_doer_checker;abs=low_sil_doer_checker;getImage=none;usan=none;direction=none;thin=none;putImage=none;frontEnd=high_sil_isolated_checker;rasta=none;powspec=none;audspec=none;compJah=high_sil_isolated_checker;rastaFilter=none;backEnd=low_sil_doer_checker,True,1766,OPTIMAL,0.89,True,,,,,
m_3app,1.50,PFmin,1,,,"{""a_sobel"": 624, ""b_susan"": 1766, ""c_rasta"": 353}",OPTIMAL,45.618,5852,1436,"[538, 1436, 340]",14,564,5274,0,0,14,1131,get_pixel=low_sil_doer_checker;gx=low_sil_doer_checker;gy=low_sil_doer_checker;abs=low_sil_doer_checker;getImage=none;usan=none;direction=none;thin=none;putImage=none;frontEnd=two_of_two_high_sil;rasta=none;powspec=none;audspec=none;compJah=two_of_two_high_sil;rastaFilter=none;backEnd=low_sil_doer_checker,True,1766,OPTIMAL,0.903,True,True,,,,
m_3app,1.50,PFmax,1,,,"{""a_sobel"": 624, ""b_susan"": 1766, ""c_rasta"": 353}",OPTIMAL,38.272,5852,1436,"[538, 1436, 340]",14,564,5274,0,0,14,1216,get_pixel=low_sil_diverse_doer_checker;gx=low_sil_diverse_doer_checker;gy=low_sil_diverse_doer_checker;abs=low_sil_diverse_doer_checker;getImage=none;usan=none;direction=none;thin=none;putImage=none;frontEnd=two_of_two_high_sil;rasta=none;powspec=none;audspec=none;compJah=two_of_two_high_sil;rastaFilter=none;backEnd=low_sil_diverse_doer_checker,True,1766,OPTIMAL,0.883,True,True,,,,
m_3app,1.50,NP,1,,,"{""a_sobel"": 624, ""b_susan"": 1766, ""c_rasta"": 353}",OPTIMAL,56.27,5852,1436,"[538, 1436, 319]",14,564,5274,0,0,14,1216,get_pixel=low_sil_diverse_doer_checker;gx=low_sil_doer_checker;gy=low_sil_doer_checker;abs=low_sil_doer_checker;getImage=none;usan=none;direction=none;thin=none;putImage=none;frontEnd=high_sil_isolated_checker;rasta=none;powspec=none;audspec=none;compJah=high_sil_isolated_checker;rastaFilter=none;backEnd=low_sil_doer_checker,True,1766,OPTIMAL,0.855,True,,,,,
m_3app,1.50,PFlight,1,,,"{""a_sobel"": 624, ""b_susan"": 1766, ""c_rasta"": 353}",OPTIMAL,47.37,5852,1436,"[597, 1436, 319]",14,564,5274,0,0,14,1131,get_pixel=low_sil_doer_checker;gx=low_sil_doer_checker;gy=low_sil_doer_checker;abs=low_sil_doer_checker;getImage=none;usan=none;direction=none;thin=none;putImage=none;frontEnd=high_sil_isolated_checker;rasta=none;powspec=none;audspec=none;compJah=high_sil_isolated_checker;rastaFilter=none;backEnd=low_sil_doer_checker,True,1766,OPTIMAL,0.854,True,True,,,,
m_3app,1.50,PFcheap,1,,,"{""a_sobel"": 624, ""b_susan"": 1766, ""c_rasta"": 353}",OPTIMAL,52.307,5852,1436,"[538, 1436, 319]",14,564,5274,0,0,14,1216,get_pixel=low_sil_doer_checker;gx=low_sil_doer_checker;gy=low_sil_doer_checker;abs=low_sil_doer_checker;getImage=none;usan=none;direction=none;thin=none;putImage=none;frontEnd=high_sil_isolated_checker;rasta=none;powspec=none;audspec=none;compJah=high_sil_isolated_checker;rastaFilter=none;backEnd=low_sil_doer_checker,True,1766,OPTIMAL,0.859,True,True,,,,
m_3app,2.00,joint,1,,,"{""a_sobel"": 832, ""b_susan"": 2354, ""c_rasta"": 470}",OPTIMAL,135.504,5768,1915,"[716, 1915, 449]",11,480,5274,0,0,14,924,get_pixel=low_sil_diverse_doer_checker;gx=low_sil_doer_checker;gy=low_sil_doer_checker;abs=low_sil_doer_checker;getImage=none;usan=none;direction=none;thin=none;putImage=none;frontEnd=high_sil_isolated_checker;rasta=none;powspec=none;audspec=none;compJah=high_sil_isolated_checker;rastaFilter=none;backEnd=low_sil_doer_checker,True,2354,OPTIMAL,0.836,True,,,,,
m_3app,2.00,PFmin,1,,,"{""a_sobel"": 832, ""b_susan"": 2354, ""c_rasta"": 470}",OPTIMAL,40.903,5768,1915,"[683, 1915, 451]",11,480,5274,0,0,14,924,get_pixel=low_sil_doer_checker;gx=low_sil_doer_checker;gy=low_sil_doer_checker;abs=low_sil_doer_checker;getImage=none;usan=none;direction=none;thin=none;putImage=none;frontEnd=two_of_two_high_sil;rasta=none;powspec=none;audspec=none;compJah=two_of_two_high_sil;rastaFilter=none;backEnd=low_sil_doer_checker,True,2354,OPTIMAL,0.864,True,True,,,,
m_3app,2.00,PFmax,1,,,"{""a_sobel"": 832, ""b_susan"": 2354, ""c_rasta"": 470}",OPTIMAL,34.316,5768,1915,"[818, 1915, 451]",11,480,5274,0,0,14,924,get_pixel=low_sil_diverse_doer_checker;gx=low_sil_diverse_doer_checker;gy=low_sil_diverse_doer_checker;abs=low_sil_diverse_doer_checker;getImage=none;usan=none;direction=none;thin=none;putImage=none;frontEnd=two_of_two_high_sil;rasta=none;powspec=none;audspec=none;compJah=two_of_two_high_sil;rastaFilter=none;backEnd=low_sil_diverse_doer_checker,True,2354,OPTIMAL,0.895,True,True,,,,
m_3app,2.00,NP,1,,,"{""a_sobel"": 832, ""b_susan"": 2354, ""c_rasta"": 470}",OPTIMAL,29.88,5768,1915,"[759, 1915, 451]",11,480,5274,0,0,14,924,get_pixel=low_sil_doer_checker;gx=low_sil_doer_checker;gy=low_sil_doer_checker;abs=low_sil_doer_checker;getImage=none;usan=none;direction=none;thin=none;putImage=none;frontEnd=two_of_two_high_sil;rasta=none;powspec=none;audspec=none;compJah=high_sil_isolated_checker;rastaFilter=none;backEnd=low_sil_doer_checker,True,2354,OPTIMAL,0.861,True,,,,,
m_3app,2.00,PFlight,1,,,"{""a_sobel"": 832, ""b_susan"": 2354, ""c_rasta"": 470}",OPTIMAL,38.581,5768,1915,"[816, 1915, 449]",11,480,5274,0,0,14,924,get_pixel=low_sil_doer_checker;gx=low_sil_doer_checker;gy=low_sil_doer_checker;abs=low_sil_doer_checker;getImage=none;usan=none;direction=none;thin=none;putImage=none;frontEnd=high_sil_isolated_checker;rasta=none;powspec=none;audspec=none;compJah=high_sil_isolated_checker;rastaFilter=none;backEnd=low_sil_doer_checker,True,2354,OPTIMAL,0.823,True,True,,,,
m_3app,2.00,PFcheap,1,,,"{""a_sobel"": 832, ""b_susan"": 2354, ""c_rasta"": 470}",OPTIMAL,31.541,5768,1915,"[812, 1915, 449]",11,480,5274,0,0,14,924,get_pixel=low_sil_doer_checker;gx=low_sil_doer_checker;gy=low_sil_doer_checker;abs=low_sil_doer_checker;getImage=none;usan=none;direction=none;thin=none;putImage=none;frontEnd=high_sil_isolated_checker;rasta=none;powspec=none;audspec=none;compJah=high_sil_isolated_checker;rastaFilter=none;backEnd=low_sil_doer_checker,True,2354,OPTIMAL,0.822,True,True,,,,
m_3app,none,SL,1,,,,OPTIMAL,22.847,5690,3323,"[1168, 3323, 1168]",6,402,5274,0,0,14,520,get_pixel=low_sil_diverse_doer_checker;gx=low_sil_diverse_doer_checker;gy=low_sil_diverse_doer_checker;abs=low_sil_diverse_doer_checker;getImage=none;usan=none;direction=none;thin=none;putImage=none;frontEnd=high_sil_isolated_checker;rasta=none;powspec=none;audspec=none;compJah=two_of_two_high_sil;rastaFilter=none;backEnd=low_sil_diverse_doer_checker,True,6646,OPTIMAL,0.742,True,True,OPTIMAL,10.521,3328,True
m_3app,1.00,SL,1,,,"{""a_sobel"": 416, ""b_susan"": 1177, ""c_rasta"": 235}",UNSAT,10.516,,,,,,,,,,,,,,,,,,OPTIMAL,8.162,3639,True
m_3app,1.10,SL,1,,,"{""a_sobel"": 458, ""b_susan"": 1295, ""c_rasta"": 259}",UNSAT,10.158,,,,,,,,,,,,,,,,,,OPTIMAL,7.755,3628,True
m_3app,1.25,SL,1,,,"{""a_sobel"": 520, ""b_susan"": 1472, ""c_rasta"": 294}",UNSAT,18.168,,,,,,,,,,,,,,,,,,OPTIMAL,15.107,3469,True
m_3app,1.50,SL,1,,,"{""a_sobel"": 624, ""b_susan"": 1766, ""c_rasta"": 353}",UNSAT,13.806,,,,,,,,,,,,,,,,,,OPTIMAL,10.618,3433,True
m_3app,2.00,SL,1,,,"{""a_sobel"": 832, ""b_susan"": 2354, ""c_rasta"": 470}",UNSAT,11.816,,,,,,,,,,,,,,,,,,OPTIMAL,9.415,3417,True
