part,instance,operator,mutant,exact_status
solution,c_pat,place,0,UNSAT
solution,c_pat,place,1,UNSAT
solution,c_pat,place,2,UNSAT
solution,c_pat,sil_node,2,UNSAT
solution,c_pat,sil_node,4,UNSAT
solution,c_pat,sil_node,5,UNSAT
solution,c_pat,sil_node,7,UNSAT
solution,c_pat,sil_node,8,UNSAT
solution,c_pat,sil_core,0,UNSAT
solution,c_pat,sil_core,1,UNSAT
solution,c_pat,sil_core,2,UNSAT
solution,c_pat,sil_core,3,UNSAT
solution,c_pat,sil_core,4,UNSAT
solution,c_pat,ceiling,0,UNSAT
solution,c_pat,ceiling,1,UNSAT
solution,c_pat,ceiling,2,UNSAT
solution,c_pat,mix,0,UNSAT
solution,c_pat,mix,1,UNSAT
solution,c_pat,mix,2,UNSAT
solution,c_pat,part_forge,0,UNSAT
solution,c_pat,part_forge,1,UNSAT
solution,c_pat,part_forge,2,UNSAT
solution,c_pat,period,0,UNSAT
solution,c_pat,wcet,5,UNSAT
solution,c_pat,wcet,6,UNSAT
solution,c_pat,wcet,7,UNSAT
solution,c_pat,wcet,8,UNSAT
solution,c_pat,wcet,9,UNSAT
solution,c_pat,order_split,0,UNSAT
solution,c_pat,order_split,1,UNSAT
solution,c_pat,order_split,2,UNSAT
solution,c_pat,order_cycle,0,UNSAT
solution,c_pat,order_cycle,1,UNSAT
solution,c_pat,order_cycle,2,UNSAT
solution,c_pat,order_cross,0,UNSAT
solution,c_pat,order_cross,1,UNSAT
solution,c_pat,deactivate,0,UNSAT
solution,c_pat,deactivate,1,UNSAT
solution,c_pat,deactivate,2,UNSAT
solution,c_pat,pattern_none,0,UNSAT
solution,c_pat,pattern_none,1,UNSAT
solution,c_pat,pattern_none,2,UNSAT
solution,c_pat,cost,0,COSTS
solution,d_random_hw,place,0,UNSAT
solution,d_random_hw,place,1,UNSAT
solution,d_random_hw,place,2,UNSAT
solution,d_random_hw,sil_node,2,UNSAT
solution,d_random_hw,sil_node,3,UNSAT
solution,d_random_hw,sil_node,6,UNSAT
solution,d_random_hw,sil_node,8,UNSAT
solution,d_random_hw,sil_node,9,UNSAT
solution,d_random_hw,sil_core,0,UNSAT
solution,d_random_hw,sil_core,1,UNSAT
solution,d_random_hw,sil_core,2,UNSAT
solution,d_random_hw,ceiling,0,UNSAT
solution,d_random_hw,ceiling,1,UNSAT
solution,d_random_hw,ceiling,2,UNSAT
solution,d_random_hw,mix,0,UNSAT
solution,d_random_hw,part_forge,0,UNSAT
solution,d_random_hw,period,0,UNSAT
solution,d_random_hw,wcet,1,UNSAT
solution,d_random_hw,wcet,3,UNSAT
solution,d_random_hw,wcet,5,UNSAT
solution,d_random_hw,wcet,7,UNSAT
solution,d_random_hw,wcet,9,UNSAT
solution,d_random_hw,order_split,0,UNSAT
solution,d_random_hw,order_split,1,UNSAT
solution,d_random_hw,order_split,2,UNSAT
solution,d_random_hw,order_cycle,0,UNSAT
solution,d_random_hw,order_cycle,1,UNSAT
solution,d_random_hw,order_cycle,2,UNSAT
solution,d_random_hw,order_cross,0,UNSAT
solution,d_random_hw,deactivate,0,UNSAT
solution,d_random_hw,deactivate,1,UNSAT
solution,d_random_hw,deactivate,2,UNSAT
solution,d_random_hw,pattern_none,0,UNSAT
solution,d_random_hw,pattern_none,1,UNSAT
solution,d_random_hw,pattern_none,2,UNSAT
solution,d_random_hw,cost,0,COSTS
solution,d_systematic_sw,place,0,UNSAT
solution,d_systematic_sw,place,1,UNSAT
solution,d_systematic_sw,place,2,UNSAT
solution,d_systematic_sw,sil_node,0,UNSAT
solution,d_systematic_sw,sil_node,1,UNSAT
solution,d_systematic_sw,sil_node,3,UNSAT
solution,d_systematic_sw,sil_node,6,UNSAT
solution,d_systematic_sw,sil_node,7,UNSAT
solution,d_systematic_sw,sil_core,0,UNSAT
solution,d_systematic_sw,sil_core,1,UNSAT
solution,d_systematic_sw,ceiling,0,UNSAT
solution,d_systematic_sw,ceiling,1,UNSAT
solution,d_systematic_sw,mix,0,UNSAT
solution,d_systematic_sw,part_forge,0,UNSAT
solution,d_systematic_sw,period,0,UNSAT
solution,d_systematic_sw,wcet,1,UNSAT
solution,d_systematic_sw,wcet,2,UNSAT
solution,d_systematic_sw,wcet,4,UNSAT
solution,d_systematic_sw,wcet,5,UNSAT
solution,d_systematic_sw,wcet,7,UNSAT
solution,d_systematic_sw,order_split,0,UNSAT
solution,d_systematic_sw,order_split,1,UNSAT
solution,d_systematic_sw,order_cycle,0,UNSAT
solution,d_systematic_sw,order_cycle,1,UNSAT
solution,d_systematic_sw,deactivate,0,UNSAT
solution,d_systematic_sw,deactivate,1,UNSAT
solution,d_systematic_sw,deactivate,2,UNSAT
solution,d_systematic_sw,pattern_none,0,UNSAT
solution,d_systematic_sw,pattern_none,1,UNSAT
solution,d_systematic_sw,pattern_none,2,UNSAT
solution,d_systematic_sw,cost,0,COSTS
solution,f_both3,place,0,UNSAT
solution,f_both3,place,1,UNSAT
solution,f_both3,place,2,UNSAT
solution,f_both3,sil_node,0,UNSAT
solution,f_both3,sil_node,2,UNSAT
solution,f_both3,sil_node,4,UNSAT
solution,f_both3,sil_node,5,UNSAT
solution,f_both3,sil_node,9,UNSAT
solution,f_both3,sil_core,0,UNSAT
solution,f_both3,sil_core,1,UNSAT
solution,f_both3,sil_core,2,UNSAT
solution,f_both3,sil_core,3,UNSAT
solution,f_both3,sil_core,4,UNSAT
solution,f_both3,ceiling,0,UNSAT
solution,f_both3,ceiling,1,UNSAT
solution,f_both3,mix,0,UNSAT
solution,f_both3,mix,1,UNSAT
solution,f_both3,mix,2,UNSAT
solution,f_both3,part_forge,0,UNSAT
solution,f_both3,part_forge,1,UNSAT
solution,f_both3,part_forge,2,UNSAT
solution,f_both3,period,0,UNSAT
solution,f_both3,wcet,1,UNSAT
solution,f_both3,wcet,5,UNSAT
solution,f_both3,wcet,6,UNSAT
solution,f_both3,wcet,7,UNSAT
solution,f_both3,wcet,8,UNSAT
solution,f_both3,order_split,0,UNSAT
solution,f_both3,order_split,1,UNSAT
solution,f_both3,order_split,2,UNSAT
solution,f_both3,order_cycle,0,UNSAT
solution,f_both3,order_cycle,1,UNSAT
solution,f_both3,order_cycle,2,UNSAT
solution,f_both3,order_cross,0,UNSAT
solution,f_both3,order_cross,1,UNSAT
solution,f_both3,order_cross,2,UNSAT
solution,f_both3,deactivate,0,UNSAT
solution,f_both3,deactivate,1,UNSAT
solution,f_both3,deactivate,2,UNSAT
solution,f_both3,pattern_none,0,UNSAT
solution,f_both3,pattern_none,1,UNSAT
solution,f_both3,pattern_none,2,UNSAT
solution,f_both3,cost,0,COSTS
solution,f_random_hw,place,0,UNSAT
solution,f_random_hw,place,1,UNSAT
solution,f_random_hw,place,2,UNSAT
solution,f_random_hw,sil_node,2,UNSAT
solution,f_random_hw,sil_node,4,UNSAT
solution,f_random_hw,sil_node,5,UNSAT
solution,f_random_hw,sil_node,7,UNSAT
solution,f_random_hw,sil_node,9,UNSAT
solution,f_random_hw,sil_core,0,UNSAT
solution,f_random_hw,sil_core,1,UNSAT
solution,f_random_hw,sil_core,2,UNSAT
solution,f_random_hw,sil_core,3,UNSAT
solution,f_random_hw,sil_core,4,UNSAT
solution,f_random_hw,ceiling,0,UNSAT
solution,f_random_hw,ceiling,1,UNSAT
solution,f_random_hw,ceiling,2,UNSAT
solution,f_random_hw,mix,0,UNSAT
solution,f_random_hw,mix,1,UNSAT
solution,f_random_hw,mix,2,UNSAT
solution,f_random_hw,part_forge,0,UNSAT
solution,f_random_hw,part_forge,1,UNSAT
solution,f_random_hw,part_forge,2,UNSAT
solution,f_random_hw,period,0,UNSAT
solution,f_random_hw,wcet,1,UNSAT
solution,f_random_hw,wcet,2,UNSAT
solution,f_random_hw,wcet,3,UNSAT
solution,f_random_hw,wcet,5,UNSAT
solution,f_random_hw,wcet,8,UNSAT
solution,f_random_hw,order_split,0,UNSAT
solution,f_random_hw,order_split,1,UNSAT
solution,f_random_hw,order_split,2,UNSAT
solution,f_random_hw,order_cycle,0,UNSAT
solution,f_random_hw,order_cycle,1,UNSAT
solution,f_random_hw,order_cycle,2,UNSAT
solution,f_random_hw,order_cross,0,UNSAT
solution,f_random_hw,order_cross,1,UNSAT
solution,f_random_hw,order_cross,2,UNSAT
solution,f_random_hw,deactivate,0,UNSAT
solution,f_random_hw,deactivate,1,UNSAT
solution,f_random_hw,deactivate,2,UNSAT
solution,f_random_hw,pattern_none,0,UNSAT
solution,f_random_hw,pattern_none,1,UNSAT
solution,f_random_hw,pattern_none,2,UNSAT
solution,f_random_hw,cost,0,COSTS
solution,f_sw3,place,0,UNSAT
solution,f_sw3,place,1,UNSAT
solution,f_sw3,place,2,UNSAT
solution,f_sw3,sil_node,2,UNSAT
solution,f_sw3,sil_node,4,UNSAT
solution,f_sw3,sil_node,7,UNSAT
solution,f_sw3,sil_node,8,UNSAT
solution,f_sw3,sil_node,9,UNSAT
solution,f_sw3,sil_core,0,UNSAT
solution,f_sw3,sil_core,1,UNSAT
solution,f_sw3,sil_core,2,UNSAT
solution,f_sw3,sil_core,3,UNSAT
solution,f_sw3,ceiling,0,UNSAT
solution,f_sw3,ceiling,1,UNSAT
solution,f_sw3,mix,0,UNSAT
solution,f_sw3,mix,1,UNSAT
solution,f_sw3,mix,2,UNSAT
solution,f_sw3,part_forge,0,UNSAT
solution,f_sw3,part_forge,1,UNSAT
solution,f_sw3,part_forge,2,UNSAT
solution,f_sw3,period,0,UNSAT
solution,f_sw3,wcet,1,UNSAT
solution,f_sw3,wcet,2,UNSAT
solution,f_sw3,wcet,3,UNSAT
solution,f_sw3,wcet,5,UNSAT
solution,f_sw3,wcet,6,UNSAT
solution,f_sw3,order_split,0,UNSAT
solution,f_sw3,order_split,1,UNSAT
solution,f_sw3,order_split,2,UNSAT
solution,f_sw3,order_split,3,UNSAT
solution,f_sw3,order_cycle,0,UNSAT
solution,f_sw3,order_cycle,1,UNSAT
solution,f_sw3,order_cycle,2,UNSAT
solution,f_sw3,order_cycle,3,UNSAT
solution,f_sw3,order_cross,0,UNSAT
solution,f_sw3,order_cross,1,UNSAT
solution,f_sw3,deactivate,0,UNSAT
solution,f_sw3,deactivate,1,UNSAT
solution,f_sw3,deactivate,2,UNSAT
solution,f_sw3,pattern_none,0,UNSAT
solution,f_sw3,pattern_none,1,UNSAT
solution,f_sw3,pattern_none,2,UNSAT
solution,f_sw3,cost,0,COSTS
solution,p_rasta,place,0,UNSAT
solution,p_rasta,place,1,UNSAT
solution,p_rasta,place,2,UNSAT
solution,p_rasta,sil_node,1,UNSAT
solution,p_rasta,sil_node,3,UNSAT
solution,p_rasta,sil_node,4,UNSAT
solution,p_rasta,sil_node,7,UNSAT
solution,p_rasta,sil_node,9,UNSAT
solution,p_rasta,sil_core,0,UNSAT
solution,p_rasta,sil_core,1,UNSAT
solution,p_rasta,period,0,UNSAT
solution,p_rasta,wcet,0,UNSAT
solution,p_rasta,wcet,1,UNSAT
solution,p_rasta,wcet,3,UNSAT
solution,p_rasta,wcet,4,UNSAT
solution,p_rasta,wcet,9,UNSAT
solution,p_rasta,order_split,0,UNSAT
solution,p_rasta,order_split,1,UNSAT
solution,p_rasta,order_cycle,0,UNSAT
solution,p_rasta,order_cycle,1,UNSAT
solution,p_rasta,order_cross,0,UNSAT
solution,p_rasta,deactivate,0,UNSAT
solution,p_rasta,deactivate,1,UNSAT
solution,p_rasta,deactivate,2,UNSAT
solution,p_rasta,pattern_none,0,UNSAT
solution,p_rasta,pattern_none,1,UNSAT
solution,p_rasta,pattern_none,2,UNSAT
solution,p_rasta,cost,0,COSTS
solution,pc_sobel,place,0,UNSAT
solution,pc_sobel,sil_node,0,UNSAT
solution,pc_sobel,sil_node,1,UNSAT
solution,pc_sobel,sil_node,2,UNSAT
solution,pc_sobel,sil_node,3,UNSAT
solution,pc_sobel,sil_node,4,UNSAT
solution,pc_sobel,sil_core,0,UNSAT
solution,pc_sobel,sil_core,1,UNSAT
solution,pc_sobel,sil_core,2,UNSAT
solution,pc_sobel,mix,0,UNSAT
solution,pc_sobel,part_forge,0,UNSAT
solution,pc_sobel,period,0,UNSAT
solution,pc_sobel,wcet,0,UNSAT
solution,pc_sobel,wcet,1,UNSAT
solution,pc_sobel,wcet,2,UNSAT
solution,pc_sobel,wcet,3,UNSAT
solution,pc_sobel,wcet,4,UNSAT
solution,pc_sobel,order_split,0,UNSAT
solution,pc_sobel,order_cycle,0,UNSAT
solution,pc_sobel,order_cross,0,UNSAT
solution,pc_sobel,order_cross,1,UNSAT
solution,pc_sobel,deactivate,0,UNSAT
solution,pc_sobel,pattern_none,0,UNSAT
solution,pc_sobel,cost,0,COSTS
solution,v_nvp,place,0,UNSAT
solution,v_nvp,place,1,UNSAT
solution,v_nvp,place,2,UNSAT
solution,v_nvp,place,3,UNSAT
solution,v_nvp,place,4,UNSAT
solution,v_nvp,sil_node,1,UNSAT
solution,v_nvp,sil_node,4,UNSAT
solution,v_nvp,sil_node,5,UNSAT
solution,v_nvp,sil_node,11,UNSAT
solution,v_nvp,sil_node,13,UNSAT
solution,v_nvp,sil_core,0,UNSAT
solution,v_nvp,sil_core,1,UNSAT
solution,v_nvp,sil_core,2,UNSAT
solution,v_nvp,sil_core,4,UNSAT
solution,v_nvp,sil_core,5,UNSAT
solution,v_nvp,ceiling,0,UNSAT
solution,v_nvp,ceiling,1,UNSAT
solution,v_nvp,mix,0,UNSAT
solution,v_nvp,mix,1,UNSAT
solution,v_nvp,mix,2,UNSAT
solution,v_nvp,mix,3,UNSAT
solution,v_nvp,part_forge,0,UNSAT
solution,v_nvp,part_forge,1,UNSAT
solution,v_nvp,part_forge,2,UNSAT
solution,v_nvp,part_forge,3,UNSAT
solution,v_nvp,period,0,UNSAT
solution,v_nvp,wcet,2,UNSAT
solution,v_nvp,wcet,3,UNSAT
solution,v_nvp,wcet,5,UNSAT
solution,v_nvp,wcet,9,UNSAT
solution,v_nvp,wcet,11,UNSAT
solution,v_nvp,order_split,0,UNSAT
solution,v_nvp,order_split,1,UNSAT
solution,v_nvp,order_split,2,UNSAT
solution,v_nvp,order_split,3,UNSAT
solution,v_nvp,order_cycle,0,UNSAT
solution,v_nvp,order_cycle,1,UNSAT
solution,v_nvp,order_cycle,2,UNSAT
solution,v_nvp,order_cycle,3,UNSAT
solution,v_nvp,order_cross,0,UNSAT
solution,v_nvp,order_cross,1,UNSAT
solution,v_nvp,deactivate,1,UNSAT
solution,v_nvp,deactivate,2,UNSAT
solution,v_nvp,deactivate,3,UNSAT
solution,v_nvp,deactivate,4,UNSAT
solution,v_nvp,deactivate,6,UNSAT
solution,v_nvp,pattern_none,0,UNSAT
solution,v_nvp,pattern_none,1,UNSAT
solution,v_nvp,pattern_none,2,UNSAT
solution,v_nvp,cost,0,COSTS
solution,m_3app,place,1,UNSAT
solution,m_3app,place,2,UNSAT
solution,m_3app,place,4,UNSAT
solution,m_3app,place,5,UNSAT
solution,m_3app,place,6,UNSAT
solution,m_3app,sil_node,2,UNSAT
solution,m_3app,sil_node,6,UNSAT
solution,m_3app,sil_node,15,UNSAT
solution,m_3app,sil_node,16,UNSAT
solution,m_3app,sil_node,17,UNSAT
solution,m_3app,sil_core,0,UNSAT
solution,m_3app,sil_core,1,UNSAT
solution,m_3app,sil_core,2,UNSAT
solution,m_3app,sil_core,3,UNSAT
solution,m_3app,sil_core,4,UNSAT
solution,m_3app,ceiling,0,UNSAT
solution,m_3app,ceiling,1,UNSAT
solution,m_3app,ceiling,2,UNSAT
solution,m_3app,ceiling,3,UNSAT
solution,m_3app,mix,0,UNSAT
solution,m_3app,mix,1,UNSAT
solution,m_3app,mix,2,UNSAT
solution,m_3app,mix,3,UNSAT
solution,m_3app,part_forge,0,UNSAT
solution,m_3app,part_forge,1,UNSAT
solution,m_3app,part_forge,2,UNSAT
solution,m_3app,part_forge,3,UNSAT
solution,m_3app,period,0,UNSAT
solution,m_3app,period,1,UNSAT
solution,m_3app,period,2,UNSAT
solution,m_3app,wcet,10,UNSAT
solution,m_3app,wcet,13,UNSAT
solution,m_3app,wcet,15,UNSAT
solution,m_3app,wcet,19,UNSAT
solution,m_3app,wcet,21,UNSAT
solution,m_3app,order_split,0,UNSAT
solution,m_3app,order_split,1,UNSAT
solution,m_3app,order_split,3,UNSAT
solution,m_3app,order_split,4,UNSAT
solution,m_3app,order_split,5,UNSAT
solution,m_3app,order_cycle,0,UNSAT
solution,m_3app,order_cycle,1,UNSAT
solution,m_3app,order_cycle,2,UNSAT
solution,m_3app,order_cycle,4,UNSAT
solution,m_3app,order_cycle,5,UNSAT
solution,m_3app,order_cross,0,UNSAT
solution,m_3app,order_cross,1,UNSAT
solution,m_3app,order_cross,2,UNSAT
solution,m_3app,deactivate,0,UNSAT
solution,m_3app,deactivate,1,UNSAT
solution,m_3app,deactivate,2,UNSAT
solution,m_3app,deactivate,4,UNSAT
solution,m_3app,deactivate,5,UNSAT
solution,m_3app,pattern_none,0,UNSAT
solution,m_3app,pattern_none,1,UNSAT
solution,m_3app,pattern_none,2,UNSAT
solution,m_3app,pattern_none,4,UNSAT
solution,m_3app,pattern_none,5,UNSAT
solution,m_3app,cost,0,COSTS
model,c_pat,placement,0,UNSAT
model,d_random_hw,placement,0,UNSAT
model,d_systematic_sw,placement,0,OPTIMAL
model,f_both3,placement,0,UNSAT
model,f_random_hw,placement,0,UNSAT
model,f_sw3,placement,0,UNSAT
model,p_rasta,placement,0,UNSAT
model,pc_sobel,placement,0,UNSAT
model,v_nvp,placement,0,UNSAT
model,m_3app,placement,0,UNSAT
model,c_pat,sil_required,0,UNSAT
model,d_random_hw,sil_required,0,UNSAT
model,d_systematic_sw,sil_required,0,UNSAT
model,f_both3,sil_required,0,UNSAT
model,f_random_hw,sil_required,0,UNSAT
model,f_sw3,sil_required,0,UNSAT
model,p_rasta,sil_required,0,UNSAT
model,pc_sobel,sil_required,0,UNSAT
model,v_nvp,sil_required,0,UNSAT
model,m_3app,sil_required,0,UNSAT
model,c_pat,sil_core,0,OPTIMAL
model,d_random_hw,sil_core,0,OPTIMAL
model,d_systematic_sw,sil_core,0,OPTIMAL
model,f_both3,sil_core,0,OPTIMAL
model,f_random_hw,sil_core,0,OPTIMAL
model,f_sw3,sil_core,0,OPTIMAL
model,p_rasta,sil_core,0,OPTIMAL
model,pc_sobel,sil_core,0,OPTIMAL
model,v_nvp,sil_core,0,OPTIMAL
model,m_3app,sil_core,0,OPTIMAL
model,c_pat,type_ceiling,0,UNSAT
model,d_random_hw,type_ceiling,0,OPTIMAL
model,d_systematic_sw,type_ceiling,0,OPTIMAL
model,f_both3,type_ceiling,0,UNSAT
model,f_random_hw,type_ceiling,0,UNSAT
model,f_sw3,type_ceiling,0,UNSAT
model,p_rasta,type_ceiling,0,UNSAT
model,pc_sobel,type_ceiling,0,OPTIMAL
model,v_nvp,type_ceiling,0,UNSAT
model,m_3app,type_ceiling,0,UNSAT
model,c_pat,one_sil_per_core,0,UNSAT
model,d_random_hw,one_sil_per_core,0,UNSAT
model,d_systematic_sw,one_sil_per_core,0,UNSAT
model,f_both3,one_sil_per_core,0,UNSAT
model,f_random_hw,one_sil_per_core,0,UNSAT
model,f_sw3,one_sil_per_core,0,UNSAT
model,p_rasta,one_sil_per_core,0,UNSAT
model,pc_sobel,one_sil_per_core,0,UNSAT
model,v_nvp,one_sil_per_core,0,UNSAT
model,m_3app,one_sil_per_core,0,UNSAT
model,c_pat,partition_capability,0,UNSAT
model,d_random_hw,partition_capability,0,UNSAT
model,d_systematic_sw,partition_capability,0,UNSAT
model,f_both3,partition_capability,0,UNSAT
model,f_random_hw,partition_capability,0,UNSAT
model,f_sw3,partition_capability,0,UNSAT
model,p_rasta,partition_capability,0,OPTIMAL
model,pc_sobel,partition_capability,0,UNSAT
model,v_nvp,partition_capability,0,UNSAT
model,m_3app,partition_capability,0,UNSAT
model,c_pat,wcet_binding,0,UNSAT
model,d_random_hw,wcet_binding,0,UNSAT
model,d_systematic_sw,wcet_binding,0,UNSAT
model,f_both3,wcet_binding,0,UNSAT
model,f_random_hw,wcet_binding,0,UNSAT
model,f_sw3,wcet_binding,0,UNSAT
model,p_rasta,wcet_binding,0,UNSAT
model,pc_sobel,wcet_binding,0,UNSAT
model,v_nvp,wcet_binding,0,UNSAT
model,m_3app,wcet_binding,0,UNSAT
model,c_pat,channel_edges,0,OPTIMAL
model,d_random_hw,channel_edges,0,UNSAT
model,d_systematic_sw,channel_edges,0,UNSAT
model,f_both3,channel_edges,0,UNSAT
model,f_random_hw,channel_edges,0,UNSAT
model,f_sw3,channel_edges,0,UNSAT
model,p_rasta,channel_edges,0,OPTIMAL
model,pc_sobel,channel_edges,0,OPTIMAL
model,v_nvp,channel_edges,0,UNSAT
model,m_3app,channel_edges,0,UNSAT
model,c_pat,order_edges,0,UNSAT
model,d_random_hw,order_edges,0,UNSAT
model,d_systematic_sw,order_edges,0,UNSAT
model,f_both3,order_edges,0,UNSAT
model,f_random_hw,order_edges,0,UNSAT
model,f_sw3,order_edges,0,UNSAT
model,p_rasta,order_edges,0,UNSAT
model,pc_sobel,order_edges,0,OPTIMAL
model,v_nvp,order_edges,0,UNSAT
model,m_3app,order_edges,0,UNSAT
model,c_pat,wrap_edges,0,OPTIMAL
model,d_random_hw,wrap_edges,0,UNSAT
model,d_systematic_sw,wrap_edges,0,UNSAT
model,f_both3,wrap_edges,0,UNSAT
model,f_random_hw,wrap_edges,0,UNSAT
model,f_sw3,wrap_edges,0,UNSAT
model,p_rasta,wrap_edges,0,OPTIMAL
model,pc_sobel,wrap_edges,0,OPTIMAL
model,v_nvp,wrap_edges,0,OPTIMAL
model,m_3app,wrap_edges,0,UNSAT
model,c_pat,core_load,0,OPTIMAL
model,d_random_hw,core_load,0,OPTIMAL
model,d_systematic_sw,core_load,0,OPTIMAL
model,f_both3,core_load,0,OPTIMAL
model,f_random_hw,core_load,0,OPTIMAL
model,f_sw3,core_load,0,OPTIMAL
model,p_rasta,core_load,0,OPTIMAL
model,pc_sobel,core_load,0,OPTIMAL
model,v_nvp,core_load,0,OPTIMAL
model,m_3app,core_load,0,OPTIMAL
model,m_3app,shared_period,0,UNSAT
model,c_pat,comm_path,0,UNSAT
model,pc_sobel,comm_path,0,OPTIMAL
model,c_pat,activation,0,UNSAT
model,d_random_hw,activation,0,UNSAT
model,d_systematic_sw,activation,0,UNSAT
model,f_both3,activation,0,UNSAT
model,f_random_hw,activation,0,UNSAT
model,f_sw3,activation,0,UNSAT
model,p_rasta,activation,0,UNSAT
model,pc_sobel,activation,0,UNSAT
model,v_nvp,activation,0,UNSAT
model,m_3app,activation,0,UNSAT
model,c_pat,admissible_pattern,0,UNSAT
model,d_random_hw,admissible_pattern,0,UNSAT
model,d_systematic_sw,admissible_pattern,0,UNSAT
model,f_both3,admissible_pattern,0,UNSAT
model,f_random_hw,admissible_pattern,0,UNSAT
model,f_sw3,admissible_pattern,0,UNSAT
model,p_rasta,admissible_pattern,0,UNSAT
model,pc_sobel,admissible_pattern,0,UNSAT
model,v_nvp,admissible_pattern,0,UNSAT
model,m_3app,admissible_pattern,0,UNSAT
model,c_pat,one_order_per_core,0,OPTIMAL
model,d_random_hw,one_order_per_core,0,OPTIMAL
model,d_systematic_sw,one_order_per_core,0,OPTIMAL
model,f_both3,one_order_per_core,0,OPTIMAL
model,f_random_hw,one_order_per_core,0,OPTIMAL
model,f_sw3,one_order_per_core,0,OPTIMAL
model,p_rasta,one_order_per_core,0,OPTIMAL
model,pc_sobel,one_order_per_core,0,OPTIMAL
model,v_nvp,one_order_per_core,0,OPTIMAL
model,m_3app,one_order_per_core,0,OPTIMAL
model,c_pat,order_same_core,0,UNSAT
model,d_random_hw,order_same_core,0,UNSAT
model,d_systematic_sw,order_same_core,0,UNSAT
model,f_both3,order_same_core,0,UNSAT
model,f_random_hw,order_same_core,0,UNSAT
model,f_sw3,order_same_core,0,UNSAT
model,p_rasta,order_same_core,0,UNSAT
model,pc_sobel,order_same_core,0,OPTIMAL
model,v_nvp,order_same_core,0,UNSAT
model,m_3app,order_same_core,0,UNSAT
model,c_pat,memory,0,OPTIMAL
model,d_random_hw,memory,0,OPTIMAL
model,d_systematic_sw,memory,0,OPTIMAL
model,f_both3,memory,0,OPTIMAL
model,f_random_hw,memory,0,OPTIMAL
model,f_sw3,memory,0,OPTIMAL
model,p_rasta,memory,0,OPTIMAL
model,pc_sobel,memory,0,OPTIMAL
model,v_nvp,memory,0,OPTIMAL
model,m_3app,memory,0,OPTIMAL
