scenario,rep,target,objective_match,reason,status,seconds,build_seconds,target_period,periods,nprocs,verify_ok,nodes,published_period,published_proven,periods_solver,pin_status,pin_ok
exp_3_1_rajp,0,d_jpegEnc1,True,"target period >= 2524, other bounds <= 550",OPTIMAL,19.098,0.109,2524,"{""c_rasta"": 515, ""d_jpegEnc1"": 2524}",8,True,128,2524,True,"{""c_rasta"": 515, ""d_jpegEnc1"": 2524}",OPTIMAL,True
exp_3_2_sosura,0,c_rasta,False,"target period >= 235, other bounds <= 2050",skipped,,0.11,,,,,127,327,True,,,
exp_3_3_sosujp,0,d_jpegEnc1,True,"target period >= 2524, other bounds <= 2050",OPTIMAL,2829.286,0.109,2544,"{""a_sobel"": 397, ""b_susan"": 1192, ""d_jpegEnc1"": 2544}",8,True,151,2544,True,"{""a_sobel"": 397, ""b_susan"": 1192, ""d_jpegEnc1"": 2544}",OPTIMAL,True
exp_3_4_sorajp,0,d_jpegEnc1,True,"target period >= 2524, other bounds <= 550",SAT,3601.758,0.11,2544,"{""a_sobel"": 397, ""c_rasta"": 543, ""d_jpegEnc1"": 2544}",8,True,174,2544,True,"{""a_sobel"": 399, ""c_rasta"": 543, ""d_jpegEnc1"": 2544}",OPTIMAL,True
exp_3_5_surajp,0,d_jpegEnc1,True,"target period >= 2524, other bounds <= 2050",OPTIMAL,3312.455,0.118,2544,"{""b_susan"": 1192, ""c_rasta"": 515, ""d_jpegEnc1"": 2544}",8,True,157,2544,True,"{""b_susan"": 1192, ""c_rasta"": 515, ""d_jpegEnc1"": 2544}",OPTIMAL,True
exp_3_6_sosurajp,0,d_jpegEnc1,True,"target period >= 2524, other bounds <= 2050",OPTIMAL,35.763,0.121,3882,"{""a_sobel"": 397, ""b_susan"": 2025, ""c_rasta"": 515, ""d_jpegEnc1"": 3882}",8,True,203,3882,True,"{""a_sobel"": 397, ""b_susan"": 2025, ""c_rasta"": 515, ""d_jpegEnc1"": 3882}",OPTIMAL,True
exp_4_1_rajp,0,d_jpegEnc1,True,"target period >= 1388, other bounds <= 550",OPTIMAL,19.408,0.111,1388,"{""c_rasta"": 515, ""d_jpegEnc1"": 1388}",9,True,128,1388,True,"{""c_rasta"": 535, ""d_jpegEnc1"": 1388}",OPTIMAL,True
exp_4_2_sosujp,0,d_jpegEnc1,False,"target period >= 1388, other bounds <= 2050",skipped,,0.119,,,,,151,1766,False,,,
exp_4_3_sorajp,0,d_jpegEnc1,True,"target period >= 1388, other bounds <= 550",OPTIMAL,60.285,0.123,1766,"{""a_sobel"": 320, ""c_rasta"": 515, ""d_jpegEnc1"": 1766}",9,True,174,1766,False,"{""a_sobel"": 320, ""c_rasta"": 515, ""d_jpegEnc1"": 1766}",OPTIMAL,True
exp_4_4_surajp,0,d_jpegEnc1,False,"target period >= 1388, other bounds <= 2050",skipped,,0.118,,,,,157,1766,False,,,
exp_4_5_sosurajp,0,d_jpegEnc1,False,"target period >= 1388, other bounds <= 2050",skipped,,0.121,,,,,203,3302,False,,,
exp_3_1_rajp,1,d_jpegEnc1,True,"target period >= 2524, other bounds <= 550",OPTIMAL,17.782,0.111,2524,"{""c_rasta"": 543, ""d_jpegEnc1"": 2524}",8,True,128,2524,True,"{""c_rasta"": 543, ""d_jpegEnc1"": 2524}",OPTIMAL,True
exp_3_1_rajp,2,d_jpegEnc1,True,"target period >= 2524, other bounds <= 550",OPTIMAL,16.97,0.109,2524,"{""c_rasta"": 543, ""d_jpegEnc1"": 2524}",7,True,128,2524,True,"{""c_rasta"": 543, ""d_jpegEnc1"": 2524}",OPTIMAL,True
exp_3_1_rajp,3,d_jpegEnc1,True,"target period >= 2524, other bounds <= 550",OPTIMAL,18.149,0.102,2524,"{""c_rasta"": 543, ""d_jpegEnc1"": 2524}",8,True,128,2524,True,"{""c_rasta"": 550, ""d_jpegEnc1"": 2524}",OPTIMAL,True
exp_3_1_rajp,4,d_jpegEnc1,True,"target period >= 2524, other bounds <= 550",OPTIMAL,18.807,0.112,2524,"{""c_rasta"": 515, ""d_jpegEnc1"": 2524}",7,True,128,2524,True,"{""c_rasta"": 515, ""d_jpegEnc1"": 2524}",OPTIMAL,True
exp_3_6_sosurajp,1,d_jpegEnc1,True,"target period >= 2524, other bounds <= 2050",OPTIMAL,31.264,0.102,3882,"{""a_sobel"": 397, ""b_susan"": 2025, ""c_rasta"": 515, ""d_jpegEnc1"": 3882}",8,True,203,3882,True,"{""a_sobel"": 397, ""b_susan"": 2025, ""c_rasta"": 515, ""d_jpegEnc1"": 3882}",OPTIMAL,True
exp_3_6_sosurajp,2,d_jpegEnc1,True,"target period >= 2524, other bounds <= 2050",OPTIMAL,35.986,0.115,3882,"{""a_sobel"": 397, ""b_susan"": 2025, ""c_rasta"": 515, ""d_jpegEnc1"": 3882}",8,True,203,3882,True,"{""a_sobel"": 397, ""b_susan"": 2025, ""c_rasta"": 515, ""d_jpegEnc1"": 3882}",OPTIMAL,True
exp_3_6_sosurajp,3,d_jpegEnc1,True,"target period >= 2524, other bounds <= 2050",OPTIMAL,31.161,0.111,3882,"{""a_sobel"": 397, ""b_susan"": 2025, ""c_rasta"": 515, ""d_jpegEnc1"": 3882}",8,True,203,3882,True,"{""a_sobel"": 397, ""b_susan"": 2025, ""c_rasta"": 515, ""d_jpegEnc1"": 3882}",OPTIMAL,True
exp_3_6_sosurajp,4,d_jpegEnc1,True,"target period >= 2524, other bounds <= 2050",OPTIMAL,30.765,0.111,3882,"{""a_sobel"": 397, ""b_susan"": 2025, ""c_rasta"": 515, ""d_jpegEnc1"": 3882}",8,True,203,3882,True,"{""a_sobel"": 397, ""b_susan"": 2025, ""c_rasta"": 515, ""d_jpegEnc1"": 3882}",OPTIMAL,True
exp_4_1_rajp,1,d_jpegEnc1,True,"target period >= 1388, other bounds <= 550",OPTIMAL,21.88,0.106,1388,"{""c_rasta"": 543, ""d_jpegEnc1"": 1388}",9,True,128,1388,True,"{""c_rasta"": 544, ""d_jpegEnc1"": 1388}",OPTIMAL,True
exp_4_1_rajp,2,d_jpegEnc1,True,"target period >= 1388, other bounds <= 550",OPTIMAL,17.389,0.1,1388,"{""c_rasta"": 515, ""d_jpegEnc1"": 1388}",9,True,128,1388,True,"{""c_rasta"": 535, ""d_jpegEnc1"": 1388}",OPTIMAL,True
exp_4_1_rajp,3,d_jpegEnc1,True,"target period >= 1388, other bounds <= 550",OPTIMAL,17.759,0.107,1388,"{""c_rasta"": 515, ""d_jpegEnc1"": 1388}",9,True,128,1388,True,"{""c_rasta"": 535, ""d_jpegEnc1"": 1388}",OPTIMAL,True
exp_4_1_rajp,4,d_jpegEnc1,True,"target period >= 1388, other bounds <= 550",OPTIMAL,16.397,0.106,1388,"{""c_rasta"": 543, ""d_jpegEnc1"": 1388}",9,True,128,1388,True,"{""c_rasta"": 543, ""d_jpegEnc1"": 1388}",OPTIMAL,True
exp_4_3_sorajp,1,d_jpegEnc1,True,"target period >= 1388, other bounds <= 550",OPTIMAL,64.829,0.101,1766,"{""a_sobel"": 320, ""c_rasta"": 543, ""d_jpegEnc1"": 1766}",9,True,174,1766,False,"{""a_sobel"": 320, ""c_rasta"": 543, ""d_jpegEnc1"": 1766}",OPTIMAL,True
exp_4_3_sorajp,2,d_jpegEnc1,True,"target period >= 1388, other bounds <= 550",OPTIMAL,67.287,0.108,1766,"{""a_sobel"": 329, ""c_rasta"": 543, ""d_jpegEnc1"": 1766}",9,True,174,1766,False,"{""a_sobel"": 383, ""c_rasta"": 543, ""d_jpegEnc1"": 1766}",OPTIMAL,True
exp_4_3_sorajp,3,d_jpegEnc1,True,"target period >= 1388, other bounds <= 550",OPTIMAL,92.581,0.109,1766,"{""a_sobel"": 397, ""c_rasta"": 515, ""d_jpegEnc1"": 1766}",9,True,174,1766,False,"{""a_sobel"": 397, ""c_rasta"": 515, ""d_jpegEnc1"": 1766}",OPTIMAL,True
exp_4_3_sorajp,4,d_jpegEnc1,True,"target period >= 1388, other bounds <= 550",OPTIMAL,82.598,0.111,1766,"{""a_sobel"": 397, ""c_rasta"": 543, ""d_jpegEnc1"": 1766}",9,True,174,1766,False,"{""a_sobel"": 397, ""c_rasta"": 543, ""d_jpegEnc1"": 1766}",OPTIMAL,True
